"leg_id","timestamp_utc","from_key","to_key","from_name","to_name","transport","route_source","route_confidence"
"1","2023-10-02 22:00:05","1696284004000","1696284005000","Tarragona beach","Tarragona beach","foot","arcgis","existing"
"2","2023-10-16 15:50:21","1697320809000","1697471421000","Gibraltar","Gibraltar","foot","arcgis","existing"
"3","2023-12-14 23:05:00","1702594980000","1702595100000","Valle Gran Rey","Playa Ingles","foot","arcgis","existing"
"4","2023-09-27 22:00:05","1695852004000","1695852005000","Aix-en-Provence outskirts","Aix-en-Provence","foot","arcgis","existing"
"5","2023-09-26 22:00:05","1695765603000","1695765605000","Albisola","Albisola","foot","arcgis","existing"
"6","2023-09-28 22:00:05","1695938404000","1695938405000","Montpellier","Montpellier","foot","arcgis","existing"
"7","2023-10-03 22:00:01","1696284005000","1696370401000","Tarragona beach","Tarragona beach","foot","arcgis","existing"
"8","2023-10-13 22:00:04","1697234401000","1697234404000","Malaga","Malaga","foot","arcgis","existing"
"9","2024-02-18 23:00:00","1708210980000","1708297200000","Corralejo","Corallejo","foot","arcgis","existing"
"10","2023-12-30 23:01:00","1703977200000","1703977260000","La Caleta","Cave","foot","arcgis","existing"
"11","2023-10-21 22:00:00","1697817294000","1697925600000","The Jungle","La Esteponera","foot","arcgis","existing"
"12","2023-12-20 23:06:00","1703113440000","1703113560000","La Caleta","Cave","foot","arcgis","existing"
"13","2023-12-18 23:01:00","1702940400000","1702940460000","Medio Beach","Hippie Cave","foot","arcgis","existing"
"14","2023-10-30 23:00:00","1698530406000","1698706800000","Ceuta","Ceuta Bus","foot","arcgis","existing"
"17","2023-12-19 23:02:00","1703026800000","1703026920000","San Sebastian Port","Los Christianos Port","ferry","arcgis","existing"
"18","2023-10-28 22:00:01","1698530400000","1698530401000","Algeciras","Ceuta","ferry","arcgis","existing"
"21","2023-10-02 22:00:03","1696284001000","1696284003000","Tarragona","Tarragona outskirts","foot","arcgis","existing"
"22","2023-11-10 17:39:58","1699527600000","1699637998000","Ceuta - La Graciosa, Day 3","Ceuta - La Graciosa, Day 4","boat","arcgis","existing"
"23","2023-11-17 23:00:04","1700262003000","1700262004000","Maspalmos","Maspalomas Dunes","foot","arcgis","existing"
"24","2023-11-18 23:00:00","1700262004000","1700348400000","Maspalomas Dunes","Las Palmas de Abajo","foot","arcgis","existing"
"25","2023-12-14 23:00:00","1702508520000","1702594800000","Cave","La Caleta","foot","arcgis","existing"
"26","2023-10-11 22:00:07","1697061606000","1697061607000","San Vincente","San Vincente","foot","arcgis","existing"
"27","2023-11-23 23:00:02","1700780401000","1700780402000","Valle Gran Rey","Playa Ingles","foot","arcgis","existing"
"28","2023-10-01 22:00:05","1696197604000","1696197605000","Barcelona","Molins de Rei","foot","arcgis","existing"
"29","2023-12-03 23:00:00","1701471604000","1701644400000","San Sebastian","San Sebastian Marina","foot","arcgis","existing"
"30","2023-12-14 23:02:00","1702594860000","1702594920000","Los Christianos Port","San Sebastian Port","ferry","arcgis","existing"
"31","2023-10-20 15:54:54","1697471421000","1697817294000","Gibraltar","The Jungle","foot","arcgis","existing"
"32","2024-02-17 23:00:00","1708124940000","1708210800000","Cotillo Beach","Cotillo","foot","arcgis","existing"
"33","2023-12-09 23:00:01","1702162800000","1702162801000","Las Lajas","Las Lajas","foot","arcgis","existing"
"35","2024-02-22 23:00:00","1708556400000","1708642800000","Playa de la Hermosas","La Pared","foot","arcgis","existing"
"36","2023-12-13 23:02:00","1702508460000","1702508520000","La Caleta","Cave","foot","arcgis","existing"
"37","2024-03-27 23:00:00","1711494780000","1711580400000","Santa Maria beach","Santa Maria","foot","arcgis","existing"
"38","2024-05-06 22:00:00","1714946880000","1715032800000","Kiel - Carola","Kiel","foot","arcgis","existing"
"39","2024-02-29 23:03:00","1709247660000","1709247780000","Arecife outskirts","Arecife outskirts","foot","arcgis","existing"
"40","2024-02-16 23:09:00","1708124880000","1708124940000","Cotillo","Cotillo Beach","foot","arcgis","existing"
"42","2023-11-21 23:00:00","1700434800000","1700607600000","Playa de Tauro","San Sebastian Port","boat","arcgis","existing"
"43","2023-11-13 23:00:01","1699916400000","1699916401000","La Graciosa - Las Palmas, Day 2","Las Palmas","foot","arcgis","existing"
"44","2024-02-24 23:03:00","1708815660000","1708815780000","Playa Blanca","Playa Mujeres","foot","arcgis","existing"
"45","2024-02-27 23:05:00","1709075040000","1709075100000","Famara","Famara dunes","foot","arcgis","existing"
"46","2023-11-13 23:00:00","1699830000000","1699916400000","La Graciosa - Las Palmas, Day 1","La Graciosa - Las Palmas, Day 2","boat","arcgis","existing"
"47","2024-02-29 23:00:00","1709161800000","1709247600000","La Concha","Playa Honda","foot","arcgis","existing"
"48","2024-02-29 23:07:00","1709247900000","1709248020000","Arecife - Las Palmas","SY Thinking of Dave","ferry","arcgis","existing"
"50","2024-03-15 23:00:00","1710457680000","1710543600000","Fontainhas","Cruzinha","foot","arcgis","existing"
"51","2024-02-25 23:03:00","1708902060000","1708902180000","Puerto Calero","Playa Quemada","foot","arcgis","existing"
"52","2024-02-25 23:00:00","1708815780000","1708902000000","Playa Mujeres","Marina Rubicon","foot","arcgis","existing"
"53","2024-03-22 23:00:00","1710544140000","1711148400000","Mindelo Marina","Mindelp - Sal, Day 1","boat","arcgis","existing"
"54","2024-04-13 22:00:00","1712959680000","1713045600000","Cap","Outside of Cap","foot","arcgis","existing"
"55","2023-12-05 23:00:05","1701817204000","1701817205000","Las Galettas","Las Galettas Beach","foot","arcgis","existing"
"56","2023-12-03 23:00:03","1701644401000","1701644403000","Los Christianos","Los Christianos Beach","foot","arcgis","existing"
"57","2024-03-12 23:06:00","1710284640000","1710284760000","Cova Paul","Pico da Cruz","foot","arcgis","existing"
"58","2024-02-18 23:08:00","1708297620000","1708297680000","Autovia","Playa el Salmo","foot","arcgis","existing"
"60","2023-11-18 23:00:06","1700348405000","1700348406000","Random playa","Random beach","foot","arcgis","existing"
"61","2023-11-23 23:00:00","1700608801000","1700780400000","San Sebastian","San Sebastian Outskirts","foot","arcgis","existing"
"62","2023-12-01 23:00:00","1701385200000","1701471600000","Los Chapines","Vallehermoso","foot","arcgis","existing"
"63","2024-05-14 22:06:00","1715724240000","1715724360000","Bad Schandau","Bad Schandau","foot","arcgis","existing"
"64","2024-03-14 23:08:00","1710457620000","1710457680000","Ponta do Sol","Fontainhas","foot","arcgis","existing"
"65","2023-11-21 23:20:01","1700607600000","1700608801000","San Sebastian Port","San Sebastian","foot","arcgis","existing"
"67","2023-10-28 22:00:06","1698530401000","1698530406000","Ceuta","Ceuta","foot","arcgis","existing"
"68","2023-11-29 23:00:04","1701298802000","1701298804000","Middle of the island","Middle of the island","foot","arcgis","existing"
"69","2024-04-05 22:07:00","1712354700000","1712354820000","Dakhla","Dakhla","foot","arcgis","existing"
"70","2024-05-02 22:01:00","1714687200000","1714687260000","La Courneuve","Reststop Courneuve","foot","arcgis","existing"
"71","2023-12-01 23:00:04","1701471603000","1701471604000","San Sebastian","San Sebastian","foot","arcgis","existing"
"72","2024-03-28 23:12:00","1711667460000","1711667520000","Dakar","Khalil's house","foot","arcgis","existing"
"73","2023-11-29 23:00:00","1700780402000","1701298800000","Playa Ingles","La Calera","foot","arcgis","existing"
"74","2023-11-12 23:00:00","1699717800000","1699830000000","La Graciosa","La Graciosa - Las Palmas, Day 1","boat","arcgis","existing"
"75","2024-04-25 22:01:00","1714082400000","1714082460000","Madrid outskirts north","Madrid outskirts autovia","foot","arcgis","existing"
"76","2023-12-03 23:00:01","1701644400000","1701644401000","San Sebastian Marina","Los Christianos","boat","arcgis","existing"
"77","2024-02-15 23:03:00","1708038060000","1708038180000","Ajuy","Playa Solapa","foot","arcgis","existing"
"78","2023-11-09 11:00:00","1699441200000","1699527600000","Ceuta - La Graciosa, Day 2","Ceuta - La Graciosa, Day 3","boat","arcgis","existing"
"80","2024-04-12 22:08:00","1712959620000","1712959680000","Cap","Cap","foot","arcgis","existing"
"81","2024-03-13 23:00:00","1710284760000","1710370800000","Pico da Cruz","Praia di Gi","foot","arcgis","existing"
"82","2024-02-28 23:10:00","1709161740000","1709161800000","Playa Honda","La Concha","foot","arcgis","existing"
"83","2023-09-28 22:00:04","1695938403000","1695938404000","Montpellier Est","Montpellier","car","arcgis","existing"
"84","2024-02-17 23:03:00","1708210860000","1708210980000","Corralejo","Corralejo","foot","arcgis","existing"
"85","2024-05-13 22:00:00","1715551860000","1715637600000","Next to rest stop","Rest stop Madgeburg","foot","arcgis","existing"
"86","2023-11-29 23:00:07","1701298805000","1701298807000","Vallehermoso outskirts","Vallehermoso","foot","arcgis","existing"
"87","2024-03-02 23:00:00","1709248020000","1709420400000","SY Thinking of Dave","Las Palmas - Mindelo, Day 1","boat","arcgis","existing"
"88","2023-11-30 23:00:00","1701298807000","1701385200000","Vallehermoso","Los Chapines","foot","arcgis","existing"
"89","2024-02-21 23:00:00","1708470060000","1708556400000","Cave","Playa de la Hermosas","foot","arcgis","existing"
"90","2024-02-25 23:01:00","1708902000000","1708902060000","Marina Rubicon","Puerto Calero","boat","arcgis","existing"
"91","2024-03-26 23:13:00","1711494120000","1711494780000","Santa Maria","Santa Maria beach","foot","arcgis","existing"
"93","2024-03-23 23:00:00","1711148400000","1711234800000","Mindelp - Sal, Day 1","Palmeira anchorage","boat","arcgis","existing"
"94","2024-04-09 22:03:00","1712700060000","1712700180000","Agadir outskirts","Agadir outskirts","foot","arcgis","existing"
"95","2023-12-05 23:00:03","1701817201000","1701817203000","El Teide","Montana Blanca","foot","arcgis","existing"
"96","2024-04-14 22:07:00","1713132360000","1713132420000","Rest area","Rest stop","foot","arcgis","existing"
"97","2023-10-14 22:00:09","1697320808000","1697320809000","La Linea de la Conception","Gibraltar","foot","arcgis","existing"
"98","2024-02-29 23:05:00","1709247840000","1709247900000","Arecife port","Arecife - Las Palmas","ferry","arcgis","existing"
"99","2023-10-22 22:00:00","1697925600000","1698012000000","La Esteponera","The Jungle","foot","arcgis","existing"
"100","2024-05-05 22:08:00","1714946820000","1714946880000","Kiel","Kiel - Carola","foot","arcgis","existing"
"101","2024-05-03 22:10:00","1714774140000","1714774200000","DÃƒÂ¼sseldorf","Lola","foot","arcgis","existing"
"102","2023-11-19 23:00:00","1700348406000","1700434800000","Random beach","Playa de Tauro","foot","arcgis","existing"
"103","2023-10-03 22:00:12","1696370411000","1696370412000","Valencia","Valencia","foot","arcgis","existing"
"104","2024-04-11 22:02:00","1712872860000","1712872920000","Imsouane","Imsouane","foot","arcgis","existing"
"105","2024-05-12 22:00:00","1715464980000","1715551200000","MalmÃƒÂ¶ ferry port","TravermÃƒÂ¼nde","ferry","arcgis","existing"
"106","2024-04-12 22:00:00","1712872920000","1712959200000","Imsouane","Imsouane exit","foot","arcgis","existing"
"107","2024-04-13 22:07:00","1713045960000","1713046020000","Casalanca Park","Casablanca","foot","arcgis","existing"
"108","2024-02-26 23:00:00","1708902180000","1708988400000","Playa Quemada","Playa Quemada","foot","arcgis","existing"
"109","2023-12-27 23:00:00","1703631660000","1703718000000","Playa Teresitas","Playa Benijo","rentalCar","arcgis","existing"
"110","2024-05-05 22:00:00","1714860420000","1714946400000","Marie","Enschede","foot","arcgis","existing"
"111","2023-12-05 23:00:01","1701817200000","1701817201000","Montana Blanca","El Teide","foot","arcgis","existing"
"112","2024-04-22 22:00:00","1713737100000","1713823200000","Malaga Castillo","Gasolina autovia","foot","arcgis","existing"
"113","2024-03-06 23:00:00","1709679600000","1709766000000","Las Palmas - Mindelo, Day 4","Las Palmas - Mindelo, Day 5","boat","arcgis","existing"
"114","2024-05-06 22:08:00","1715033100000","1715033280000","Folkets Park","MalmÃƒÂ¶ train station","foot","arcgis","existing"
"115","2024-03-04 23:00:00","1709506800000","1709593200000","Las Palmas - Mindelo, Day 2","Las Palmas - Mindelo, Day 3","boat","arcgis","existing"
"116","2024-04-15 22:00:00","1713132780000","1713218400000","The Jungle","La Linea","foot","arcgis","existing"
"117","2024-04-15 22:03:00","1713218460000","1713218580000","Malaga airport","Malaga Airport","foot","arcgis","existing"
"118","2024-04-14 22:11:00","1713132600000","1713132660000","Tanger port","Tarifa","ferry","arcgis","existing"
"119","2023-12-11 23:00:01","1702335600000","1702335601000","Marina Amarilla","San Miguel","foot","arcgis","existing"
"120","2024-03-03 23:00:00","1709420400000","1709506800000","Las Palmas - Mindelo, Day 1","Las Palmas - Mindelo, Day 2","boat","arcgis","existing"
"121","2024-05-13 22:06:00","1715637900000","1715637960000","Festung KÃƒÂ¶nigsstein","Quirl","foot","arcgis","existing"
"122","2024-05-06 22:04:00","1715032980000","1715033040000","MalmÃƒÂ¶ outskirts","MalmÃƒÂ¶ Ikea","foot","arcgis","existing"
"123","2023-12-19 23:00:00","1702940460000","1703026800000","Hippie Cave","San Sebastian Port","friends","arcgis","existing"
"124","2024-04-03 22:00:00","1712009220000","1712181600000","Fishing village","Middle of nowhere","foot","arcgis","existing"
"125","2024-04-21 22:00:00","1713564060000","1713736800000","Charco de la virgen","Tolox","foot","arcgis","existing"
"126","2024-04-25 22:08:00","1714082820000","1714082880000","Bilbao","Bilbao - Kristina","foot","arcgis","existing"
"127","2024-04-01 00:01:00","1711667520000","1711929660000","Khalil's house","Dakar Autovia","foot","arcgis","existing"
"128","2024-02-24 23:01:00","1708815600000","1708815660000","Corralejo port","Playa Blanca","ferry","arcgis","existing"
"129","2024-04-14 22:13:00","1713132720000","1713132780000","La Linea","The Jungle","foot","arcgis","existing"
"130","2024-05-15 22:03:00","1715810520000","1715810580000","Usti nad Labem","Usti nad Labem highway","foot","arcgis","existing"
"131","2024-03-07 23:00:00","1709766000000","1709852400000","Las Palmas - Mindelo, Day 5","Las Palmas - Mindelo, Day 6","boat","arcgis","existing"
"132","2024-03-05 23:00:00","1709593200000","1709679600000","Las Palmas - Mindelo, Day 3","Las Palmas - Mindelo, Day 4","boat","arcgis","existing"
"133","2024-05-12 22:09:00","1715551680000","1715551740000","Hannover","Rest stop Hannover","foot","arcgis","existing"
"134","2024-02-23 23:06:00","1708729500000","1708729560000","Corralejo","Corralejo","foot","arcgis","existing"
"135","2024-02-20 23:01:00","1708470000000","1708470060000","Playa Garcey","Cave","foot","arcgis","existing"
"137","2024-05-14 22:00:00","1715637960000","1715724000000","Quirl","KÃƒÂ¶nigstein","foot","arcgis","existing"
"138","2023-09-27 22:00:00","1695765605000","1695852000000","Albisola","Savona","car","arcgis","existing"
"139","2024-04-14 22:10:00","1713132540000","1713132600000","Tanger port","Tanger port","foot","arcgis","existing"
"140","2024-05-19 22:05:00","1716156240000","1716156300000","Heilsbronn","Bonnhof","foot","arcgis","existing"
"141","2024-05-15 22:10:00","1715810700000","1715811000000","Prague","Prague","foot","arcgis","existing"
"142","2024-05-04 22:07:00","1714860300000","1714860420000","Enschede Highway","Marie","foot","arcgis","existing"
"143","2024-02-14 23:00:00","1707865200000","1707951600000","Tenerife - Fuerteventura, Day 1","Gran Tarajal","boat","arcgis","existing"
"144","2024-03-10 23:00:00","1710025200000","1710111600000","Las Palmas - Mindelo, Day 8","Mindelo Marina","boat","arcgis","existing"
"145","2024-02-24 23:00:00","1708729560000","1708815600000","Corralejo","Corralejo port","foot","arcgis","existing"
"146","2024-03-09 23:00:00","1709938800000","1710025200000","Las Palmas - Mindelo, Day 7","Las Palmas - Mindelo, Day 8","boat","arcgis","existing"
"147","2024-04-21 22:05:00","1713736980000","1713737100000","Malaga ourskirts","Malaga Castillo","foot","arcgis","existing"
"148","2023-10-01 22:00:02","1696197601000","1696197602000","Figueres","Macanet de Selva","car","arcgis","existing"
"149","2024-04-01 22:07:00","1712009160000","1712009220000","Middle of nowhere","Fishing village","foot","arcgis","existing"
"150","2024-04-22 22:03:00","1713823260000","1713823380000","Estacion de servicio","Middle of nowhere","foot","arcgis","existing"
"151","2024-04-19 22:01:00","1713564000000","1713564060000","Tolox","Charco de la virgen","foot","arcgis","existing"
"152","2024-04-14 22:00:00","1713046020000","1713132000000","Casablanca","Casablanca highway entrance","foot","arcgis","existing"
"153","2024-03-08 23:00:00","1709852400000","1709938800000","Las Palmas - Mindelo, Day 6","Las Palmas - Mindelo, Day 7","boat","arcgis","existing"
"154","2024-03-12 23:02:00","1710284460000","1710284520000","Porto Novo port","Porto Novo","foot","arcgis","existing"
"155","2024-05-12 22:03:00","1715551260000","1715551380000","Rest stop","Forest next to rest stop","foot","arcgis","existing"
"156","2024-03-28 23:00:00","1711580940000","1711666800000","Shark Bay","Pedra Lume","foot","arcgis","existing"
"157","2024-02-26 23:04:00","1708988580000","1708988640000","Arecife","Arecife Marina","foot","arcgis","existing"
"158","2024-03-12 23:00:00","1710111600000","1710284400000","Mindelo Marina","Mindelo Port","foot","arcgis","existing"
"159","2024-03-12 23:01:00","1710284400000","1710284460000","Mindelo Port","Porto Novo port","ferry","arcgis","existing"
"160","2024-05-12 22:05:00","1715551380000","1715551500000","Forest next to rest stop","Rest stop","foot","arcgis","existing"
"161","2024-03-27 23:09:00","1711580820000","1711580940000","Pedra Lume","Shark Bay","foot","arcgis","existing"
"162","2023-09-28 22:00:01","1695938400000","1695938401000","Arles","Nimes","car","arcgis","existing"
"163","2024-04-01 22:04:00","1712008980000","1712009040000","Border Mauritania","Border Mauritania","foot","arcgis","existing"
"164","2024-05-12 22:11:00","1715551800000","1715551860000","Rest stop Magdeburg","Next to rest stop","foot","arcgis","existing"
"165","2024-03-28 23:10:00","1711666980000","1711667400000","Sal Airport","Dakar Airport","plane","arcgis","existing"
"166","2024-03-24 23:00:00","1711234800000","1711321200000","Palmeira anchorage","Palmeira beach","foot","arcgis","existing"
"167","2024-03-15 23:09:00","1710544020000","1710544140000","Mindelo port","Mindelo Marina","foot","arcgis","existing"
"168","2024-04-24 22:00:00","1713909660000","1713996000000","Madrid","Madrid","foot","arcgis","existing"
"169","2024-02-28 23:07:00","1709161560000","1709161620000","Yaiza","Yaiza Autovia","foot","arcgis","existing"
"170","2024-03-15 23:07:00","1710543840000","1710544020000","Porto Novo port","Mindelo port","ferry","arcgis","existing"
"171","2023-12-18 23:00:00","1702767600000","1702940400000","Playa Ingles","Medio Beach","friends","arcgis","existing"
"172","2023-10-03 22:00:05","1696370404000","1696370405000","Tarragona autostrada","Cambrils","car","arcgis","existing"
"173","2023-10-03 22:00:04","1696370403000","1696370404000","Tarragona","Tarragona autostrada","car","arcgis","existing"
"174","2023-09-27 22:00:03","1695852001000","1695852003000","Le Luc","Aix-en-Provence","car","arcgis","existing"
"175","2023-12-15 23:00:00","1702595100000","1702681200000","Playa Ingles","Mirador de El Santo","friends","arcgis","existing"
"176","2023-10-02 22:00:00","1696197605000","1696284000000","Molins de Rei","Gelida","car","arcgis","existing"
"177","2023-09-27 22:00:04","1695852003000","1695852004000","Aix-en-Provence","Aix-en-Provence outskirts","car","arcgis","existing"
"178","2023-09-28 22:00:03","1695938401000","1695938403000","Nimes","Montpellier Est","car","arcgis","existing"
"179","2023-10-03 22:00:06","1696370405000","1696370406000","Cambrils","Amposta","car","arcgis","existing"
"180","2023-10-01 22:00:00","1695938405000","1696197600000","Montpellier","Perpignan","car","arcgis","existing"
"181","2023-09-28 22:00:00","1695852005000","1695938400000","Aix-en-Provence","Arles","car","arcgis","existing"
"182","2023-12-19 23:03:00","1703026920000","1703026980000","Los Christianos Port","Los Christianos Beach","friends","arcgis","existing"
"183","2023-10-02 22:00:01","1696284000000","1696284001000","Gelida","Tarragona","car","arcgis","existing"
"184","2023-10-03 22:00:03","1696370401000","1696370403000","Tarragona beach","Tarragona","car","arcgis","existing"
"185","2023-12-20 23:03:00","1703113260000","1703113380000","Puerto de la Cruz","Santa Cruz","rentalCar","arcgis","existing"
"186","2023-10-02 22:00:04","1696284003000","1696284004000","Tarragona outskirts","Tarragona beach","car","arcgis","existing"
"187","2023-12-16 23:00:00","1702681200000","1702767600000","Mirador de El Santo","Playa Ingles","friends","arcgis","existing"
"188","2023-09-26 22:00:01","1695765600000","1695765601000","Calmasino","Sirmione","car","arcgis","existing"
"189","2023-10-01 22:00:01","1696197600000","1696197601000","Perpignan","Figueres","car","arcgis","existing"
"190","2023-10-30 23:00:03","1698706801000","1698706803000","Ceuta border","Tetouan","bus","arcgis","existing"
"191","2023-10-01 22:00:04","1696197602000","1696197604000","Macanet de Selva","Barcelona","car","arcgis","existing"
"192","2023-12-12 23:00:01","1702335601000","1702422001000","San Miguel","Los Christianos Beach","bus","arcgis","existing"
"193","2023-11-18 23:00:05","1700348403000","1700348405000","El Tablero","Random playa","car","arcgis","existing"
"194","2023-12-20 23:01:00","1703113200000","1703113260000","Santiago de Teide","Puerto de la Cruz","friends","arcgis","existing"
"195","2023-11-18 23:00:01","1700348400000","1700348401000","Las Palmas de Abajo","Sonneland","car","arcgis","existing"
"196","2023-12-14 23:01:00","1702594800000","1702594860000","La Caleta","Los Christianos Port","friends","arcgis","existing"
"197","2024-02-16 23:00:00","1708038180000","1708124400000","Playa Solapa","Pajara","car","arcgis","existing"
"198","2023-11-17 23:00:00","1699916401000","1700262000000","Las Palmas","Telde","car","arcgis","existing"
"199","2023-11-17 23:00:03","1700262000000","1700262003000","Telde","Maspalmos","car","arcgis","existing"
"200","2023-10-03 22:00:08","1696370407000","1696370408000","Vinaros autovia","Vinaros","car","arcgis","existing"
"201","2023-11-01 23:00:01","1698706803000","1698879601000","Tetouan","Ceuta border","bus","arcgis","existing"
"202","2024-02-15 23:01:00","1708038000000","1708038060000","Tuneje","Ajuy","car","arcgis","existing"
"203","2023-12-13 23:01:00","1702508400000","1702508460000","Playa de San Juan","La Caleta","friends","arcgis","existing"
"204","2023-10-11 22:00:06","1697061605000","1697061606000","Alicante outskirts","San Vincente","car","arcgis","existing"
"205","2023-10-12 22:00:08","1697148007000","1697148008000","Macael","Olula del Rio","car","arcgis","existing"
"206","2023-10-28 22:00:00","1698012000000","1698530400000","The Jungle","Algeciras","bus","arcgis","existing"
"209","2023-10-12 22:00:06","1697148005000","1697148006000","Puerto Lumbreras","Vera","car","arcgis","existing"
"210","2024-02-16 23:08:00","1708124820000","1708124880000","Lajares","Cotillo","car","arcgis","existing"
"211","2023-10-03 22:00:11","1696370410000","1696370411000","Valencia autostrada","Valencia","car","arcgis","existing"
"212","2023-10-03 22:00:09","1696370408000","1696370409000","Vinaros","Oropesa","car","arcgis","existing"
"213","2023-10-14 22:00:04","1697320802000","1697320804000","Cala de Mijas","Marbella","car","arcgis","existing"
"214","2023-10-03 22:00:07","1696370406000","1696370407000","Amposta","Vinaros autovia","car","arcgis","existing"
"215","2023-10-14 22:00:06","1697320804000","1697320806000","Marbella","Marbella bus terminal","car","arcgis","existing"
"216","2023-10-11 22:00:01","1697061600000","1697061601000","Denia","Benisa","car","arcgis","existing"
"217","2023-10-12 22:00:03","1697148002000","1697148003000","La Paz","Alhama de Murcia","car","arcgis","existing"
"218","2024-02-16 23:01:00","1708124400000","1708124460000","Pajara","Betancuria","car","arcgis","existing"
"219","2024-02-16 23:05:00","1708124640000","1708124700000","Llanos de La Conception","Tefia","car","arcgis","existing"
"220","2024-02-16 23:04:00","1708124460000","1708124640000","Betancuria","Llanos de La Conception","car","arcgis","existing"
"221","2024-02-16 23:07:00","1708124760000","1708124820000","El Caidero","Lajares","car","arcgis","existing"
"222","2023-12-30 23:00:00","1703890800000","1703977200000","El Medano","La Caleta","rentalCar","arcgis","existing"
"223","2023-10-11 22:00:03","1697061601000","1697061603000","Benisa","Altea","car","arcgis","existing"
"224","2023-10-12 22:00:02","1697148000000","1697148002000","Murcia","La Paz","car","arcgis","existing"
"225","2023-11-29 23:00:01","1701298800000","1701298801000","La Calera","El Guro","car","arcgis","existing"
"226","2024-02-18 23:01:00","1708297200000","1708297260000","Corallejo","Puerto de Rosario","car","arcgis","existing"
"227","2024-02-27 23:04:00","1709074980000","1709075040000","Soo","Famara","car","arcgis","existing"
"228","2023-12-26 23:00:00","1703545260000","1703631600000","Las Lajas","Teide","rentalCar","arcgis","existing"
"229","2023-10-14 22:00:08","1697320807000","1697320808000","San Roque","La Linea de la Conception","car","arcgis","existing"
"230","2023-11-29 23:00:02","1701298801000","1701298802000","El Guro","Middle of the island","car","arcgis","existing"
"231","2023-12-06 23:00:00","1701817205000","1701903600000","Las Galettas Beach","Los Christianos Beach","rentalCar","arcgis","existing"
"232","2023-11-29 23:00:05","1701298804000","1701298805000","Middle of the island","Vallehermoso outskirts","car","arcgis","existing"
"233","2024-02-17 23:01:00","1708210800000","1708210860000","Cotillo","Corralejo","car","arcgis","existing"
"234","2023-12-01 23:00:01","1701471600000","1701471601000","Vallehermoso","Agulo","car","arcgis","existing"
"235","2023-10-14 22:00:02","1697320800000","1697320802000","Fuengirola","Cala de Mijas","car","arcgis","existing"
"236","2024-02-28 23:01:00","1709161200000","1709161260000","San Bartolome","Tiagua","car","arcgis","existing"
"237","2024-02-28 23:00:00","1709075100000","1709161200000","Famara dunes","San Bartolome","car","arcgis","existing"
"238","2024-03-14 23:05:00","1710457380000","1710457500000","Paul Valley","Paul outskirts","bus","arcgis","existing"
"239","2024-02-19 23:00:00","1708297680000","1708383600000","Playa el Salmo","Yeremi's house","car","arcgis","existing"
"240","2024-02-29 23:04:00","1709247780000","1709247840000","Arecife outskirts","Arecife port","car","arcgis","existing"
"241","2024-03-13 23:04:00","1710370860000","1710371040000","Paul","Praja di Gi","car","arcgis","existing"
"242","2024-02-28 23:09:00","1709161680000","1709161740000","Llanitos","Playa Honda","car","arcgis","existing"
"243","2024-04-05 22:02:00","1712354460000","1712354520000","Crossroads to Dakhla","Border Mauritania-Morocco","truck","arcgis","existing"
"244","2024-02-20 23:00:00","1708383600000","1708470000000","Yeremi's house","Playa Garcey","car","arcgis","existing"
"245","2024-03-27 23:02:00","1711580400000","1711580520000","Santa Maria","Vila Verde","car","arcgis","existing"
"246","2023-11-18 23:00:03","1700348401000","1700348403000","Sonneland","El Tablero","car","arcgis","existing"
"247","2024-04-03 22:01:00","1712181600000","1712181660000","Middle of nowhere","Nouakchott outskirts","car","arcgis","existing"
"248","2024-03-27 23:04:00","1711580520000","1711580640000","Vila Verde","Santa Maria","car","arcgis","existing"
"249","2024-04-01 22:06:00","1712009100000","1712009160000","Tiguent","Middle of nowhere","car","arcgis","existing"
"250","2024-03-14 23:03:00","1710457200000","1710457380000","Paul","Paul Valley","bus","arcgis","existing"
"251","2024-04-01 00:02:00","1711929660000","1711929720000","Dakar Autovia","Aire ","car","arcgis","existing"
"252","2024-04-03 22:03:00","1712181720000","1712181780000","Nouakchott","Nouakchott outskirts","car","arcgis","existing"
"253","2024-03-26 23:02:00","1711494000000","1711494120000","Espargo","Santa Maria","car","arcgis","existing"
"254","2024-03-26 23:00:00","1711321200000","1711494000000","Palmeira beach","Espargo","car","arcgis","existing"
"255","2024-04-01 22:03:00","1712008920000","1712008980000","Crossing to National Park","Border Mauritania","car","arcgis","existing"
"256","2024-03-14 23:07:00","1710457560000","1710457620000","Ribeira Grande","Ponta do Sol","bus","arcgis","existing"
"257","2024-04-09 00:00:00","1712354820000","1712620800000","Dakhla","Dakhla outskirts","car","arcgis","existing"
"258","2024-04-09 22:01:00","1712700000000","1712700060000","Soualem","Agadir outskirts","car","arcgis","existing"
"259","2024-04-03 22:02:00","1712181660000","1712181720000","Nouakchott outskirts","Nouakchott","car","arcgis","existing"
"260","2024-04-09 00:02:00","1712620860000","1712620920000","Roundabout Dakhla","Middle of nowhere","car","arcgis","existing"
"261","2024-04-01 22:01:00","1712008800000","1712008860000","Universidad","Crossing to Daima","car","arcgis","existing"
"262","2024-03-14 23:00:00","1710371040000","1710457200000","Praja di Gi","Paul","bus","arcgis","existing"
"263","2024-02-29 23:01:00","1709247600000","1709247660000","Playa Honda","Arecife outskirts","car","arcgis","existing"
"264","2024-04-01 00:05:00","1711929720000","1711929900000","Aire ","Thies","car","arcgis","existing"
"265","2024-04-01 22:02:00","1712008860000","1712008920000","Crossing to Daima","Crossing to National Park","car","arcgis","existing"
"266","2024-03-15 23:02:00","1710543600000","1710543720000","Cruzinha","Ribeira Grande","car","arcgis","existing"
"267","2024-02-18 23:05:00","1708297380000","1708297500000","Gran Tarajal","Gran Tarajal Autovia","car","arcgis","existing"
"268","2024-04-03 22:04:00","1712181780000","1712181840000","Nouakchott outskirts","Crossing to the airport","car","arcgis","existing"
"269","2024-02-16 23:06:00","1708124700000","1708124760000","Tefia","El Caidero","car","arcgis","existing"
"270","2024-04-09 22:07:00","1712700300000","1712700420000","Anza","Aouira","car","arcgis","existing"
"271","2024-04-05 22:05:00","1712354640000","1712354700000","Roundabout to Dakhla","Dakhla","car","arcgis","existing"
"272","2024-05-02 22:04:00","1714687380000","1714687440000","Near Namur","Gembloux","car","arcgis","existing"
"273","2024-05-12 22:07:00","1715551560000","1715551620000","Rest stop between Hamburg and Hannover","Hannover outskirts","car","arcgis","existing"
"274","2024-04-14 22:04:00","1713132180000","1713132240000","Casablanca outskirts","Rabat","car","arcgis","existing"
"275","2024-04-09 00:01:00","1712620800000","1712620860000","Dakhla outskirts","Roundabout Dakhla","car","arcgis","existing"
"276","2024-04-25 22:00:00","1713996000000","1714082400000","Madrid","Madrid outskirts north","bus","arcgis","existing"
"277","2024-04-09 22:09:00","1712700420000","1712700540000","Aouira","Paradise","bus","arcgis","existing"
"278","2024-05-05 22:05:00","1714946640000","1714946700000","Rest area close to Hamburg","Middle of nowhere","car","arcgis","existing"
"279","2024-05-05 22:06:00","1714946700000","1714946760000","Middle of nowhere","BornhÃƒÂ¶ved","car","arcgis","existing"
"280","2024-04-25 22:04:00","1714082520000","1714082640000","Rest area","Madrid Ourskirts Autovia","car","arcgis","existing"
"281","2024-02-28 23:02:00","1709161260000","1709161320000","Tiagua","La Santa","car","arcgis","existing"
"282","2024-04-25 22:06:00","1714082700000","1714082760000","Reststop","Vitoria","car","arcgis","existing"
"283","2024-04-29 22:05:00","1714428000000","1714428300000","Paris Orly","Paris, Bagneux","bus","arcgis","existing"
"284","2024-04-05 22:01:00","1712354400000","1712354460000","Gas Station","Crossroads to Dakhla","car","arcgis","existing"
"286","2024-05-15 22:02:00","1715810400000","1715810520000","Decin","Usti nad Labem","car","arcgis","existing"
"287","2024-05-15 22:00:00","1715724360000","1715810400000","Bad Schandau","Decin","car","arcgis","existing"
"288","2024-02-27 23:00:00","1708988640000","1709074800000","Arecife Marina","San Bartolome","bus","arcgis","existing"
"289","2024-02-28 23:06:00","1709161500000","1709161560000","Samuel & Margarita","Yaiza","car","arcgis","existing"
"290","2024-05-06 22:01:00","1715032800000","1715032860000","Kiel","Kiel - Official hitchhiking spot","car","arcgis","existing"
"291","2024-02-26 23:01:00","1708988400000","1708988460000","Playa Quemada","Autovia","car","arcgis","existing"
"292","2024-05-11 22:00:00","1715292000000","1715464800000","MalmÃƒÂ¶ - Vini and Mau","MalmÃƒÂ¶ outskirts","bus","arcgis","existing"
"294","2023-10-14 22:00:07","1697320806000","1697320807000","Marbella bus terminal","San Roque","car","arcgis","existing"
"295","2024-01-01 23:00:00","1703977260000","1704150000000","Cave","Playa Teresitas","rentalCar","arcgis","existing"
"296","2023-10-12 22:00:05","1697148003000","1697148005000","Alhama de Murcia","Puerto Lumbreras","car","arcgis","existing"
"297","2023-10-12 22:00:00","1697061607000","1697148000000","San Vincente","Murcia","car","arcgis","existing"
"298","2023-10-14 22:00:00","1697234404000","1697320800000","Malaga","Fuengirola","car","arcgis","existing"
"299","2023-10-03 22:00:10","1696370409000","1696370410000","Oropesa","Valencia autostrada","car","arcgis","existing"
"300","2023-10-12 22:00:07","1697148006000","1697148007000","Vera","Macael","car","arcgis","existing"
"301","2023-12-09 23:00:00","1701903600000","1702162800000","Los Christianos Beach","Las Lajas","car","arcgis","existing"
"302","2024-05-14 22:04:00","1715724120000","1715724240000","Schminka","Bad Schandau","car","arcgis","existing"
"303","2023-12-05 23:00:04","1701817203000","1701817204000","Montana Blanca","Las Galettas","rentalCar","arcgis","existing"
"304","2023-12-05 23:00:00","1701644403000","1701817200000","Los Christianos Beach","Montana Blanca","rentalCar","arcgis","existing"
"305","2023-12-11 23:00:00","1702162801000","1702335600000","Las Lajas","Marina Amarilla","friends","arcgis","existing"
"306","2023-12-01 23:00:03","1701471601000","1701471603000","Agulo","San Sebastian","car","arcgis","existing"
"307","2024-04-05 22:04:00","1712354520000","1712354640000","Border Mauritania-Morocco","Roundabout to Dakhla","truck","arcgis","existing"
"308","2024-05-12 22:10:00","1715551740000","1715551800000","Rest stop Hannover","Rest stop Magdeburg","car","arcgis","existing"
"309","2024-02-18 23:03:00","1708297260000","1708297380000","Puerto de Rosario","Gran Tarajal","bus","arcgis","existing"
"310","2024-05-06 22:02:00","1715032860000","1715032920000","Kiel - Official hitchhiking spot","Rest area HÃƒÂ¼ttener Berge","car","arcgis","existing"
"311","2024-04-22 22:01:00","1713823200000","1713823260000","Gasolina autovia","Estacion de servicio","car","arcgis","existing"
"312","2024-04-09 22:04:00","1712700180000","1712700240000","Agadir outskirts","Agadir outskirts","car","arcgis","existing"
"313","2024-05-12 22:08:00","1715551620000","1715551680000","Hannover outskirts","Hannover","bus","arcgis","existing"
"314","2024-02-28 23:05:00","1709161440000","1709161500000","Mancha Blanca","Samuel & Margarita","car","arcgis","existing"
"315","2024-05-11 22:01:00","1715464800000","1715464860000","MalmÃƒÂ¶ outskirts","MalmÃƒÂ¶ port","car","arcgis","existing"
"316","2024-02-26 23:03:00","1708988460000","1708988580000","Autovia","Arecife","car","arcgis","existing"
"317","2023-09-26 22:00:03","1695765601000","1695765603000","Sirmione","Albisola","car","arcgis","existing"
"318","2024-05-14 22:02:00","1715724000000","1715724120000","KÃƒÂ¶nigstein","Schminka","car","arcgis","existing"
"319","2023-12-14 23:03:00","1702594920000","1702594980000","San Sebastian Port","Valle Gran Rey","friends","arcgis","existing"
"320","2023-10-11 22:00:00","1696370412000","1697061600000","Valencia","Denia","friends","arcgis","existing"
"321","2024-02-28 23:08:00","1709161620000","1709161680000","Yaiza Autovia","Llanitos","car","arcgis","existing"
"322","2024-04-12 22:07:00","1712959500000","1712959620000","Cap","Cap","bus","arcgis","existing"
"323","2024-04-05 22:00:00","1712182020000","1712354400000","Nouadhibou","Gas Station","car","arcgis","existing"
"324","2024-04-12 22:01:00","1712959200000","1712959260000","Imsouane exit","Autovia","car","arcgis","existing"
"325","2023-10-13 22:00:00","1697148008000","1697234400000","Olula del Rio","Almeria","car","arcgis","existing"
"326","2024-05-05 22:02:00","1714946460000","1714946520000","Oldenzaal","IbenbÃƒÂ¼ren","car","arcgis","existing"
"327","2023-11-23 23:00:01","1700780400000","1700780401000","San Sebastian Outskirts","Valle Gran Rey","car","arcgis","existing"
"328","2023-12-26 23:01:00","1703631600000","1703631660000","Teide","Playa Teresitas","rentalCar","arcgis","existing"
"329","2024-04-12 22:05:00","1712959440000","1712959500000","Safi Bus Station","Cap","bus","arcgis","existing"
"330","2024-04-01 00:07:00","1711929900000","1711930020000","Thies","St Louis","car","arcgis","existing"
"331","2023-12-29 23:00:00","1703718000000","1703890800000","Playa Benijo","El Medano","rentalCar","arcgis","existing"
"332","2024-04-13 22:05:00","1713045780000","1713045900000","Safi Beach","Restaurant","car","arcgis","existing"
"333","2024-04-13 22:06:00","1713045900000","1713045960000","Restaurant","Casalanca Park","car","arcgis","existing"
"334","2024-04-13 22:03:00","1713045720000","1713045780000","Safi","Safi Beach","car","arcgis","existing"
"335","2024-04-14 22:06:00","1713132240000","1713132360000","Rabat","Rest area","car","arcgis","existing"
"336","2024-05-05 22:01:00","1714946400000","1714946460000","Enschede","Oldenzaal","car","arcgis","existing"
"337","2024-05-13 22:01:00","1715637600000","1715637660000","Rest stop Madgeburg","Dresden","car","arcgis","existing"
"339","2024-04-28 22:01:00","1714341600000","1714341660000","Toll station","Bilbao Center","car","arcgis","existing"
"340","2024-05-03 22:09:00","1714774080000","1714774140000","DÃƒÂ¼sseldorf","DÃƒÂ¼sseldorf","bus","arcgis","existing"
"341","2024-05-03 22:08:00","1714774020000","1714774080000","DÃƒÂ¼sseldorf Ikea","DÃƒÂ¼sseldorf","car","arcgis","existing"
"342","2024-04-09 22:05:00","1712700240000","1712700300000","Agadir outskirts","Anza","car","arcgis","existing"
"343","2024-04-01 22:04:01","1712009040000","1712009041000","Border Mauritania","Tiguent","car","arcgis","existing"
"344","2024-04-23 22:01:00","1713909600000","1713909660000","Madrid Outskirts","Madrid","bus","arcgis","existing"
"345","2024-04-14 22:09:00","1713132480000","1713132540000","Tanger outskirts","Tanger port","car","arcgis","existing"
"346","2024-05-03 22:00:00","1714687440000","1714773600000","Gembloux","Aire d Spy","car","arcgis","existing"
"347","2024-05-13 22:05:00","1715637720000","1715637900000","Pirna","Festung KÃƒÂ¶nigsstein","car","arcgis","existing"
"348","2024-04-13 22:02:00","1713045660000","1713045720000","Safi","Safi","car","arcgis","existing"
"349","2024-04-12 22:03:00","1712959320000","1712959380000","Essaouira","Roundabout","car","arcgis","existing"
"350","2024-05-16 22:00:00","1715811000000","1715896800000","Prague","Prague","bus","arcgis","existing"
"351","2024-05-03 22:05:00","1714773720000","1714773900000","Border Belgium Germany","Rest Stop Vierraden","truck","arcgis","existing"
"352","2024-05-05 22:07:00","1714946760000","1714946820000","BornhÃƒÂ¶ved","Kiel","car","arcgis","existing"
"353","2024-05-04 22:03:00","1714860120000","1714860180000","Rest area MÃƒÂ¼nster","MÃƒÂ¼nster","car","arcgis","existing"
"354","2024-05-12 22:01:00","1715551200000","1715551260000","TravermÃƒÂ¼nde","Rest stop","car","arcgis","existing"
"355","2024-04-21 22:03:00","1713736860000","1713736980000","Parque Tecnologico","Malaga ourskirts","car","arcgis","existing"
"356","2024-04-28 22:00:00","1714082880000","1714341600000","Bilbao - Kristina","Toll station","car","arcgis","existing"
"357","2024-05-03 22:07:00","1714773900000","1714774020000","Rest Stop Vierraden","DÃƒÂ¼sseldorf Ikea","car","arcgis","existing"
"358","2024-05-06 22:05:00","1715033040000","1715033100000","MalmÃƒÂ¶ Ikea","Folkets Park","car","arcgis","existing"
"359","2024-05-09 22:00:00","1715033340000","1715292000000","MalmÃƒÂ¶ ","MalmÃƒÂ¶ - Vini and Mau","bus","arcgis","existing"
"360","2024-04-25 22:02:00","1714082460000","1714082520000","Madrid outskirts autovia","Rest area","car","arcgis","existing"
"361","2024-02-22 23:02:00","1708642860000","1708642920000","Costa Calma","Cofete","car","arcgis","existing"
"362","2024-04-03 22:07:00","1712181960000","1712182020000","Nouadibhou outskirts","Nouadhibou","car","arcgis","existing"
"363","2024-04-01 22:00:00","1711930020000","1712008800000","St Louis","Universidad","car","arcgis","existing"
"364","2024-02-22 23:01:00","1708642800000","1708642860000","La Pared","Costa Calma","car","arcgis","existing"
"365","2024-02-28 23:04:00","1709161320000","1709161440000","La Santa","Mancha Blanca","car","arcgis","existing"
"366","2024-02-23 23:05:00","1708729380000","1708729500000","Puerto de Rosario outskirts","Corralejo","car","arcgis","existing"
"367","2024-03-28 23:11:00","1711667400000","1711667460000","Dakar Airport","Dakar","car","arcgis","existing"
"368","2024-05-19 22:04:00","1716156120000","1716156240000","Heilsbronn highway exit","Heilsbronn","car","arcgis","existing"
"369","2024-02-23 23:01:00","1708729200000","1708729260000","Autovia","Gran Tarajal outskirts","car","arcgis","existing"
"370","2024-03-27 23:07:00","1711580700000","1711580820000","Espargo","Pedra Lume","bus","arcgis","existing"
"371","2023-12-20 23:00:00","1703026980000","1703113200000","Los Christianos Beach","Santiago de Teide","friends","arcgis","existing"
"372","2024-05-13 22:02:00","1715637660000","1715637720000","Dresden","Pirna","car","arcgis","existing"
"373","2024-03-12 23:04:00","1710284520000","1710284640000","Porto Novo","Cova Paul","car","arcgis","existing"
"374","2024-05-19 22:02:00","1716156060000","1716156120000","Rest area OberpfÃƒÂ¤lzer Alp","Heilsbronn highway exit","car","arcgis","existing"
"375","2024-05-04 22:01:00","1714774200000","1714860060000","Lola","Rest area","car","arcgis","existing"
"376","2024-03-27 23:05:00","1711580640000","1711580700000","Santa Maria","Espargo","car","arcgis","existing"
"377","2024-05-06 22:09:00","1715033280000","1715033340000","MalmÃƒÂ¶ train station","MalmÃƒÂ¶ ","bus","arcgis","existing"
"378","2024-03-28 23:01:00","1711666800000","1711666860000","Pedra Lume","Espargos","car","arcgis","existing"
"379","2024-03-14 23:06:00","1710457500000","1710457560000","Paul outskirts","Ribeira Grande","car","arcgis","existing"
"380","2024-05-11 22:03:00","1715464860000","1715464980000","MalmÃƒÂ¶ port","MalmÃƒÂ¶ ferry port","car","arcgis","existing"
"381","2024-03-15 23:04:00","1710543720000","1710543840000","Ribeira Grande","Porto Novo port","bus","arcgis","existing"
"382","2024-03-28 23:03:00","1711666860000","1711666980000","Espargos","Sal Airport","car","arcgis","existing"
"383","2024-05-04 22:05:00","1714860180000","1714860300000","MÃƒÂ¼nster","Enschede Highway","car","arcgis","existing"
"384","2024-03-13 23:01:00","1710370800000","1710370860000","Praia di Gi","Paul","car","arcgis","existing"
"385","2023-10-13 22:00:01","1697234400000","1697234401000","Almeria","Malaga","car","arcgis","existing"
"386","2024-05-05 22:03:00","1714946520000","1714946580000","IbenbÃƒÂ¼ren","Rest Area","car","arcgis","existing"
"387","2024-02-15 23:00:00","1707951600000","1708038000000","Gran Tarajal","Tuneje","car","arcgis","existing"
"388","2024-04-01 22:05:00","1712009041000","1712009100000","Tiguent","Tiguent","car","arcgis","existing"
"389","2024-02-23 23:00:00","1708643040000","1708729200000","Yeremi's house","Autovia","car","arcgis","existing"
"390","2024-04-14 22:03:00","1713132060000","1713132180000","Casablanca little california","Casablanca outskirts","car","arcgis","existing"
"391","2024-04-13 22:01:00","1713045600000","1713045660000","Outside of Cap","Safi","car","arcgis","existing"
"392","2024-02-27 23:03:00","1709074800000","1709074980000","San Bartolome","Soo","car","arcgis","existing"
"393","2023-12-20 23:04:00","1703113380000","1703113440000","Santa Cruz","La Caleta","rentalCar","arcgis","existing"
"394","2024-04-12 22:02:00","1712959260000","1712959320000","Autovia","Essaouira","car","arcgis","existing"
"395","2023-09-27 22:00:01","1695852000000","1695852001000","Savona","Le Luc","truck","arcgis","existing"
"396","2024-04-14 22:01:00","1713132000000","1713132060000","Casablanca highway entrance","Casablanca little california","car","arcgis","existing"
"397","2024-04-28 22:08:00","1714341960000","1714342080000","Rest stop before Biarritz","Rest stop after Bordeaux","truck","arcgis","existing"
"398","2024-02-18 23:07:00","1708297500000","1708297620000","Gran Tarajal Autovia","Autovia","car","arcgis","existing"
"399","2024-04-28 22:02:00","1714341660000","1714341720000","Bilbao Center","Rest stop outside of Bilbao","bus","arcgis","existing"
"400","2024-04-11 22:01:00","1712872800000","1712872860000","Taghzout","Imsouane","car","arcgis","existing"
"401","2024-04-03 22:06:00","1712181840000","1712181960000","Crossing to the airport","Nouadibhou outskirts","car","arcgis","existing"
"402","2024-04-12 22:04:00","1712959380000","1712959440000","Roundabout","Safi Bus Station","car","arcgis","existing"
"403","2024-04-21 22:01:00","1713736800000","1713736860000","Tolox","Parque Tecnologico","car","arcgis","existing"
"404","2024-04-28 22:06:00","1714341840000","1714341960000","Rest stop before San Sebastian","Rest stop before Biarritz","car","arcgis","existing"
"405","2024-04-14 22:12:00","1713132660000","1713132720000","Tarifa","La Linea","car","arcgis","existing"
"406","2024-05-03 22:02:00","1714773600000","1714773720000","Aire d Spy","Border Belgium Germany","truck","arcgis","existing"
"407","2024-05-04 22:02:00","1714860060000","1714860120000","Rest area","Rest area MÃƒÂ¼nster","car","arcgis","existing"
"408","2024-04-25 22:07:00","1714082760000","1714082820000","Vitoria","Bilbao","car","arcgis","existing"
"409","2024-05-19 22:00:00","1715896800000","1716156000000","Prague","Prague Outskirts","bus","arcgis","existing"
"410","2024-05-15 22:05:00","1715810580000","1715810700000","Usti nad Labem highway","Prague","car","arcgis","existing"
"411","2024-04-15 22:04:00","1713218580000","1713218640000","Malaga Airport","Lucas Home","car","arcgis","existing"
"412","2024-02-23 23:03:00","1708729260000","1708729380000","Gran Tarajal outskirts","Puerto de Rosario outskirts","car","arcgis","existing"
"413","2024-04-28 22:04:00","1714341720000","1714341840000","Rest stop outside of Bilbao","Rest stop before San Sebastian","car","arcgis","existing"
"414","2024-02-22 23:04:00","1708642920000","1708643040000","Cofete","Yeremi's house","car","arcgis","existing"
"415","2024-05-12 22:06:00","1715551500000","1715551560000","Rest stop","Rest stop between Hamburg and Hannover","car","arcgis","existing"
"416","2024-05-02 22:00:00","1714428300000","1714687200000","Paris, Bagneux","La Courneuve","bus","arcgis","existing"
"417","2024-05-05 22:04:00","1714946580000","1714946640000","Rest Area","Rest area close to Hamburg","truck","arcgis","existing"
"418","2023-12-25 23:01:00","1703545200000","1703545260000","La Caleta","Las Lajas","rentalCar","arcgis","existing"
"419","2024-04-14 22:08:00","1713132420000","1713132480000","Rest stop","Tanger outskirts","car","arcgis","existing"
"420","2024-04-19 22:00:00","1713218640000","1713564000000","Lucas Home","Tolox","car","arcgis","existing"
"421","2024-05-02 22:03:00","1714687260000","1714687380000","Reststop Courneuve","Near Namur","car","arcgis","existing"
"422","2024-04-15 22:01:00","1713218400000","1713218460000","La Linea","Malaga airport","car","arcgis","existing"
"423","2024-05-19 22:01:00","1716156000000","1716156060000","Prague Outskirts","Rest area OberpfÃƒÂ¤lzer Alp","car","arcgis","existing"
"425","2024-05-06 22:03:00","1715032920000","1715032980000","Rest area HÃƒÂ¼ttener Berge","MalmÃƒÂ¶ outskirts","car","arcgis","existing"
"426","2024-04-25 22:05:00","1714082640000","1714082700000","Madrid Ourskirts Autovia","Reststop","truck","arcgis","existing"
"427","2024-04-09 22:00:00","1712620920000","1712700000000","Middle of nowhere","Soualem","truck","arcgis","existing"
"428","2024-04-23 22:00:00","1713823380000","1713909600000","Middle of nowhere","Madrid Outskirts","car","arcgis","existing"
"429","2024-05-20 22:00:00","1716156300000","1716242400000","Bonnhof","Bonnhof","foot","arcgis","existing"
"430","2024-05-22 22:08:00","1716415620000","1716415680000","Schlieren","Schlieren","foot","arcgis","existing"
"434","2024-05-22 22:01:00","1716415200000","1716415260000","Radolfszell","Konstanz","car","arcgis","existing"
"435","2024-05-22 22:04:00","1716415380000","1716415440000","Konstanz","Frauenfeld","car","arcgis","existing"
"436","2024-05-21 22:09:00","1716329280000","1716329340000","Radolfszell","Mettnauturm","foot","arcgis","existing"
"437","2024-05-22 22:03:00","1716415260000","1716415380000","Konstanz","Konstanz","foot","arcgis","existing"
"438","2024-05-22 22:05:00","1716415440000","1716415500000","Frauenfeld","Rest area Forrenberg","car","arcgis","existing"
"439","2024-05-21 22:03:00","1716328860000","1716328980000","Heilsbronn highway","Stuttgart","car","arcgis","existing"
"440","2024-05-21 22:07:00","1716329160000","1716329220000","Rest area Neckarburg ","Rest Area Hegau","car","arcgis","existing"
"441","2024-05-21 22:08:00","1716329220000","1716329280000","Rest Area Hegau","Radolfszell","car","arcgis","existing"
"442","2024-05-21 22:06:00","1716329040000","1716329160000","Rest Area SchÃƒÂ¶nbuch","Rest area Neckarburg ","car","arcgis","existing"
"443","2024-05-21 22:04:00","1716328980000","1716329040000","Stuttgart","Rest Area SchÃƒÂ¶nbuch","car","arcgis","existing"
"444","2024-05-22 22:06:30","1716415560000","1716415590000","Zurich","Zurich","foot","arcgis","existing"
"445","2024-05-22 22:07:00","1716415590000","1716415620000","Zurich","Schlieren","car","arcgis","existing"
"446","2024-05-22 22:06:00","1716415500000","1716415560000","Rest area Forrenberg","Zurich","car","arcgis","existing"
"447","2024-06-06 22:00:00","1717279260000","1717711200000","Zermatt Triftweg 46","Zermatt","foot","arcgis","existing"
"448","2024-06-07 22:00:00","1717711380000","1717797600000","Centre Fries","Fribourg highway entrance","foot","arcgis","existing"
"449","2024-06-07 22:11:00","1717798200000","1717798260000","Martigny","Liddes","car","arcgis","existing"
"450","2024-06-06 22:03:00","1717711320000","1717711380000","Fribourg","Centre Fries","foot","arcgis","existing"
"451","2024-06-06 22:01:00","1717711200000","1717711260000","Zermatt","Gampel","car","arcgis","existing"
"452","2024-06-01 22:01:00","1717279200000","1717279260000","Zermatt train station","Zermatt Triftweg 46","foot","arcgis","existing"
"453","2024-06-07 22:02:00","1717797600000","1717797720000","Fribourg highway entrance","Montreux","car","arcgis","existing"
"454","2024-06-07 22:04:00","1717797720000","1717797840000","Montreux","Rest stop Lavaux Lausanne","car","arcgis","existing"
"455","2024-06-07 22:05:00","1717797840000","1717797900000","Rest stop Lavaux Lausanne","Bernex, Geneva","car","arcgis","existing"
"456","2024-06-06 22:02:00","1717711260000","1717711320000","Gampel","Fribourg","car","arcgis","existing"
"457","2024-06-07 22:10:00","1717798140000","1717798200000","Chamonix","Martigny","car","arcgis","existing"
"458","2024-06-07 22:08:00","1717798020000","1717798080000","Saint-Julien-en-Genevois","Annecy Peage","car","arcgis","existing"
"459","2024-06-07 22:09:00","1717798080000","1717798140000","Annecy Peage","Chamonix","car","arcgis","existing"
"460","2024-06-07 22:06:30","1717797960000","1717797990000","Aire de Valleiry","Aire de Valleiry","foot","arcgis","existing"
"461","2024-06-07 22:06:00","1717797900000","1717797960000","Bernex, Geneva","Aire de Valleiry","car","arcgis","existing"
"462","2024-06-07 22:07:00","1717797990000","1717798020000","Aire de Valleiry","Saint-Julien-en-Genevois","car","arcgis","existing"
"463","2024-06-08 22:00:00","1717798260000","1717884000000","Liddes","Liddes","foot","arcgis","existing"
"464","2024-06-08 22:03:00","1717884120000","1717884180000","Sion Est","Azizi","car","arcgis","existing"
"465","2024-06-08 22:02:00","1717884060000","1717884120000","Relais du St Bernard","Sion Est","car","arcgis","existing"
"466","2024-06-08 22:06:00","1717884300000","1717884360000","TÃƒÂ¤sch","Zermatt","car","arcgis","existing"
"467","2024-06-08 22:01:00","1717884000000","1717884060000","Liddes","Relais du St Bernard","car","arcgis","existing"
"468","2024-06-08 22:05:00","1717884180000","1717884300000","Azizi","TÃƒÂ¤sch","car","arcgis","existing"
"469","2024-06-08 22:08:00","1717884360000","1717884480000","Zermatt","Zermatt Triftweg 46","foot","arcgis","existing"
"470","2024-06-14 22:01:00","1718402400000","1718402460000","Zermatt","TÃƒÂ¤sch","car","arcgis","existing"
"471","2024-06-14 22:04:00","1718402580000","1718402640000","Visp","Sion","car","arcgis","existing"
"472","2024-06-14 22:03:00","1718402460000","1718402580000","TÃƒÂ¤sch","Visp","car","arcgis","existing"
"473","2024-06-14 22:08:00","1718402820000","1718402880000","Sion Decathlon","Sion Gare","car","arcgis","existing"
"474","2024-06-14 22:06:00","1718402640000","1718402760000","Sion","Bex","car","arcgis","existing"
"475","2024-06-14 22:09:00","1718402880000","1718402940000","Sion Gare","Sierre","car","arcgis","existing"
"476","2024-06-14 22:07:00","1718402760000","1718402820000","Bex","Sion Decathlon","car","arcgis","existing"
"477","2024-06-14 22:11:00","1718403000000","1718403060000","Gampel","Visp","car","arcgis","existing"
"478","2024-06-14 22:12:00","1718403060000","1718403120000","Visp","Stalden","car","arcgis","existing"
"479","2024-06-14 22:10:00","1718402940000","1718403000000","Sierre","Gampel","car","arcgis","existing"
"480","2024-06-14 22:13:30","1718403180000","1718403210000","TÃƒÂ¤sch","Zermatt","car","arcgis","existing"
"481","2024-06-14 22:00:00","1717884480000","1718402400000","Zermatt Triftweg 46","Zermatt","foot","arcgis","existing"
"482","2024-06-14 22:13:00","1718403120000","1718403180000","Stalden","TÃƒÂ¤sch","car","arcgis","existing"
"483","2024-06-27 22:01:00","1719525600000","1719525660000","Zermatt","TÃƒÂ¤sch","car","arcgis","existing"
"484","2024-06-27 22:08:00","1719526020000","1719526080000","Schwyz","Sattel","car","arcgis","existing"
"485","2024-06-27 22:09:00","1719526080000","1719526140000","Sattel","Wollerau","car","arcgis","existing"
"486","2024-06-27 22:02:00","1719525660000","1719525720000","TÃƒÂ¤sch","Visp","car","arcgis","existing"
"487","2024-06-27 22:07:00","1719525960000","1719526020000","Andermatt","Schwyz","car","arcgis","existing"
"488","2024-06-27 22:05:00","1719525840000","1719525900000","Lax","Cello","car","arcgis","existing"
"489","2024-06-27 22:04:00","1719525720000","1719525840000","Visp","Lax","car","arcgis","existing"
"490","2024-06-27 22:06:00","1719525900000","1719525960000","Cello","Andermatt","car","arcgis","existing"
"491","2024-06-28 22:04:00","1719612180000","1719612240000","BrÃƒÂ¼nig","Meiringen","car","arcgis","existing"
"492","2024-06-28 22:06:00","1719612300000","1719612360000","Innerkirchen","Ulrichen","car","arcgis","existing"
"493","2024-06-28 22:00:00","1719526380000","1719612000000","Luzern","Horw","car","arcgis","existing"
"494","2024-06-28 22:01:00","1719612000000","1719612060000","Horw","Sarnen","car","arcgis","existing"
"495","2024-06-28 22:05:00","1719612240000","1719612300000","Meiringen","Innerkirchen","car","arcgis","existing"
"496","2024-06-28 22:15:00","1719612840000","1719612900000","Zermatt","Zermatt Triftweg 46","foot","arcgis","existing"
"497","2024-06-28 22:02:00","1719612060000","1719612120000","Sarnen","Lungern","car","arcgis","existing"
"498","2024-06-28 22:09:00","1719612480000","1719612540000","Fiesch","Filet","car","arcgis","existing"
"499","2024-06-28 22:11:00","1719612600000","1719612660000","Eyholz","Visp","car","arcgis","existing"
"500","2024-06-28 22:10:00","1719612540000","1719612600000","Filet","Eyholz","car","arcgis","existing"
"501","2024-06-28 22:03:00","1719612120000","1719612180000","Lungern","BrÃƒÂ¼nig","car","arcgis","existing"
"502","2024-06-28 22:14:00","1719612780000","1719612840000","TÃƒÂ¤sch","Zermatt","car","arcgis","existing"
"503","2024-06-28 22:13:00","1719612720000","1719612780000","Sankt Nikolaus","TÃƒÂ¤sch","car","arcgis","existing"
"504","2024-06-27 22:10:00","1719526140000","1719526200000","Wollerau","Walenstadt","car","arcgis","existing"
"505","2024-06-27 22:11:00","1719526200000","1719526260000","Walenstadt","Rotkreuz","car","arcgis","existing"
"506","2024-06-28 22:08:00","1719612360000","1719612480000","Ulrichen","Fiesch","car","arcgis","existing"
"507","2024-06-28 22:12:00","1719612660000","1719612720000","Visp","Sankt Nikolaus","car","arcgis","existing"
"508","2024-07-01 22:10:00","1719871740000","1719871800000","Weil am Rhein","Weil am Rhein","foot","arcgis","existing"
"509","2024-07-01 22:00:00","1719612900000","1719871200000","Zermatt Triftweg 46","Zermatt","foot","arcgis","existing"
"510","2024-07-01 22:09:00","1719871680000","1719871740000","Pratteln","Weil am Rhein","car","arcgis","existing"
"511","2024-07-01 22:07:00","1719871560000","1719871620000","MÃƒÂ¼lenen","Bern Grauholz","car","arcgis","existing"
"512","2024-07-01 22:08:00","1719871620000","1719871680000","Bern Grauholz","Pratteln","car","arcgis","existing"
"513","2024-07-01 22:06:00","1719871500000","1719871560000","Goppenstein","MÃƒÂ¼lenen","car","arcgis","existing"
"514","2024-07-01 22:04:00","1719871380000","1719871440000","Visp","Gampel","car","arcgis","existing"
"515","2024-07-01 22:03:00","1719871320000","1719871380000","Sankt Nikolaus","Visp","car","arcgis","existing"
"516","2024-07-01 22:02:00","1719871260000","1719871320000","TÃƒÂ¤sch","Sankt Nikolaus","car","arcgis","existing"
"517","2024-07-01 22:05:00","1719871440000","1719871500000","Gampel","Goppenstein","car","arcgis","existing"
"518","2024-07-01 22:01:00","1719871200000","1719871260000","Zermatt","TÃƒÂ¤sch","car","arcgis","existing"
"519","2024-07-02 22:00:00","1719871800000","1719957600000","Weil am Rhein","Weil am Rhein","foot","arcgis","existing"
"520","2024-07-02 22:10:00","1719958080000","1719958200000","Detmold","Detmold Lola","foot","arcgis","existing"
"521","2024-07-02 22:05:00","1719957720000","1719957900000","Korbach","Diemestadt","car","arcgis","existing"
"522","2024-07-02 22:08:00","1719957960000","1719958080000","Bad Salzufen","Detmold","car","arcgis","existing"
"523","2024-07-02 22:06:00","1719957900000","1719957960000","Diemestadt","Bad Salzufen","car","arcgis","existing"
"524","2024-07-02 22:01:00","1719957600000","1719957660000","Weil am Rhein","Wetterau Ost","car","arcgis","existing"
"525","2024-07-02 22:02:00","1719957660000","1719957720000","Wetterau Ost","Korbach","car","arcgis","existing"
"526","2024-07-07 22:00:00","1720303380000","1720389600000","Bern Grauholz","Bern Grauholz","foot","arcgis","existing"
"527","2024-07-06 22:03:00","1720303320000","1720303380000","Bern Grauholz","Bern Grauholz","foot","arcgis","existing"
"528","2024-07-07 22:08:00","1720390020000","1720390080000","TÃƒÂ¤sch","Zermatt","car","arcgis","existing"
"529","2024-07-07 22:06:00","1720389840000","1720389960000","Visp","Sankt Nikolaus","car","arcgis","existing"
"530","2024-06-15 10:14:00","1718403210000","1718446440000","Zermatt","Zermatt Triftweg 46","foot","arcgis","existing"
"531","2024-07-06 22:00:00","1720216800000","1720303200000","DÃƒÂ¼sseldorf","DÃƒÂ¼sseldorf Rest stop","friends","arcgis","existing"
"532","2024-07-07 22:07:00","1720389960000","1720390020000","Sankt Nikolaus","TÃƒÂ¤sch","car","arcgis","existing"
"533","2024-06-27 22:00:00","1718446440000","1719525600000","Zermatt Triftweg 46","Zermatt","foot","arcgis","existing"
"534","2024-07-06 22:02:00","1720303260000","1720303320000","Frankfurt Rest Stop","Bern Grauholz","car","arcgis","existing"
"535","2024-07-07 22:09:00","1720390080000","1720390140000","Zermatt","Zermatt Triftweg 46","foot","arcgis","existing"
"536","2024-07-07 22:01:00","1720389600000","1720389660000","Bern Grauholz","MÃƒÂ¼nsingen Rest Area","car","arcgis","existing"
"537","2024-07-05 22:00:00","1719958200000","1720216800000","Detmold Lola","DÃƒÂ¼sseldorf","friends","arcgis","existing"
"538","2024-07-07 22:04:00","1720389720000","1720389840000","Kandersteg","Visp","car","arcgis","existing"
"539","2024-07-07 22:02:00","1720389660000","1720389720000","MÃƒÂ¼nsingen Rest Area","Kandersteg","car","arcgis","existing"
"540","2024-07-06 22:01:00","1720303200000","1720303260000","DÃƒÂ¼sseldorf Rest stop","Frankfurt Rest Stop","car","arcgis","existing"
"541","2024-07-13 22:08:00","1720908360000","1720908480000","Sion","Sierre","car","arcgis","existing"
"542","2024-07-13 22:11:00","1720908600000","1720908660000","Stalden","TÃƒÂ¤sch","car","arcgis","existing"
"543","2024-07-13 22:05:00","1720908120000","1720908300000","Sankt Nikolaus","Pfynwald","car","arcgis","existing"
"544","2024-07-13 22:06:00","1720908300000","1720908360000","Pfynwald","Sion","car","arcgis","existing"
"545","2024-07-13 22:10:00","1720908540000","1720908600000","Visp","Stalden","car","arcgis","existing"
"546","2024-07-13 22:02:00","1720908060000","1720908120000","TÃƒÂ¤sch","Sankt Nikolaus","car","arcgis","existing"
"547","2024-07-13 22:13:00","1720908720000","1720908780000","Zermatt Train station","Zermatt Triftweg 46","foot","arcgis","existing"
"548","2024-07-13 22:00:00","1720390140000","1720908000000","Zermatt Triftweg 46","Zermatt","foot","arcgis","existing"
"549","2024-07-13 22:01:00","1720908000000","1720908060000","Zermatt","TÃƒÂ¤sch","car","arcgis","existing"
"550","2024-07-13 22:09:00","1720908480000","1720908540000","Sierre","Visp","car","arcgis","existing"
"551","2024-07-19 22:14:00","1721427120000","1721427240000","Zermatt train station","Zermatt Triftweg 46","foot","arcgis","existing"
"552","2024-07-19 22:02:00","1721426400000","1721426520000","Zermatt Triftweg 46","Zermatt","foot","arcgis","existing"
"553","2024-07-18 22:00:00","1720908780000","1721340000000","Zermatt Triftweg 46","Zermatt Zmutt","foot","arcgis","existing"
"554","2024-07-19 22:00:00","1721340000000","1721426400000","Zermatt Zmutt","Zermatt Triftweg 46","foot","arcgis","existing"
"555","2024-07-19 22:03:00","1721426520000","1721426580000","Zermatt","TÃƒÂ¤sch","car","arcgis","existing"
"556","2024-07-19 22:06:00","1721426640000","1721426760000","Migrolino Stalden","Visp","car","arcgis","existing"
"557","2024-07-19 22:07:00","1721426760000","1721426820000","Visp","Leytron","car","arcgis","existing"
"558","2024-07-19 22:08:00","1721426820000","1721426880000","Leytron","Ovronnaz Bains","car","arcgis","existing"
"559","2024-07-19 22:04:00","1721426580000","1721426640000","TÃƒÂ¤sch","Migrolino Stalden","car","arcgis","existing"
"560","2024-07-19 22:10:00","1721426880000","1721427000000","Ovronnaz Bains","TÃƒÂ¤sch Train station","friends","arcgis","existing"
"561","2024-07-29 22:00:00","1722204000000","1722290400000","Zermatt Lost Valley","Zermatt Triftweg 46","foot","arcgis","existing"
"562","2024-07-28 22:00:00","1721427240000","1722204000000","Zermatt Triftweg 46","Zermatt Lost Valley","foot","arcgis","existing"
"563","2024-06-26 22:00:00","1718446440000","1719439200000","Zermatt Triftweg 46","Zermatt Hohbalmen","foot","arcgis","existing"
"564","2024-06-27 22:00:00","1719439200000","1719525600000","Zermatt Hohbalmen","Zermatt Triftweg 46","foot","arcgis","existing"
"565","2024-06-27 22:01:00","1719525630000","1719525660000","Zermatt","TÃƒÂ¤sch","car","arcgis","existing"
"566","2024-06-27 22:00:30","1719525600000","1719525630000","Zermatt Triftweg 46","Zermatt","foot","arcgis","existing"
"567","2024-06-27 22:13:00","1719526260000","1719526380000","Rotkreuz","Luzern","train","arcgis","existing"
"569","2024-07-13 22:12:00","1720908660000","1720908720000","TÃƒÂ¤sch","Zermatt Train station","train","arcgis","existing"
"570","2024-07-19 22:12:00","1721427000000","1721427120000","TÃƒÂ¤sch Train station","Zermatt train station","train","arcgis","existing"
"571","2024-07-30 22:01:00","1722376800000","1722376860000","Zermatt Spiss","St Niklaus","car","arcgis","existing"
"572","2024-07-30 22:00:00","1722290400000","1722376800000","Zermatt Triftweg 46","Zermatt Spiss","foot","arcgis","existing"
"573","2024-07-30 22:02:00","1722376860000","1722376920000","St Niklaus","Schlieren Parent's house","friends","arcgis","existing"
"575","2024-08-07 22:02:00","1723068060000","1723068120000","Gisikon","Luzern","car","arcgis","existing"
"576","2024-08-07 22:01:00","1723068000000","1723068060000","Schlieren Highway Entrance","Gisikon","car","arcgis","existing"
"577","2024-08-07 22:06:00","1723068300000","1723068360000","Musenalp","Musenalp","foot","arcgis","existing"
"578","2024-08-07 22:04:00","1723068120000","1723068240000","Luzern","Dallenwil","train","arcgis","existing"
"579","2024-08-07 22:05:00","1723068240000","1723068300000","Dallenwil","Musenalp","train","arcgis","existing"
"580","2024-08-08 22:08:00","1723154820000","1723154880000","Bern","MÃƒÂ¼nsingen","car","arcgis","existing"
"581","2024-08-08 22:01:00","1723154400000","1723154460000","Musenalp","Dallenwil","train","arcgis","existing"
"582","2024-08-08 22:00:00","1723068360000","1723154400000","Musenalp","Musenalp","foot","arcgis","existing"
"583","2024-08-09 22:03:00","1723240920000","1723240980000","Kandersteg","Goppenstein","car","arcgis","existing"
"584","2024-08-08 22:03:00","1723154520000","1723154580000","Hergiswil","Giswil","car","arcgis","existing"
"585","2024-08-09 22:02:00","1723240860000","1723240920000","Thun","Kandersteg","car","arcgis","existing"
"586","2024-08-09 22:05:00","1723240980000","1723241100000","Goppenstein","Wiler, LÃƒÂ¶tschental","car","arcgis","existing"
"587","2024-08-08 22:07:00","1723154760000","1723154820000","Interlaken","Bern","car","arcgis","existing"
"588","2024-08-08 22:05:00","1723154580000","1723154700000","Giswil","Obi Reststop","car","arcgis","existing"
"589","2024-08-08 22:02:00","1723154460000","1723154520000","Dallenwil","Hergiswil","train","arcgis","existing"
"590","2024-08-08 22:06:00","1723154700000","1723154760000","Obi Reststop","Interlaken","car","arcgis","existing"
"591","2024-08-09 22:01:00","1723240800000","1723240860000","MÃƒÂ¼nsingen","Thun","car","arcgis","existing"
"592","2024-08-08 22:09:00","1723154880000","1723154940000","MÃƒÂ¼nsingen","MÃƒÂ¼nsingen","foot","arcgis","existing"
"593","2024-08-09 22:00:00","1723154940000","1723240800000","MÃƒÂ¼nsingen","MÃƒÂ¼nsingen","foot","arcgis","existing"
"594","2024-08-13 22:06:00","1723586700000","1723586760000","Martigny","Trient","car","arcgis","existing"
"595","2024-08-13 22:05:00","1723586640000","1723586700000","Martigny","Martigny","car","arcgis","existing"
"596","2024-08-14 22:00:00","1723586820000","1723672800000","Peuty Camping","Trient","foot","arcgis","existing"
"597","2024-08-14 22:06:00","1723673040000","1723673160000","Sierre","Gampel","car","arcgis","existing"
"598","2024-08-14 22:03:00","1723672860000","1723672980000","Martigny","Relais de St-Bernard","car","arcgis","existing"
"599","2024-08-14 22:01:00","1723672800000","1723672860000","Trient","Martigny","car","arcgis","existing"
"600","2024-08-14 22:04:00","1723672980000","1723673040000","Relais de St-Bernard","Sierre","car","arcgis","existing"
"601","2024-08-13 22:07:00","1723586760000","1723586820000","Trient","Peuty Camping","foot","arcgis","existing"
"602","2024-08-13 22:00:00","1723241100000","1723586400000","Wiler, LÃƒÂ¶tschental","Gampel","car","arcgis","existing"
"603","2024-08-13 22:02:00","1723586460000","1723586520000","Gampel-Steg","Riddes","car","arcgis","existing"
"604","2024-08-13 22:01:00","1723586400000","1723586460000","Gampel","Gampel-Steg","car","arcgis","existing"
"605","2024-08-13 22:04:00","1723586520000","1723586640000","Riddes","Martigny","car","arcgis","existing"
"606","2024-08-14 22:07:00","1723673160000","1723673220000","Gampel","Goppenstein","car","arcgis","existing"
"607","2024-08-14 22:08:00","1723673220000","1723673280000","Goppenstein","Wiler, LÃƒÂ¶tschental","car","arcgis","existing"
"608","2024-08-16 22:01:00","1723845600000","1723845660000","Bern Grauholz rest stop","Weil am Rhein","car","arcgis","existing"
"609","2024-08-15 23:12:00","1723759860000","1723763520000","Bern Grauholz rest stop","Bern Grauholz","foot","arcgis","existing"
"610","2024-08-15 22:08:00","1723759620000","1723759680000","Geneva Airport","Geneva","train","arcgis","existing"
"611","2024-08-15 22:04:00","1723759380000","1723759440000","Pfynwald","Relais de St-Benard","car","arcgis","existing"
"612","2024-08-15 22:06:00","1723759440000","1723759560000","Relais de St-Benard","Etoy","car","arcgis","existing"
"613","2024-08-15 22:10:00","1723759740000","1723759800000","Lausanne rest stop","Gruyere rest stop","car","arcgis","existing"
"614","2024-08-15 22:11:00","1723759800000","1723759860000","Gruyere rest stop","Bern Grauholz rest stop","car","arcgis","existing"
"615","2024-08-15 22:07:00","1723759560000","1723759620000","Etoy","Geneva Airport","car","arcgis","existing"
"616","2024-08-15 22:01:00","1723673280000","1723759260000","Wiler, LÃƒÂ¶tschental","Gampel-Steg","car","arcgis","existing"
"617","2024-08-15 22:09:00","1723759680000","1723759740000","Geneva","Lausanne rest stop","car","arcgis","existing"
"618","2024-08-15 22:03:00","1723759260000","1723759380000","Gampel-Steg","Pfynwald","car","arcgis","existing"
"619","2024-08-16 22:10:00","1723846080000","1723846200000","GÃƒÂ¶ttingen","GÃƒÂ¶ttingen Wald","friends","arcgis","existing"
"620","2024-08-16 22:08:00","1723845900000","1723846080000","Wetterau rest stop","GÃƒÂ¶ttingen","car","arcgis","existing"
"621","2024-08-16 22:05:00","1723845720000","1723845900000","Frankfurt GrÃƒÂ¤fingen rest stop ","Wetterau rest stop","car","arcgis","existing"
"622","2024-08-16 22:02:00","1723845660000","1723845720000","Weil am Rhein","Frankfurt GrÃƒÂ¤fingen rest stop ","car","arcgis","existing"
"623","2024-08-16 22:00:00","1723763520000","1723845600000","Bern Grauholz","Bern Grauholz rest stop","foot","arcgis","existing"
"624","2024-08-15 22:01:00","1723759200000","1723759260000","Goppnstein","Gampel-Steg","car","arcgis","existing"
"625","2024-08-15 22:00:00","1723673280000","1723759200000","Wiler, LÃƒÂ¶tschental","Goppnstein","car","arcgis","existing"
"626","2024-08-19 22:00:00","1723846200000","1724104800000","GÃƒÂ¶ttingen Wald","Berlin David's Home","friends","arcgis","existing"
"627","2024-08-23 22:00:00","1724364120000","1724450400000","Frankfurt rest area","Rest area Bruchsal","car","arcgis","existing"
"628","2024-08-23 22:03:00","1724450460000","1724450580000","Aire de la Porte d'Alsace","Aire du Bois des Potets","car","arcgis","existing"
"629","2024-08-23 22:01:00","1724450400000","1724450460000","Rest area Bruchsal","Aire de la Porte d'Alsace","car","arcgis","existing"
"630","2024-08-22 22:02:00","1724364060000","1724364120000","Rest area Reinhardshain","Frankfurt rest area","truck","arcgis","existing"
"631","2024-08-22 22:01:00","1724364000000","1724364060000","Rest area Erfurt","Rest area Reinhardshain","car","arcgis","existing"
"632","2024-08-22 22:00:00","1724104800000","1724364000000","Berlin David's Home","Rest area Erfurt","friends","arcgis","existing"
"633","2024-08-23 22:05:00","1724450640000","1724450700000","Beaune rest stop","Etangs d'Or","foot","arcgis","existing"
"634","2024-08-23 22:04:00","1724450580000","1724450640000","Aire du Bois des Potets","Beaune rest stop","car","arcgis","existing"
"635","2024-08-24 22:08:00","1724537220000","1724537280000","Aire des Volcans","Tulle","car","arcgis","existing"
"636","2024-08-24 22:01:00","1724536800000","1724536860000","Beaune rest stop","Chalon-sur-Saone","car","arcgis","existing"
"637","2024-08-24 22:04:00","1724536980000","1724537040000","Montchanin","Montceau-les-Mines","car","arcgis","existing"
"638","2024-08-24 22:00:00","1724450700000","1724536800000","Etangs d'Or","Beaune rest stop","foot","arcgis","existing"
"639","2024-08-24 22:03:00","1724536860000","1724536980000","Chalon-sur-Saone","Montchanin","car","arcgis","existing"
"640","2024-08-24 22:09:00","1724537280000","1724537340000","Tulle","Curemont","car","arcgis","existing"
"641","2024-08-24 22:07:00","1724537160000","1724537220000","Vieure","Aire des Volcans","car","arcgis","existing"
"642","2024-08-24 22:06:00","1724537100000","1724537160000","Les Muratons","Vieure","car","arcgis","existing"
"643","2024-08-24 22:05:00","1724537040000","1724537100000","Montceau-les-Mines","Les Muratons","car","arcgis","existing"
"644","2024-08-25 22:04:00","1724623320000","1724623440000","Caussade","Peage Montauban","car","arcgis","existing"
"645","2024-08-25 22:00:00","1724537340000","1724623200000","Curemont","Souillac","car","arcgis","existing"
"646","2024-08-25 22:05:00","1724623440000","1724623500000","Peage Montauban","Peage Toulouse","car","arcgis","existing"
"647","2024-08-25 22:02:00","1724623260000","1724623320000","Peage","Caussade","car","arcgis","existing"
"648","2024-08-25 22:01:00","1724623200000","1724623260000","Souillac","Peage","car","arcgis","existing"
"649","2024-08-25 22:06:00","1724623500000","1724623560000","Peage Toulouse","Lannemezan","car","arcgis","existing"
"650","2024-08-26 17:09:00","1724623560000","1724692140000","Lannemezan","Barossa","car","arcgis","existing"
"651","2024-08-26 17:10:00","1724692140000","1724692200000","Barossa","Valle de Barossa","foot","arcgis","existing"
"652","2024-08-26 22:00:00","1724692200000","1724709600000","Valle de Barossa","Barrosa","foot","arcgis","existing"
"653","2024-08-26 22:01:00","1724709600000","1724709660000","Barrosa","Bielsa","car","arcgis","existing"
"654","2024-08-26 22:02:00","1724709660000","1724709720000","Bielsa","Ainsa","car","arcgis","existing"
"655","2024-08-26 22:05:00","1724709840000","1724709900000","Boltana","Javonas","car","arcgis","existing"
"656","2024-08-26 22:06:00","1724709900000","1724709960000","Javonas","Sabinanigo","car","arcgis","existing"
"657","2024-08-26 22:04:00","1724709720000","1724709840000","Ainsa","Boltana","car","arcgis","existing"
"658","2024-08-27 22:00:00","1724710260000","1724796000000","Zaragoza","Zaragoza","foot","arcgis","existing"
"659","2024-08-26 22:11:00","1724710200000","1724710260000","Zaragoza","Zaragoza","foot","arcgis","existing"
"660","2024-08-27 22:01:00","1724796000000","1724796060000","Zaragoza","Zaragoza outskirts","car","arcgis","existing"
"661","2024-08-26 22:10:00","1724709960000","1724710200000","Sabinanigo","Zaragoza","car","arcgis","existing"
"662","2024-08-27 22:02:00","1724796060000","1724796120000","Zaragoza outskirts","Madrid Legazpi","car","arcgis","existing"
"663","2024-08-28 22:00:00","1724796240000","1724882400000","Madrid OK Hostel","Madrid Airport","train","arcgis","existing"
"664","2024-08-28 22:01:00","1724882400000","1724882460000","Madrid Airport","Bogota airport","plane","arcgis","existing"
"665","2024-08-28 22:04:00","1724882460000","1724882640000","Bogota airport","Bogota","car","arcgis","existing"
"666","2024-08-27 22:04:00","1724796120000","1724796240000","Madrid Legazpi","Madrid OK Hostel","foot","arcgis","existing"
"667","2024-08-28 22:05:00","1724882640000","1724882700000","Bogota","Bogota","foot","arcgis","existing"
"668","2024-08-29 22:00:00","1724882700000","1724968800000","Bogota","Bogota Portal Norte","bus","arcgis","existing"
"669","2024-08-29 22:05:00","1724969040000","1724969100000","Bogota outskirts","Bogota outskirts","foot","arcgis","existing"
"670","2024-08-29 22:02:00","1724968800000","1724968920000","Bogota Portal Norte","Bogota outskirts","foot","arcgis","existing"
"672","2024-08-29 22:06:00","1724969100000","1724969160000","Bogota outskirts","Bogota bus terminal","bus","arcgis","existing"
"673","2024-08-29 22:04:00","1724968920000","1724969040000","Bogota outskirts","Bogota outskirts","bus","arcgis","existing"
"675","2024-08-29 22:02:00","1724968860000","1724968920000","Bogota outskirts","Bogota outskirts","foot","arcgis","existing"
"676","2024-08-29 22:07:00","1724969160000","1724969220000","Bogota bus terminal","Ruta 90","bus","arcgis","existing"
"677","2024-09-19 22:00:00","1726696800000","1726783200000","Cerro Kennedy","Way to Cerro Kennedy","foot","arcgis","existing"
"678","2024-09-17 22:00:00","1726437600000","1726610400000","Eco Point Hostel","Way to Cerro Kennedy","foot","arcgis","existing"
"679","2024-09-17 22:05:00","1726610580000","1726610700000","Tagua","Collegio","foot","arcgis","existing"
"680","2024-09-14 22:01:00","1726351200000","1726351260000","Ruta 90","Tayrona","car","arcgis","existing"
"681","2024-09-18 22:00:00","1726610700000","1726696800000","Collegio","Cerro Kennedy","foot","arcgis","existing"
"682","2024-09-14 22:04:00","1726351380000","1726351440000","Yucal","Minca","car","arcgis","existing"
"683","2024-09-14 22:03:00","1726351320000","1726351380000","Santa Marta ourskirts","Yucal","foot","arcgis","existing"
"685","2024-09-15 22:00:00","1726351560000","1726437600000","Minca","Eco Point Hostel","foot","arcgis","existing"
"686","2024-09-14 22:06:00","1726351440000","1726351560000","Minca","Minca","foot","arcgis","existing"
"687","2024-09-20 22:06:00","1726869780000","1726869960000","Santa Marta","Believer Hostal","foot","arcgis","existing"
"688","2024-09-20 22:00:00","1726783200000","1726869600000","Way to Cerro Kennedy","Tagua","foot","arcgis","existing"
"689","2024-09-17 22:01:00","1726610400000","1726610460000","Way to Cerro Kennedy","El Campano","car","arcgis","existing"
"690","2024-09-17 22:03:00","1726610460000","1726610580000","El Campano","Tagua","car","arcgis","existing"
"691","2024-09-20 22:01:00","1726869600000","1726869660000","Tagua","Minca","car","arcgis","existing"
"692","2024-09-14 22:02:00","1726351260000","1726351320000","Tayrona","Santa Marta ourskirts","car","arcgis","existing"
"693","2024-09-22 22:03:00","1727042460000","1727042580000","Santa Marta outskirts","Cienaga","car","arcgis","existing"
"694","2024-09-22 22:01:00","1727042400000","1727042460000","Santa Marta","Santa Marta outskirts","car","arcgis","existing"
"695","2024-09-22 22:05:00","1727042580000","1727042700000","Cienaga","Barranquilla outskirts","truck","arcgis","existing"
"696","2024-09-22 22:00:00","1726869960000","1727042400000","Believer Hostal","Santa Marta","foot","arcgis","existing"
"697","2024-09-20 22:03:00","1726869660000","1726869780000","Minca","Santa Marta","truck","arcgis","existing"
"698","2024-10-01 22:01:00","1727820000000","1727820060000","Ruta 90","Mingueo","truck","arcgis","existing"
"699","2024-09-26 22:00:00","1727301840000","1727388000000","Caoba Farm","Jungle","foot","arcgis","existing"
"700","2024-09-22 22:06:00","1727042700000","1727042760000","Barranquilla outskirts","Barranquilla Couchsurfing","taxi","arcgis","existing"
"701","2024-09-29 22:01:00","1727647200000","1727647260000","Ruta 90","Beach next to Costeno","foot","arcgis","existing"
"702","2024-09-25 22:01:00","1727301600000","1727301660000","Barrio 11 Noviembre","Paso de Mango","taxi","arcgis","existing"
"703","2024-10-02 22:00:00","1727820120000","1727906400000","Mingueo","Mingueo","foot","arcgis","existing"
"704","2024-09-29 22:00:00","1727561040000","1727647200000","Believer Hostel","Ruta 90","bus","arcgis","existing"
"705","2024-09-25 22:00:00","1727215560000","1727301600000","Santa Marta","Barrio 11 Noviembre","bus","arcgis","existing"
"706","2024-09-24 22:00:00","1727042760000","1727215200000","Barranquilla Couchsurfing","Barranquilla","foot","arcgis","existing"
"707","2024-10-01 22:02:00","1727820060000","1727820120000","Mingueo","Mingueo","foot","arcgis","existing"
"708","2024-09-24 22:06:00","1727215500000","1727215560000","Santa Marta ourkirts","Santa Marta","taxi","arcgis","existing"
"709","2024-09-28 22:00:00","1727388000000","1727560800000","Jungle","Bonda","foot","arcgis","existing"
"710","2024-09-25 22:04:00","1727301660000","1727301840000","Paso de Mango","Caoba Farm","foot","arcgis","existing"
"711","2024-09-24 22:05:00","1727215380000","1727215500000","Cienaga","Santa Marta ourkirts","truck","arcgis","existing"
"712","2024-10-01 22:00:00","1727647260000","1727820000000","Beach next to Costeno","Ruta 90","truck","arcgis","existing"
"713","2024-09-24 22:03:00","1727215260000","1727215380000","Barranquilla outskirts","Cienaga","truck","arcgis","existing"
"714","2024-09-28 22:04:00","1727560860000","1727561040000","Barrio 11 Noviembre","Believer Hostel","bus","arcgis","existing"
"715","2024-10-02 22:01:00","1727906400000","1727906460000","Mingueo","Maicao","bus","arcgis","existing"
"716","2024-09-28 22:01:00","1727560800000","1727560860000","Bonda","Barrio 11 Noviembre","car","arcgis","existing"
"717","2024-09-24 22:01:00","1727215200000","1727215260000","Barranquilla","Barranquilla outskirts","taxi","arcgis","existing"
"718","2024-10-08 22:00:00","1728338400000","1728424800000","Valledupar parque de la vida","Valledupar","foot","arcgis","existing"
"719","2024-10-08 22:06:00","1728425040000","1728425160000","La paz","La paz, rio","foot","arcgis","existing"
"720","2024-10-09 22:01:00","1728511200000","1728511260000","Manaure","Manaure","foot","arcgis","existing"
"721","2024-10-07 22:00:00","1728252000000","1728338400000","Valledupar outskirts","Valledupar parque de la vida","foot","arcgis","existing"
"722","2024-10-06 22:00:00","1727993160000","1728252000000","Valledupar rio","Valledupar outskirts","foot","arcgis","existing"
"723","2024-10-03 22:00:00","1727906580000","1727992800000","Maicao outskirts","Police checkpoint","foot","arcgis","existing"
"724","2024-10-03 22:06:00","1727993100000","1727993160000","Valledupar","Valledupar rio","foot","arcgis","existing"
"725","2024-10-03 22:03:00","1727992860000","1727992980000","San Juan de Cesar","San Juan de Cesar","foot","arcgis","existing"
"726","2024-10-02 22:03:00","1727906460000","1727906580000","Maicao","Maicao outskirts","taxi","arcgis","existing"
"727","2024-10-08 22:01:00","1728424800000","1728424860000","Valledupar","Valledupar outskirts","car","arcgis","existing"
"728","2024-10-09 22:00:00","1728425160000","1728511200000","La paz, rio","Manaure","car","arcgis","existing"
"729","2024-10-03 22:01:00","1727992800000","1727992860000","Police checkpoint","San Juan de Cesar","car","arcgis","existing"
"730","2024-10-08 22:04:00","1728424860000","1728425040000","Valledupar outskirts","La paz","car","arcgis","existing"
"731","2024-10-03 22:05:00","1727992980000","1727993100000","San Juan de Cesar","Valledupar","car","arcgis","existing"
"732","2024-10-15 22:00:00","1728943560000","1729029600000","Hatonuevo","Maicao","taxi","arcgis","existing"
"733","2024-10-10 22:00:00","1728511260000","1728597600000","Manaure","Pozo Azul","foot","arcgis","existing"
"734","2024-10-18 22:01:00","1729288800000","1729288860000","Agua Viva","Agua Viva","foot","arcgis","existing"
"735","2024-10-19 22:02:00","1729375200000","1729375320000","Small town in Paramo","Timotes","car","arcgis","existing"
"736","2024-10-13 22:02:00","1728856860000","1728856920000","La Paz","La Paz","foot","arcgis","existing"
"737","2024-10-24 22:03:00","1729807260000","1729807380000","Tabay","Finca Mucuy de Tabay","car","arcgis","existing"
"738","2024-10-20 22:00:00","1729375440000","1729461600000","Timotes","Timotes - Leidas house","foot","arcgis","existing"
"739","2024-10-16 22:00:00","1729029600000","1729116000000","Maicao","Border Colombia - Venezuela","taxi","arcgis","existing"
"740","2024-10-13 22:01:00","1728856800000","1728856860000","Manaure ","La Paz","car","arcgis","existing"
"741","2024-10-11 22:00:00","1728597600000","1728684000000","Pozo Azul","Manaure","car","arcgis","existing"
"742","2024-10-16 22:01:00","1729116000000","1729116060000","Border Colombia - Venezuela","Police station - Venezuela","taxi","arcgis","existing"
"743","2024-10-14 22:06:00","1728943500000","1728943560000","Papayal","Hatonuevo","car","arcgis","existing"
"745","2024-10-13 22:00:00","1728684000000","1728856800000","Manaure","Manaure ","car","arcgis","existing"
"746","2024-10-14 22:01:00","1728943200000","1728943260000","Urumita","El Molino","car","arcgis","existing"
"747","2024-10-14 22:03:00","1728943260000","1728943380000","El Molino","Barrancas","truck","arcgis","existing"
"748","2024-10-24 22:00:00","1729634700000","1729807200000","Mucuchies","Mucuchies","foot","arcgis","existing"
"749","2024-10-17 22:00:00","1729116060000","1729202400000","Police station - Venezuela","Police station","bus","arcgis","existing"
"750","2024-10-19 22:00:00","1729288860000","1729375200000","Agua Viva","Small town in Paramo","car","arcgis","existing"
"751","2024-10-19 22:04:00","1729375320000","1729375440000","Timotes","Timotes","foot","arcgis","existing"
"752","2024-10-22 22:05:00","1729634580000","1729634700000","Muchuchies","Mucuchies","foot","arcgis","existing"
"753","2024-10-17 22:01:00","1729202400000","1729202460000","Police station","Maracaibo","car","arcgis","existing"
"754","2024-10-22 22:00:00","1729461600000","1729634400000","Timotes - Leidas house","Timotes","foot","arcgis","existing"
"755","2024-10-14 22:05:00","1728943380000","1728943500000","Barrancas","Papayal","car","arcgis","existing"
"756","2024-10-14 22:00:00","1728856920000","1728943200000","La Paz","Urumita","car","arcgis","existing"
"757","2024-10-17 22:03:00","1729202460000","1729202580000","Maracaibo","Maracaibo","bus","arcgis","existing"
"758","2024-10-22 22:01:00","1729634400000","1729634460000","Timotes","Apartaderos","truck","arcgis","existing"
"759","2024-10-22 22:03:00","1729634460000","1729634580000","Apartaderos","Muchuchies","car","arcgis","existing"
"760","2024-10-24 22:01:00","1729807200000","1729807260000","Mucuchies","Tabay","bus","arcgis","existing"
"761","2024-10-18 22:00:00","1729202580000","1729288800000","Maracaibo","Agua Viva","bus","arcgis","existing"
"762","2024-11-01 23:01:00","1730502000000","1730502060000","La Culata","First Refugio","foot","arcgis","existing"
"763","2024-11-05 23:02:00","1730847660000","1730847720000","Merida","Merida - Luis house","bus","arcgis","existing"
"764","2024-11-03 23:00:00","1730588400000","1730674800000","Cascada El duende","La Carbonera","foot","arcgis","existing"
"765","2024-11-02 23:00:00","1730502060000","1730588400000","First Refugio","Cascada El duende","foot","arcgis","existing"
"767","2024-11-05 23:01:00","1730847600000","1730847660000","Entrance hot springs","Merida","car","arcgis","existing"
"768","2024-11-04 23:00:00","1730674800000","1730761200000","La Carbonera","Aguas termales Musuy","foot","arcgis","existing"
"769","2024-11-05 23:00:00","1730761200000","1730847600000","Aguas termales Musuy","Entrance hot springs","foot","arcgis","existing"
"770","2024-11-14 23:04:00","1731625380000","1731625440000","Aguas termales entrance","Aguas termales","foot","arcgis","existing"
"771","2024-11-14 23:00:00","1731538920000","1731625200000","Parque Alberto Carnevalli","Mucuchies","car","arcgis","existing"
"772","2024-11-14 23:03:00","1731625260000","1731625380000","Way to agua termales","Aguas termales entrance","car","arcgis","existing"
"773","2024-11-15 23:00:00","1731625440000","1731711600000","Aguas termales","Aguas termales entrance","foot","arcgis","existing"
"774","2024-11-15 23:06:00","1731711840000","1731711960000","Mucuchies","Santo Domingo","car","arcgis","existing"
"775","2024-11-14 23:01:00","1731625200000","1731625260000","Mucuchies","Way to agua termales","car","arcgis","existing"
"776","2024-11-15 23:04:00","1731711660000","1731711840000","Via to Mucuchies","Mucuchies","car","arcgis","existing"
"777","2024-11-15 23:07:00","1731711960000","1731712020000","Santo Domingo","Santo Domingo El Cerrito","foot","arcgis","existing"
"778","2024-11-13 23:00:00","1730847720000","1731538800000","Merida - Luis house","Merida la vuelta","car","arcgis","existing"
"779","2024-11-15 23:01:00","1731711600000","1731711660000","Aguas termales entrance","Via to Mucuchies","car","arcgis","existing"
"780","2024-11-13 23:01:00","1731538800000","1731538860000","Merida la vuelta","Tabay","car","arcgis","existing"
"781","2024-11-13 23:02:00","1731538860000","1731538920000","Tabay","Parque Alberto Carnevalli","car","arcgis","existing"
"782","2024-11-26 23:00:00","1731970920000","1732662000000","Choroni - Tipire","Choroni","foot","arcgis","existing"
"783","2024-11-18 23:02:00","1731970800000","1731970920000","Choroni","Choroni - Tipire","foot","arcgis","existing"
"784","2024-11-18 23:00:00","1731884640000","1731970800000","Maracay Bomberos","Choroni","car","arcgis","existing"
"785","2024-11-17 23:04:00","1731884401000","1731884640000","Maracay","Maracay Bomberos","foot","arcgis","existing"
"786","2024-11-17 23:00:01","1731884400000","1731884401000","Santp Domingo","Maracay","car","arcgis","existing"
"787","2024-11-27 23:01:00","1732748400000","1732748460000","Choroni","Choroni - Tipire","foot","arcgis","existing"
"788","2024-11-29 23:00:00","1732748460000","1732921200000","Choroni - Tipire","Cuyagua","train","arcgis","existing"
"789","2024-11-17 23:00:00","1731712020000","1731884400000","Santo Domingo El Cerrito","Santp Domingo","foot","arcgis","existing"
"790","2024-12-09 23:00:00","1732921200000","1733785200000","Cuyagua","Maracay Terminal","car","arcgis","existing"
"791","2024-12-12 23:03:00","1734044460000","1734044580000","Maracay Terminal","Maracay Hotel Las Americas","foot","arcgis","existing"
"792","2024-12-12 23:01:00","1734044400000","1734044460000","Valencia Terminal","Maracay Terminal","bus","arcgis","existing"
"793","2024-12-14 23:02:00","1734217200000","1734217320000","Maracay","Las Tejeras","car","arcgis","existing"
"794","2024-12-14 23:00:00","1734044580000","1734217200000","Maracay Hotel Las Americas","Maracay","bus","arcgis","existing"
"795","2024-12-12 23:00:00","1733785380000","1734044400000","Valencia","Valencia Terminal","taxi","arcgis","existing"
"796","2024-12-09 23:01:00","1733785200000","1733785260000","Maracay Terminal","Valencia Terminal","bus","arcgis","existing"
"797","2024-12-15 23:00:00","1734217380000","1734303600000","La Victoria","La Victoria","foot","arcgis","existing"
"798","2024-12-16 23:00:00","1734303600000","1734390000000","La Victoria","La Victoria","foot","arcgis","existing"
"799","2024-12-16 23:03:00","1734390060000","1734390180000","Caracas","Caracas","bus","arcgis","existing"
"800","2024-12-09 23:03:00","1733785260000","1733785380000","Valencia Terminal","Valencia","taxi","arcgis","existing"
"801","2024-12-16 23:01:00","1734390000000","1734390060000","La Victoria","Caracas","car","arcgis","existing"
"802","2024-12-14 23:03:00","1734217321000","1734217380000","La Victoria Center","La Victoria","foot","arcgis","existing"
"803","2024-12-14 23:02:01","1734217320000","1734217321000","Las Tejeras","La Victoria Center","bus","arcgis","existing"
"804","2024-12-23 23:01:00","1734994800000","1734994860000","Caracas Airport","Medellin Airport","plane","arcgis","existing"
"805","2024-12-23 23:00:00","1734390180000","1734994800000","Caracas","Caracas Airport","taxi","arcgis","existing"
"806","2024-12-24 09:04:00","1734994860000","1735031040000","Medellin Airport","Medellin Aeropuerto","foot","arcgis","existing"
"807","2024-12-24 23:01:00","1735081200000","1735081260000","Medellin airport","Bogota airport","plane","arcgis","existing"
"808","2024-12-24 23:00:00","1735031040000","1735081200000","Medellin Aeropuerto","Medellin airport","foot","arcgis","existing"
"809","2024-12-24 23:03:00","1735081260000","1735081380000","Bogota airport","Bogota","car","arcgis","existing"
"810","2024-12-24 23:05:00","1735081380000","1735081500000","Bogota","Bogota Santiagos apartment","foot","arcgis","existing"
"811","2024-12-29 23:00:00","1735426800000","1735513200000","Jorges Apartment","Gun Glub Hotel","bus","arcgis","existing"
"812","2024-12-28 23:00:00","1735081500000","1735426800000","Bogota Santiagos apartment","Jorges Apartment","bus","arcgis","existing"
"813","2025-01-01 23:03:00","1735772460000","1735772580000","Leticia airport","Tambo Hostel","foot","arcgis","existing"
"814","2025-01-01 23:00:00","1735513200000","1735772400000","Gun Glub Hotel","Bogota airport","taxi","arcgis","existing"
"815","2025-01-02 23:00:00","1735772580000","1735858800000","Tambo Hostel","Apartment of Thiago","car","arcgis","existing"
"816","2025-01-03 23:00:00","1735858800000","1735945200000","Apartment of Thiago","Tabatinga port","car","arcgis","existing"
"817","2025-01-01 23:01:00","1735772400000","1735772460000","Bogota airport","Leticia airport","plane","arcgis","existing"
"818","2025-01-03 23:01:00","1735945200000","1735945260000","Tabatinga port","Amazonas Ferry","ferry","arcgis","existing"
"819","2025-01-05 23:00:00","1736031600000","1736118000000","Amazon Ferry","Amazon Ferry","ferry","arcgis","existing"
"820","2025-01-04 23:00:00","1735945260000","1736031600000","Amazonas Ferry","Amazon Ferry","ferry","arcgis","existing"
"821","2025-01-06 23:00:00","1736118000000","1736204400000","Amazon Ferry","Amazon Ferry","ferry","arcgis","existing"
"822","2025-01-07 23:00:00","1736204400000","1736290800000","Amazon Ferry","Manaus port","ferry","arcgis","existing"
"823","2025-01-07 23:01:00","1736290800000","1736290860000","Manaus port","Ponta Negra Airbnb","bus","arcgis","existing"
"824","2025-01-18 23:00:00","1737154800000","1737241200000","Madeira Ferry","Madeira Ferry","ferry","arcgis","existing"
"825","2025-01-16 23:00:00","1736982000000","1737068400000","Madeira Ferry","Madeira Ferry","ferry","arcgis","existing"
"826","2025-01-14 23:00:00","1736809260000","1736895600000","Madeira Ferry","Madeira Ferry","ferry","arcgis","existing"
"827","2025-01-19 23:00:00","1737241200000","1737327600000","Madeira Ferry","Port Porto Velho","ferry","arcgis","existing"
"828","2025-01-15 23:00:00","1736895600000","1736982000000","Madeira Ferry","Madeira Ferry","ferry","arcgis","existing"
"829","2025-01-13 23:01:00","1736809200000","1736809260000","Manaus port","Madeira Ferry","ferry","arcgis","existing"
"830","2025-01-13 23:00:00","1736290860000","1736809200000","Ponta Negra Airbnb","Manaus port","bus","arcgis","existing"
"831","2025-01-20 23:00:00","1737327600000","1737414000000","Port Porto Velho","Porto Velho port","foot","arcgis","existing"
"832","2025-01-17 23:00:00","1737068400000","1737154800000","Madeira Ferry","Madeira Ferry","ferry","arcgis","existing"
"833","2025-01-22 23:01:00","1737586800000","1737586860000","Extrema gas station","Intersection to Bolivia","bus","arcgis","existing"
"834","2025-01-20 23:03:00","1737414060000","1737414180000","Porto Velho","Restaurant da Pedra","car","arcgis","existing"
"835","2025-01-21 23:00:00","1737414240000","1737500400000","Restaurante Pedra","Intersection to Bolivia","truck","arcgis","existing"
"836","2025-01-21 23:02:00","1737500400000","1737500520000","Intersection to Bolivia","Extrema","truck","arcgis","existing"
"837","2025-01-20 23:04:00","1737414180000","1737414240000","Restaurant da Pedra","Restaurante Pedra","foot","arcgis","existing"
"838","2025-01-22 23:00:00","1737500640000","1737586800000","Extrema gas station","Extrema gas station","foot","arcgis","existing"
"839","2025-01-20 23:01:00","1737414000000","1737414060000","Porto Velho port","Porto Velho","car","arcgis","existing"
"840","2025-01-21 23:04:00","1737500520000","1737500640000","Extrema","Extrema gas station","foot","arcgis","existing"
"841","2025-01-22 23:02:00","1737586860000","1737586920000","Intersection to Bolivia","Vista Alegre de Abuna","car","arcgis","existing"
"842","2025-01-24 23:02:00","1737759600000","1737759720000","Brasileia","Brasileia","foot","arcgis","existing"
"843","2025-01-22 23:05:00","1737586920000","1737587100000","Vista Alegre de Abuna","Vista Alegre do Abuna","foot","arcgis","existing"
"844","2025-01-24 23:00:00","1737587100000","1737759600000","Vista Alegre do Abuna","Brasileia","car","arcgis","existing"
"845","2025-01-25 23:00:00","1737759720000","1737846000000","Brasileia","Restaurante km 75","car","arcgis","existing"
"846","2025-01-25 23:02:00","1737846000000","1737846120000","Restaurante km 75","Another restaurant","car","arcgis","existing"
"847","2025-01-25 23:04:00","1737846120000","1737846240000","Another restaurant","In the middle of nowhere","truck","arcgis","existing"
"848","2025-01-25 23:07:00","1737846360000","1737846420000","In the middle of nowhere 2.0","Assis Brasil","car","arcgis","existing"
"849","2025-01-25 23:08:00","1737846420000","1737846480000","Assis Brasil","Inapari","foot","arcgis","existing"
"850","2025-01-25 23:06:00","1737846240000","1737846360000","In the middle of nowhere","In the middle of nowhere 2.0","car","arcgis","existing"
"851","2025-01-26 23:05:00","1737932640000","1737932700000","Puerto Maldonado","Puerto Maldonado","taxi","arcgis","existing"
"852","2025-01-26 23:07:00","1737932700000","1737932820000","Puerto Maldonado","Mazuko","car","arcgis","existing"
"853","2025-01-26 23:09:00","1737932820000","1737932940000","Mazuko","Mazuko","foot","arcgis","existing"
"854","2025-01-26 23:01:00","1737932400000","1737932460000","Iberia","Alerta","car","arcgis","existing"
"855","2025-01-30 23:00:00","1738191720000","1738278000000","Pieros apartment","Magic Cusco Hostel","bus","arcgis","existing"
"856","2025-01-31 23:00:00","1738278000000","1738364400000","Magic Cusco Hostel","Pisac","bus","arcgis","existing"
"857","2025-01-26 23:00:00","1737846480000","1737932400000","Inapari","Iberia","car","arcgis","existing"
"858","2025-01-29 23:02:00","1738191600000","1738191720000","Cusco","Pieros apartment","bus","arcgis","existing"
"859","2025-01-28 23:03:00","1738105320000","1738105380000","Cusco center","Bosque de Quenqo","taxi","arcgis","existing"
"860","2025-01-28 23:02:00","1738105200000","1738105320000","Cusco","Cusco center","foot","arcgis","existing"
"861","2025-01-27 23:00:00","1737932940000","1738018800000","Mazuko","Mazuko","foot","arcgis","existing"
"862","2025-01-29 23:00:00","1738105380000","1738191600000","Bosque de Quenqo","Cusco","car","arcgis","existing"
"863","2025-01-28 23:00:00","1738018980000","1738105200000","Saylla","Cusco","car","arcgis","existing"
"864","2025-01-27 23:03:00","1738018860000","1738018980000","Saylla","Saylla","foot","arcgis","existing"
"865","2025-01-27 23:01:00","1738018800000","1738018860000","Mazuko","Saylla","car","arcgis","existing"
"866","2025-01-26 23:04:00","1737932460000","1737932640000","Alerta","Puerto Maldonado","car","arcgis","existing"
"867","2025-02-02 23:00:00","1738364400000","1738537200000","Pisac","Cuyo Chico","foot","arcgis","existing"
"868","2025-02-05 23:03:00","1738796460000","1738796580000","Anta","Anta","foot","arcgis","existing"
"869","2025-02-06 23:01:00","1738882800000","1738882860000","Anta","Inquillpata","car","arcgis","existing"
"870","2025-02-06 23:00:00","1738796580000","1738882800000","Anta","Anta","foot","arcgis","existing"
"871","2025-02-05 23:01:00","1738796400000","1738796460000","Poroy","Anta","truck","arcgis","existing"
"872","2025-02-05 23:00:00","1738623600000","1738796400000","Magic Cusco Hostel","Poroy","bus","arcgis","existing"
"873","2025-02-06 23:05:00","1738883040000","1738883100000","Andahuaylas","Andahuaylas Mirador","taxi","arcgis","existing"
"874","2025-02-03 23:00:00","1738537200000","1738623600000","Cuyo Chico","Magic Cusco Hostel","bus","arcgis","existing"
"875","2025-02-06 23:03:00","1738882860000","1738882980000","Inquillpata","Outside of Abancay","car","arcgis","existing"
"876","2025-02-06 23:04:00","1738882980000","1738883040000","Outside of Abancay","Andahuaylas","car","arcgis","existing"
"877","2025-02-07 23:02:00","1738969200000","1738969320000","Talavera","Talavera","car","arcgis","existing"
"878","2025-02-07 23:08:00","1738969620000","1738969680000","Chincheros","Chincheros Cascada","car","arcgis","existing"
"879","2025-02-07 23:00:00","1738883100000","1738969200000","Andahuaylas Mirador","Talavera","taxi","arcgis","existing"
"880","2025-02-07 23:06:00","1738969500000","1738969560000","Santa Maria de Chicmo","Uripa","car","arcgis","existing"
"881","2025-02-07 23:03:00","1738969320000","1738969380000","Talavera","Quinta curva","car","arcgis","existing"
"882","2025-02-08 23:00:00","1738969680000","1739055600000","Chincheros Cascada","Chincheros","car","arcgis","existing"
"883","2025-02-07 23:05:00","1738969380000","1738969500000","Quinta curva","Santa Maria de Chicmo","car","arcgis","existing"
"884","2025-02-07 23:07:00","1738969560000","1738969620000","Uripa","Chincheros","car","arcgis","existing"
"885","2025-02-08 23:02:00","1739055660000","1739055720000","Ahuayro","Ahuayro police checkpoint","foot","arcgis","existing"
"886","2025-02-08 23:05:00","1739055840000","1739055900000","Ayacucho center","Joshues house","taxi","arcgis","existing"
"887","2025-02-11 23:01:00","1739314800000","1739314860000","Huancayo","Chupaca","bus","arcgis","existing"
"888","2025-02-08 23:01:00","1739055600000","1739055660000","Chincheros","Ahuayro","truck","arcgis","existing"
"889","2025-02-08 23:04:00","1739055720000","1739055840000","Ahuayro police checkpoint","Ayacucho center","car","arcgis","existing"
"890","2025-02-10 23:07:00","1739228760000","1739228820000","Azangaro","Mayocc","car","arcgis","existing"
"891","2025-02-10 23:08:00","1739228820000","1739228880000","Mayocc","La Esmeralda","car","arcgis","existing"
"892","2025-02-10 23:02:00","1739228400000","1739228520000","Muyurina","Outside of Ayacucho","car","arcgis","existing"
"893","2025-02-10 23:06:00","1739228700000","1739228760000","Huanta","Azangaro","truck","arcgis","existing"
"894","2025-02-10 23:09:00","1739228880000","1739228940000","La Esmeralda","Quichuas","car","arcgis","existing"
"895","2025-02-09 23:00:00","1739055900000","1739142000000","Joshues house","Aguas termales de Colpa","bus","arcgis","existing"
"896","2025-02-10 23:00:00","1739142000000","1739228400000","Aguas termales de Colpa","Muyurina","bus","arcgis","existing"
"897","2025-02-10 23:04:00","1739228520000","1739228640000","Outside of Ayacucho","La vega","car","arcgis","existing"
"898","2025-02-11 23:00:00","1739228940000","1739314800000","Quichuas","Huancayo","car","arcgis","existing"
"899","2025-02-10 23:05:00","1739228640000","1739228700000","La vega","Huanta","car","arcgis","existing"
"900","2025-02-13 23:06:00","1739487900000","1739487960000","Jauja","Acolla","car","arcgis","existing"
"901","2025-02-13 23:00:00","1739314860000","1739487600000","Chupaca","Pilcomayo","bus","arcgis","existing"
"902","2025-02-13 23:05:00","1739487840000","1739487900000","Jauja","Jauja","foot","arcgis","existing"
"903","2025-02-15 23:05:00","1739660640000","1739660700000","Nevado Santa Rosa","Mina Raura","car","arcgis","existing"
"904","2025-02-15 23:02:00","1739660460000","1739660520000","Outside of Oyon","Quichas","car","arcgis","existing"
"905","2025-02-15 23:01:00","1739660400000","1739660460000","Oyon","Outside of Oyon","bus","arcgis","existing"
"906","2025-02-13 23:01:00","1739487600000","1739487660000","Pilcomayo","Sicaya","car","arcgis","existing"
"907","2025-02-13 23:13:00","1739488320000","1739488380000","Cerro de Pasco","Cerro de Pasco Hotel","foot","arcgis","existing"
"908","2025-02-15 23:09:00","1739660880000","1739660940000","Banos","Banos hot springs","car","arcgis","existing"
"909","2025-02-13 23:07:00","1739487960000","1739488020000","Acolla","Acolla center","car","arcgis","existing"
"910","2025-02-15 23:07:00","1739660700000","1739660820000","Mina Raura","Mina Raura","car","arcgis","existing"
"911","2025-02-13 23:03:00","1739487660000","1739487780000","Sicaya","Muquiyauyo","car","arcgis","existing"
"912","2025-02-13 23:04:00","1739487780000","1739487840000","Muquiyauyo","Jauja","car","arcgis","existing"
"913","2025-02-14 23:00:00","1739488380000","1739574000000","Cerro de Pasco Hotel","Outside of cerro de Pasco","foot","arcgis","existing"
"914","2025-02-15 23:00:00","1739574420000","1739660400000","Oyon","Oyon","foot","arcgis","existing"
"915","2025-02-15 23:10:00","1739660940000","1739661000000","Banos hot springs","Banos hot springs","foot","arcgis","existing"
"916","2025-02-13 23:10:00","1739488140000","1739488200000","Tarma","Cruze","car","arcgis","existing"
"917","2025-02-14 23:07:00","1739574300000","1739574420000","Oyon","Oyon","foot","arcgis","existing"
"918","2025-02-13 23:09:00","1739488020000","1739488140000","Acolla center","Tarma","car","arcgis","existing"
"919","2025-02-14 23:01:00","1739574000000","1739574060000","Outside of cerro de Pasco","Outside of Cerro de Pasco","car","arcgis","existing"
"920","2025-02-14 23:03:00","1739574060000","1739574180000","Outside of Cerro de Pasco","Yurajhuanca","car","arcgis","existing"
"921","2025-02-15 23:04:00","1739660520000","1739660640000","Quichas","Nevado Santa Rosa","car","arcgis","existing"
"922","2025-02-13 23:12:00","1739488260000","1739488320000","Junin","Cerro de Pasco","car","arcgis","existing"
"923","2025-02-13 23:11:00","1739488200000","1739488260000","Cruze","Junin","car","arcgis","existing"
"924","2025-02-15 23:08:00","1739660820000","1739660880000","Mina Raura","Banos","car","arcgis","existing"
"925","2025-02-14 23:04:30","1739574180000","1739574270000","Yurajhuanca","In the middle of nowhere","bus","arcgis","existing"
"926","2025-02-14 23:05:00","1739574270000","1739574300000","In the middle of nowhere","Oyon","bus","arcgis","existing"
"927","2025-02-20 23:00:00","1740006000000","1740092400000","Huatiaq","Camp Elefante","foot","arcgis","existing"
"928","2025-02-21 23:00:00","1740092400000","1740178800000","Camp Elefante","Aguas termales Gunog","foot","arcgis","existing"
"929","2025-02-16 23:01:00","1739746800000","1739746860000","Banos hot springs","Banos","car","arcgis","existing"
"930","2025-02-22 23:00:00","1740178800000","1740265200000","Aguas termales Gunog","Cajatambo","foot","arcgis","existing"
"931","2025-02-16 23:04:00","1739746920000","1739747040000","La Union","Huallanca","bus","arcgis","existing"
"932","2025-02-19 23:00:00","1739919600000","1740006000000","Turpa","Huatiaq","foot","arcgis","existing"
"933","2025-02-16 23:00:00","1739661000000","1739746800000","Banos hot springs","Banos hot springs","foot","arcgis","existing"
"934","2025-02-16 23:05:00","1739747040000","1739747100000","Huallanca","Cruze por Chiquian","bus","arcgis","existing"
"935","2025-02-18 23:00:00","1739833200000","1739919600000","Pacllon","Turpa","foot","arcgis","existing"
"936","2025-02-17 23:00:00","1739747160000","1739833200000","Chiquian","Pacllon","bus","arcgis","existing"
"937","2025-02-16 23:06:00","1739747100000","1739747160000","Cruze por Chiquian","Chiquian","bus","arcgis","existing"
"938","2025-02-16 23:02:00","1739746860000","1739746920000","Banos","La Union","bus","arcgis","existing"
"939","2025-02-23 23:01:00","1740351600000","1740351660000","Barranca","Barranca, playa colorado","taxi","arcgis","existing"
"940","2025-02-23 23:02:00","1740351660000","1740351720000","Barranca","Barranca, playa colorado","taxi","arcgis","existing"
"941","2025-02-23 23:00:30","1740265200000","1740351630000","Cajatambo","Somewhere","truck","arcgis","existing"
"942","2025-02-23 23:01:00","1740351630000","1740351660000","Somewhere","Barranca","truck","arcgis","existing"
"943","2025-02-24 23:00:00","1740351720000","1740438000000","Barranca, playa colorado","Barranca","taxi","arcgis","existing"
"944","2025-02-24 23:01:00","1740438000000","1740438060000","Barranca","Peaje","car","arcgis","existing"
"945","2025-02-24 23:03:00","1740438060000","1740438180000","Peaje","Conococho","truck","arcgis","existing"
"946","2025-02-24 23:05:00","1740438180000","1740438300000","Conococho","Cruze por Chiquian","car","arcgis","existing"
"947","2025-02-24 23:06:00","1740438300000","1740438360000","Cruze por Chiquian","Chiquian","bus","arcgis","existing"
"948","2025-02-25 23:00:00","1740438360000","1740524400000","Chiquian","Conochocho","car","arcgis","existing"
"949","2025-02-25 23:01:00","1740524400000","1740524460000","Conochocho","Huaraz","car","arcgis","existing"
"950","2025-02-25 23:03:00","1740524460000","1740524580000","Huaraz","Apartment of Elis","foot","arcgis","existing"
"951","2025-02-27 23:00:00","1740610800000","1740697200000","Cheap Hospedaje","Guest House of Steven","foot","arcgis","existing"
"952","2025-02-26 23:00:00","1740524580000","1740610800000","Apartment of Elis","Cheap Hospedaje","foot","arcgis","existing"
"954","2025-03-15 23:00:00","1741994100000","1742079600000","Camp Morena","Nevado Vallunareju","foot","arcgis","existing"
"955","2025-03-14 23:15:00","1741993200000","1741994100000","Laguna Llaca","Camp Morena","foot","arcgis","existing"
"957","2025-03-16 05:02:00","1742101200000","1742101320000","Laguna LLaca","Elis Apartment","car","arcgis","existing"
"958","2025-03-16 05:00:00","1742079600000","1742101200000","Nevado Vallunareju","Laguna LLaca","foot","arcgis","existing"
"959","2025-03-17 23:02:00","1742252460000","1742252520000","Marcara","Carhuaz","car","arcgis","existing"
"960","2025-03-17 23:01:00","1742252400000","1742252460000","Huaraz","Marcara","car","arcgis","existing"
"961","2025-03-17 23:00:00","1742101320000","1742252400000","Elis Apartment","Huaraz","bus","arcgis","existing"
"962","2025-03-17 23:05:00","1742252640000","1742252700000","Huallanca","Huallanca","foot","arcgis","existing"
"963","2025-03-17 23:04:00","1742252520000","1742252640000","Carhuaz","Huallanca","car","arcgis","existing"
"964","2025-03-17 23:09:00","1742252880000","1742252940000","Corongo","Banos termales Aticara","foot","arcgis","existing"
"965","2025-03-17 23:08:00","1742252820000","1742252880000","La Pampa","Corongo","bus","arcgis","existing"
"966","2025-03-17 23:07:00","1742252760000","1742252820000","Yuracmarca","La Pampa","car","arcgis","existing"
"967","2025-03-17 23:06:00","1742252700000","1742252760000","Huallanca","Yuracmarca","car","arcgis","existing"
"968","2025-03-18 23:02:00","1742338860000","1742338920000","Aticara","La pampa","car","arcgis","existing"
"969","2025-03-18 23:01:00","1742338800000","1742338860000","Yupan","Aticara","car","arcgis","existing"
"970","2025-03-18 23:00:00","1742252940000","1742338800000","Banos termales Aticara","Yupan","car","arcgis","existing"
"971","2025-03-18 23:09:00","1742339220000","1742339340000","Santa","Santa","foot","arcgis","existing"
"972","2025-03-18 23:06:00","1742339040000","1742339160000","Cruze to La Pampa","Huarochiri","car","arcgis","existing"
"973","2025-03-19 23:00:00","1742339340000","1742425200000","Santa","Santa","foot","arcgis","existing"
"974","2025-03-18 23:04:00","1742338920000","1742339040000","La pampa","Cruze to La Pampa","car","arcgis","existing"
"975","2025-03-18 23:07:00","1742339160000","1742339220000","Huarochiri","Santa","truck","arcgis","existing"
"976","2025-03-19 23:03:00","1742425260000","1742425380000","Ciudad de dios","Cumbico","car","arcgis","existing"
"977","2025-03-19 23:01:00","1742425200000","1742425260000","Santa","Ciudad de dios","truck","arcgis","existing"
"978","2025-03-20 23:04:00","1742511660000","1742511840000","Cruze to Cumbe Mayo","Close to Cumbe Mayo","foot","arcgis","existing"
"979","2025-03-26 23:00:00","1742943660000","1743030000000","Kinti Wasi","Salida de Cajamarca","bus","arcgis","existing"
"980","2025-03-27 23:00:00","1743030240000","1743116400000","Mirador Cochabamba","Cochabamba","foot","arcgis","existing"
"981","2025-03-20 23:06:00","1742511900000","1742511960000","Cumbe Mayo","Kinti Wasi, Banos de Inca","car","arcgis","existing"
"982","2025-03-24 23:00:00","1742512020000","1742857200000","Kinti Wasi","Choten","bus","arcgis","existing"
"983","2025-03-26 23:04:00","1743030180000","1743030240000","Cochabamba","Mirador Cochabamba","foot","arcgis","existing"
"984","2025-03-20 23:00:00","1742425380000","1742511600000","Cumbico","Cumbico","foot","arcgis","existing"
"985","2025-03-20 23:01:00","1742511600000","1742511660000","Cumbico","Cruze to Cumbe Mayo","car","arcgis","existing"
"986","2025-03-25 23:00:00","1742857260000","1742943600000","Yumagual","Choten","foot","arcgis","existing"
"987","2025-03-20 23:07:00","1742511960000","1742512020000","Kinti Wasi, Banos de Inca","Kinti Wasi","foot","arcgis","existing"
"988","2025-03-20 23:05:00","1742511840000","1742511900000","Close to Cumbe Mayo","Cumbe Mayo","car","arcgis","existing"
"989","2025-03-24 23:01:00","1742857200000","1742857260000","Choten","Yumagual","foot","arcgis","existing"
"990","2025-03-25 23:01:00","1742943600000","1742943660000","Choten","Kinti Wasi","bus","arcgis","existing"
"991","2025-03-26 23:03:00","1743030000000","1743030180000","Salida de Cajamarca","Cochabamba","car","arcgis","existing"
"992","2025-03-27 23:03:00","1743116520000","1743116580000","Chiclayo","Chiclayo","taxi","arcgis","existing"
"993","2025-03-27 23:05:00","1743116640000","1743116700000","Lambayeque","Lambayeque","foot","arcgis","existing"
"994","2025-03-27 23:04:00","1743116580000","1743116640000","Chiclayo","Lambayeque","truck","arcgis","existing"
"995","2025-03-27 23:02:00","1743116400000","1743116520000","Cochabamba","Chiclayo","car","arcgis","existing"
"996","2025-03-28 23:00:00","1743116700000","1743202800000","Lambayeque","Lambeyeque","foot","arcgis","existing"
"997","2025-03-28 23:06:00","1743203100000","1743203160000","Piura","Piura, Apartment of Gabriela","taxi","arcgis","existing"
"998","2025-03-28 23:02:00","1743202800000","1743202920000","Lambeyeque","Morrope","bus","arcgis","existing"
"999","2025-03-28 23:05:00","1743203040000","1743203100000","San Juan","Piura","car","arcgis","existing"
"1000","2025-03-28 23:04:00","1743202920000","1743203040000","Morrope","San Juan","car","arcgis","existing"
"1001","2025-03-29 23:00:00","1743203160000","1743289200000","Piura, Apartment of Gabriela","Piura Eppo","taxi","arcgis","existing"
"1002","2025-03-29 23:01:00","1743289200000","1743289260000","Piura Eppo","Talara Eppo","bus","arcgis","existing"
"1003","2025-03-29 23:02:00","1743289260000","1743289320000","Talara Eppo","Talara","taxi","arcgis","existing"
"1004","2025-04-10 22:00:00","1744236360000","1744322400000","Zorritos","Zorritos","foot","arcgis","existing"
"1005","2025-04-09 22:01:00","1744236000000","1744236060000","Talara","La Campana","bus","arcgis","existing"
"1006","2025-03-29 23:04:00","1743289320000","1743289440000","Talara","Lobitos","car","arcgis","existing"
"1007","2025-04-10 22:04:00","1744322520000","1744322640000","Zarumilla","CEBAF Peru","foot","arcgis","existing"
"1008","2025-04-09 22:06:00","1744236300000","1744236360000","Zorritos","Zorritos","foot","arcgis","existing"
"1009","2025-04-10 22:02:00","1744322460000","1744322520000","Zarumilla","Zarumilla","car","arcgis","existing"
"1010","2025-04-10 22:01:00","1744322400000","1744322460000","Zorritos","Zarumilla","truck","arcgis","existing"
"1011","2025-04-09 22:00:00","1743289500000","1744236000000","Surfcamp El Muelle","Talara","car","arcgis","existing"
"1012","2025-04-10 22:05:00","1744322640000","1744322700000","CEBAF Peru","CEBAF Ecuador","truck","arcgis","existing"
"1013","2025-04-10 22:08:00","1744322820000","1744322880000","Cuenca entrada","Apartment of Royer","bus","arcgis","existing"
"1014","2025-04-11 22:00:00","1744322880000","1744408800000","Apartment of Royer","Apartment of Luis","bus","arcgis","existing"
"1015","2025-03-29 23:05:00","1743289440000","1743289500000","Lobitos","Surfcamp El Muelle","foot","arcgis","existing"
"1016","2025-04-09 22:03:00","1744236060000","1744236180000","La Campana","Mancora","truck","arcgis","existing"
"1017","2025-04-10 22:06:00","1744322700000","1744322760000","CEBAF Ecuador","Jesus Maria","car","arcgis","existing"
"1018","2025-04-10 22:07:00","1744322760000","1744322820000","Jesus Maria","Cuenca entrada","truck","arcgis","existing"
"1019","2025-04-09 22:05:00","1744236180000","1744236300000","Mancora","Zorritos","truck","arcgis","existing"
"1020","2025-04-20 22:00:00","1745100240000","1745186400000","Calpi","Calpi salida","foot","arcgis","existing"
"1021","2025-04-19 22:03:00","1745100120000","1745100180000","Zhud","Calpi","car","arcgis","existing"
"1022","2025-04-20 22:03:00","1745186460000","1745186580000","Chimborazo entrada","Refugio Carrel","car","arcgis","existing"
"1023","2025-04-12 22:00:00","1744408800000","1744495200000","Apartment of Luis","Cafecito Hostel","foot","arcgis","existing"
"1024","2025-04-19 22:02:00","1745100060000","1745100120000","Cuenca intersection","Zhud","car","arcgis","existing"
"1025","2025-04-19 22:00:00","1744495200000","1745100000000","Cafecito Hostel","Cuenca salida","taxi","arcgis","existing"
"1026","2025-04-19 22:04:00","1745100180000","1745100240000","Calpi","Calpi","foot","arcgis","existing"
"1027","2025-04-19 22:01:00","1745100000000","1745100060000","Cuenca salida","Cuenca intersection","car","arcgis","existing"
"1028","2025-04-20 22:01:00","1745186400000","1745186460000","Calpi salida","Chimborazo entrada","car","arcgis","existing"
"1029","2025-04-20 22:05:00","1745186580000","1745186700000","Refugio Carrel","Chimborazo Entrada","car","arcgis","existing"
"1030","2025-04-22 22:04:00","1745359260000","1745359440000","Ambato","Hotel Emperador","foot","arcgis","existing"
"1031","2025-04-21 22:06:00","1745273100000","1745273160000","Guanujo","Middle of nowhere","truck","arcgis","existing"
"1032","2025-04-21 22:05:00","1745186700000","1745273100000","Chimborazo Entrada","Guanujo","car","arcgis","existing"
"1033","2025-04-22 22:01:00","1745359200000","1745359260000","El Salado","Ambato","car","arcgis","existing"
"1034","2025-04-21 22:08:00","1745273220000","1745273280000","Middle of nowhere 2.0","Hot springs","car","arcgis","existing"
"1035","2025-04-21 22:09:00","1745273280000","1745273340000","Hot springs","Hot springs","foot","arcgis","existing"
"1036","2025-04-21 22:07:00","1745273160000","1745273220000","Middle of nowhere","Middle of nowhere 2.0","car","arcgis","existing"
"1037","2025-04-22 22:00:00","1745273340000","1745359200000","Hot springs","El Salado","car","arcgis","existing"
"1038","2025-04-23 22:00:00","1745359440000","1745445600000","Hotel Emperador","Ambato salida","bus","arcgis","existing"
"1039","2025-04-23 22:03:00","1745445720000","1745445780000","Ambato salida 2.0","Banos","car","arcgis","existing"
"1040","2025-04-28 22:00:00","1745445960000","1745877600000","Montano Camping","Puyo","car","arcgis","existing"
"1041","2025-04-23 22:06:00","1745445780000","1745445960000","Banos","Montano Camping","foot","arcgis","existing"
"1042","2025-04-23 22:02:00","1745445600000","1745445720000","Ambato salida","Ambato salida 2.0","truck","arcgis","existing"
"1043","2025-04-29 22:00:00","1745877720000","1745964000000","Puyo Motocross track","Puyo","foot","arcgis","existing"
"1044","2025-04-30 22:00:00","1745964000000","1746050400000","Puyo","Puyo Salida","foot","arcgis","existing"
"1045","2025-05-01 22:03:00","1746136860000","1746136980000","Cruza to Coca","Conocoto","car","arcgis","existing"
"1046","2025-04-30 22:01:00","1746050400000","1746050460000","Puyo Salida","Archidona","truck","arcgis","existing"
"1047","2025-05-01 22:01:00","1746136800000","1746136860000","Archidona","Cruza to Coca","truck","arcgis","existing"
"1048","2025-04-30 22:03:00","1746050520000","1746050580000","Archidona","Batan Cocha balneario","car","arcgis","existing"
"1049","2025-05-01 22:04:00","1746136980000","1746137040000","Conocoto","Conocoto - House of Mateo","car","arcgis","existing"
"1050","2025-05-01 22:00:00","1746050580000","1746136800000","Batan Cocha balneario","Archidona","car","arcgis","existing"
"1051","2025-04-28 22:02:00","1745877600000","1745877720000","Puyo","Puyo Motocross track","taxi","arcgis","existing"
"1052","2025-04-30 22:02:00","1746050460000","1746050520000","Archidona","Archidona","foot","arcgis","existing"
"1053","2025-05-05 22:05:00","1746482640000","1746482700000","El Carmen","El Carmen","foot","arcgis","existing"
"1054","2025-05-06 22:04:00","1746568980000","1746569040000","Canoa","Tramonto Camping","foot","arcgis","existing"
"1055","2025-05-06 22:03:00","1746568920000","1746568980000","San Vicente Salida","Canoa","car","arcgis","existing"
"1056","2025-05-05 22:02:00","1746482460000","1746482520000","Tambillo","Cruze por Santa Domingo","car","arcgis","existing"
"1057","2025-05-05 22:00:00","1746137040000","1746482400000","Conocoto - House of Mateo","Triangulo","foot","arcgis","existing"
"1058","2025-05-05 22:08:00","1746482820000","1746482880000","Chone","Chone","foot","arcgis","existing"
"1059","2025-05-06 22:00:00","1746482880000","1746568800000","Chone","San Antonio","car","arcgis","existing"
"1060","2025-05-06 22:02:00","1746568860000","1746568920000","San Vicente","San Vicente Salida","car","arcgis","existing"
"1061","2025-05-05 22:04:00","1746482580000","1746482640000","Santa Domingo","El Carmen","truck","arcgis","existing"
"1062","2025-05-06 22:01:00","1746568800000","1746568860000","San Antonio","San Vicente","car","arcgis","existing"
"1063","2025-05-05 22:06:00","1746482700000","1746482760000","El Carmen","El Carmen","truck","arcgis","existing"
"1064","2025-05-05 22:03:00","1746482520000","1746482580000","Cruze por Santa Domingo","Santa Domingo","truck","arcgis","existing"
"1065","2025-05-05 22:07:00","1746482760000","1746482820000","El Carmen","Chone","truck","arcgis","existing"
"1066","2025-05-11 08:02:00","1746950460000","1746950520000","Jama","Pedernales","car","arcgis","existing"
"1067","2025-05-12 22:15:00","1747088040000","1747088100000","Triangulo","House of Mateo","foot","arcgis","existing"
"1068","2025-05-12 22:11:00","1747087800000","1747087860000","Machachi","Tambillo","bus","arcgis","existing"
"1069","2025-05-12 22:13:00","1747087920000","1747087980000","Tambillo","El Colibri","car","arcgis","existing"
"1070","2025-05-12 22:08:00","1747087560000","1747087680000","Cotopaxi","Entrance Cotopaxi","foot","arcgis","existing"
"1071","2025-05-12 22:06:00","1747087500000","1747087560000","Cotopaxi Parking","Cotopaxi","bus","arcgis","existing"
"1072","2025-05-12 22:09:00","1747087680000","1747087740000","Entrance Cotopaxi","Santa Ana","car","arcgis","existing"
"1073","2025-05-12 22:12:00","1747087860000","1747087920000","Tambillo","Tambillo","foot","arcgis","existing"
"1074","2025-05-12 22:04:00","1747087260000","1747087440000","Cotopaxi","Cotopaxi Refugio","foot","arcgis","existing"
"1075","2025-05-12 08:00:00","1746951120000","1747036800000","Santa Ana","Park entrance Cotopaxi","car","arcgis","existing"
"1076","2025-05-11 08:10:00","1746950940000","1746951000000","Machachi","Machachi","taxi","arcgis","existing"
"1077","2025-05-12 22:00:00","1747036800000","1747087200000","Park entrance Cotopaxi","Cotopaxi parking","car","arcgis","existing"
"1078","2025-05-11 08:01:00","1746950400000","1746950460000","Canoa ","Jama","car","arcgis","existing"
"1079","2025-05-12 22:14:00","1747087980000","1747088040000","El Colibri","Triangulo","bus","arcgis","existing"
"1080","2025-05-11 08:09:00","1746950880000","1746950940000","Aloag","Machachi","car","arcgis","existing"
"1081","2025-05-11 08:00:00","1746569040000","1746950400000","Tramonto Camping","Canoa ","foot","arcgis","existing"
"1082","2025-05-12 22:05:00","1747087440000","1747087500000","Cotopaxi Refugio","Cotopaxi Parking","foot","arcgis","existing"
"1083","2025-05-11 08:06:00","1746950700000","1746950760000","Santo Domingo","Santo Domingo","car","arcgis","existing"
"1084","2025-05-11 08:11:00","1746951000000","1746951060000","Machachi","On the way to cotopaxi","car","arcgis","existing"
"1085","2025-05-11 08:12:00","1746951060000","1746951120000","On the way to cotopaxi","Santa Ana","car","arcgis","existing"
"1086","2025-05-12 22:01:00","1747087200000","1747087260000","Cotopaxi parking","Cotopaxi","foot","arcgis","existing"
"1087","2025-05-11 08:07:00","1746950760000","1746950820000","Santo Domingo","Alluriquin","truck","arcgis","existing"
"1088","2025-05-11 08:05:00","1746950640000","1746950700000","La Concordia","Santo Domingo","car","arcgis","existing"
"1089","2025-05-12 22:10:00","1747087740000","1747087800000","Santa Ana","Machachi","car","arcgis","existing"
"1090","2025-05-11 08:08:00","1746950820000","1746950880000","Alluriquin","Aloag","car","arcgis","existing"
"1091","2025-05-11 08:04:00","1746950520000","1746950640000","Pedernales","La Concordia","car","arcgis","existing"
"1092","2025-05-05 22:01:00","1746482400000","1746482460000","Triangulo","Tambillo","bus","arcgis","existing"
"1093","2025-05-16 22:06:00","1747433040000","1747433160000","Villagarzon","Mocoa","bus","arcgis","existing"
"1094","2025-05-15 22:08:00","1747346820000","1747346880000","Nueva Loja","Nueva Loja","bus","arcgis","existing"
"1095","2025-05-16 22:01:00","1747432800000","1747432860000","Nueva Loja, salida","La Hormiga","car","arcgis","existing"
"1096","2025-05-16 22:04:00","1747432980000","1747433040000","Yarumo","Villagarzon","car","arcgis","existing"
"1097","2025-05-15 22:07:00","1747346760000","1747346820000","El Chaco","Nueva Loja","car","arcgis","existing"
"1098","2025-05-15 22:06:00","1747346640000","1747346760000","Baeza","El Chaco","car","arcgis","existing"
"1099","2025-05-15 22:04:00","1747346520000","1747346640000","Pifo","Baeza","car","arcgis","existing"
"1100","2025-05-16 22:03:00","1747432860000","1747432980000","La Hormiga","Yarumo","car","arcgis","existing"
"1101","2025-05-15 22:01:00","1747346400000","1747346460000","El Colobri","Peaje","truck","arcgis","existing"
"1102","2025-05-15 22:00:00","1747088100000","1747346400000","House of Mateo","El Colobri","car","arcgis","existing"
"1103","2025-05-15 22:02:00","1747346460000","1747346520000","Peaje","Pifo","car","arcgis","existing"
"1104","2025-05-16 22:08:00","1747433160000","1747433280000","Mocoa","House of Jose","foot","arcgis","existing"
"1105","2025-05-16 22:00:00","1747346880000","1747432800000","Nueva Loja","Nueva Loja, salida","taxi","arcgis","existing"
"1106","2025-05-18 22:06:00","1747605900000","1747605960000","Bogota","Bogota Station Trans Milenio","bus","arcgis","existing"
"1107","2025-05-18 22:07:00","1747605960000","1747606020000","Bogota Station Trans Milenio","House of Charie","foot","arcgis","existing"
"1108","2025-05-18 22:04:00","1747605780000","1747605840000","Espinal salida","Espinal Peaje","car","arcgis","existing"
"1109","2025-05-18 22:00:00","1747519620000","1747605600000","Neiva Hostal","Neiva","foot","arcgis","existing"
"1110","2025-05-18 22:01:00","1747605600000","1747605660000","Neiva","Neiva Peaje","taxi","arcgis","existing"
"1111","2025-05-18 22:05:00","1747605840000","1747605900000","Espinal Peaje","Bogota","car","arcgis","existing"
"1112","2025-05-19 22:00:00","1747606020000","1747692000000","House of Charie","Hotel El Encanto","bus","arcgis","existing"
"1113","2025-05-17 22:04:00","1747519320000","1747519440000","Pitalito","Pitalito Salida","car","arcgis","existing"
"1114","2025-05-17 22:02:00","1747519260000","1747519320000","Mocoa Police Stop","Pitalito","truck","arcgis","existing"
"1115","2025-05-17 22:07:00","1747519500000","1747519620000","Neiva","Neiva Hostal","foot","arcgis","existing"
"1116","2025-05-18 22:03:00","1747605660000","1747605780000","Neiva Peaje","Espinal salida","bus","arcgis","existing"
"1117","2025-05-17 22:05:00","1747519440000","1747519500000","Pitalito Salida","Neiva","car","arcgis","existing"
"1118","2025-05-17 22:01:00","1747519200000","1747519260000","Mocoa Salida","Mocoa Police Stop","car","arcgis","existing"
"1119","2025-05-17 22:00:00","1747433280000","1747519200000","House of Jose","Mocoa Salida","bus","arcgis","existing"
"1120","2025-05-20 22:00:00","1747692000000","1747778400000","Hotel El Encanto","Bogota airport","bus","arcgis","existing"
"1121","2025-05-21 22:01:00","1747778400000","1747864860000","Bogota airport","Madrid Airport","plane","arcgis","existing"
"1122","2025-05-21 22:04:00","1747864920000","1747865040000","Atocha","Roberto apartment","foot","arcgis","existing"
"1123","2025-05-23 22:08:00","1748037960000","1748038080000","Coimbra","Rest area las Esparteras","car","arcgis","existing"
"1124","2025-05-23 22:09:00","1748038080000","1748038140000","Rest area las Esparteras","Campo","foot","arcgis","existing"
"1125","2025-05-23 22:02:00","1748037600000","1748037720000","Madrid Gas station","Mostoles","car","arcgis","existing"
"1126","2025-05-23 22:06:00","1748037900000","1748037960000","Arroyomolino","Coimbra","car","arcgis","existing"
"1127","2025-05-23 22:00:00","1747865040000","1748037600000","Roberto apartment","Madrid Gas station","train","arcgis","existing"
"1128","2025-05-21 22:02:00","1747864860000","1747864920000","Madrid Airport","Atocha","bus","arcgis","existing"
"1129","2025-05-23 22:04:00","1748037720000","1748037840000","Mostoles","Rest area Madrid","car","arcgis","existing"
"1130","2025-05-23 22:05:00","1748037840000","1748037900000","Rest area Madrid","Arroyomolino","car","arcgis","existing"
"1131","2025-05-24 22:06:00","1748124240000","1748124360000","A bit before Caceres","Albergue Caceres","foot","arcgis","existing"
"1132","2025-05-24 22:00:00","1748038140000","1748124000000","Campo","Rest area las Esperteras","foot","arcgis","existing"
"1133","2025-05-24 22:01:00","1748124000000","1748124060000","Rest area las Esperteras","Navalmoral de la Mata","car","arcgis","existing"
"1134","2025-05-24 22:02:00","1748124060000","1748124120000","Navalmoral de la Mata","Rest area before Trujilo","car","arcgis","existing"
"1135","2025-05-24 22:04:00","1748124120000","1748124240000","Rest area before Trujilo","A bit before Caceres","car","arcgis","existing"
"1136","2025-05-27 22:00:00","1748296800000","1748383200000","Canaveral","Galisteo","foot","arcgis","existing"
"1137","2025-05-28 22:00:00","1748383200000","1748469600000","Galisteo","Olivia de Plasencia","foot","arcgis","existing"
"1138","2025-05-25 22:00:00","1748124360000","1748210400000","Albergue Caceres","Casar de Caceres","foot","arcgis","existing"
"1139","2025-05-26 22:00:00","1748210400000","1748296800000","Casar de Caceres","Canaveral","foot","arcgis","existing"
"1140","2025-05-31 22:00:00","1748642400000","1748728800000","Fuenteroble de Salvatierra","San Pedro de Rozados","foot","arcgis","existing"
"1141","2025-05-29 22:00:00","1748470020000","1748556000000","Villars de Plasencia","Villar de Plasencia, highway entrance","foot","arcgis","existing"
"1142","2025-05-29 22:01:00","1748556000000","1748556060000","Villar de Plasencia, highway entrance","Aldeanueva del Camino","car","arcgis","existing"
"1143","2025-05-28 22:02:00","1748469600000","1748469720000","Olivia de Plasencia","Gas station","car","arcgis","existing"
"1144","2025-05-28 22:03:00","1748469720000","1748469780000","Gas station","Ermita","foot","arcgis","existing"
"1145","2025-05-30 22:00:00","1748557440000","1748642400000","Puerto de Bejar","Fuenteroble de Salvatierra","foot","arcgis","existing"
"1146","2025-05-28 22:05:00","1748469780000","1748469900000","Ermita","Villar de Plasencia","car","arcgis","existing"
"1147","2025-05-29 22:24:00","1748556240000","1748557440000","Banos de Montemayor","Puerto de Bejar","car","arcgis","existing"
"1148","2025-06-01 22:00:00","1748728800000","1748815200000","San Pedro de Rozados","Albergue Salamanca","foot","arcgis","existing"
"1149","2025-05-29 22:04:00","1748556060000","1748556240000","Aldeanueva del Camino","Banos de Montemayor","foot","arcgis","existing"
"1150","2025-05-28 22:07:00","1748469900000","1748470020000","Villar de Plasencia","Villars de Plasencia","foot","arcgis","existing"
"1151","2025-06-02 22:01:00","1748901600000","1748901660000","Salamanca train station","Robertos apartment","train","arcgis","existing"
"1152","2025-06-02 22:00:00","1748815200000","1748901600000","Albergue Salamanca","Salamanca train station","foot","arcgis","existing"
"1153","2025-06-03 22:10:00","1748988480000","1748988600000","Barcelona","Rocket Hostel Barcelona","train","arcgis","existing"
"1154","2025-06-03 22:03:00","1748988060000","1748988180000","Alcala de Henares","Alcala de Henares","foot","arcgis","existing"
"1155","2025-06-03 22:01:00","1748988000000","1748988060000","Atocha","Alcala de Henares","train","arcgis","existing"
"1156","2025-06-03 22:05:00","1748988240000","1748988300000","Meco","Rest area","car","arcgis","existing"
"1157","2025-06-03 22:06:00","1748988300000","1748988360000","Rest area","Rest Area","truck","arcgis","existing"
"1158","2025-06-03 22:08:00","1748988420000","1748988480000","Rest area puerto de Barcelona","Barcelona","car","arcgis","existing"
"1159","2025-06-03 22:04:00","1748988180000","1748988240000","Alcala de Henares","Meco","car","arcgis","existing"
"1160","2025-06-03 22:00:00","1748901660000","1748988000000","Robertos apartment","Atocha","foot","arcgis","existing"
"1161","2025-06-03 22:07:00","1748988360000","1748988420000","Rest Area","Rest area puerto de Barcelona","car","arcgis","existing"
"1162","2025-06-04 22:04:00","1749074580000","1749074640000","Cerdanyola","Rest area Barcelona","foot","arcgis","existing"
"1163","2025-06-05 22:01:00","1749160800000","1749160860000","Rest area","Verges","car","arcgis","existing"
"1164","2025-06-04 22:03:00","1749074400000","1749074580000","Cerdanyola del Valles","Cerdanyola","taxi","arcgis","existing"
"1165","2025-06-05 22:00:00","1749074640000","1749160800000","Rest area Barcelona","Rest area","car","arcgis","existing"
"1166","2025-06-04 22:00:00","1748988600000","1749074400000","Rocket Hostel Barcelona","Cerdanyola del Valles","train","arcgis","existing"
"1167","2025-06-05 22:03:00","1749160920000","1749160980000","Perpignan Peage","Narbonne peage","car","arcgis","existing"
"1168","2025-06-05 22:05:00","1749160980000","1749161100000","Narbonne peage","Bezier","car","arcgis","existing"
"1169","2025-06-05 22:12:00","1749161460000","1749161520000","Aubais","Chloes house","foot","arcgis","existing"
"1170","2025-06-05 22:06:00","1749161100000","1749161160000","Bezier","Crossing to Sete","car","arcgis","existing"
"1171","2025-06-05 22:08:00","1749161160000","1749161280000","Crossing to Sete","Aire Montpellier","car","arcgis","existing"
"1172","2025-06-05 22:02:00","1749160860000","1749160920000","Verges","Perpignan Peage","car","arcgis","existing"
"1173","2025-06-05 22:10:00","1749161280000","1749161400000","Aire Montpellier","Montpellier","car","arcgis","existing"
"1174","2025-06-05 22:11:00","1749161400000","1749161460000","Montpellier","Aubais","car","arcgis","existing"
"1175","2025-06-08 22:01:00","1749420000000","1749420060000","Aire Ambrussum","Aire close to Orange","car","arcgis","existing"
"1176","2025-06-08 22:02:00","1749420060000","1749420120000","Aire close to Orange","Grenoble Peage ","car","arcgis","existing"
"1177","2025-06-08 22:03:00","1749420120000","1749420180000","Grenoble Peage ","Allevard","car","arcgis","existing"
"1178","2025-06-08 22:00:00","1749333600000","1749420000000","Chloes house","Aire Ambrussum","car","arcgis","existing"
"1179","2025-06-06 22:00:00","1749161520000","1749247200000","Chloes house","Salad Festival","friends","arcgis","existing"
"1180","2025-06-07 22:00:00","1749247200000","1749333600000","Salad Festival","Chloes house","friends","arcgis","existing"
"1181","2025-06-08 22:05:00","1749420180000","1749420300000","Allevard","Juliettes apartment","foot","arcgis","existing"
"1182","2025-06-15 22:06:00","1750025100000","1750025160000","Geneva","Geneve ourskirts","foot","arcgis","existing"
"1183","2025-06-15 22:00:00","1749420300000","1750024800000","Juliettes apartment","Allevard","foot","arcgis","existing"
"1184","2025-06-15 22:05:00","1750025040000","1750025100000","Border France Switzerland","Geneva","car","arcgis","existing"
"1185","2025-06-15 22:01:00","1750024800000","1750024860000","Allevard","Crets en Belledonne","car","arcgis","existing"
"1186","2025-06-15 22:02:00","1750024860000","1750024920000","Crets en Belledonne","Peage Chambery","car","arcgis","existing"
"1187","2025-06-15 22:04:00","1750024980000","1750025040000","Aire de l'Abis","Border France Switzerland","car","arcgis","existing"
"1188","2025-06-15 22:03:00","1750024920000","1750024980000","Peage Chambery","Aire de l'Abis","car","arcgis","existing"
"1189","2025-06-15 22:07:00","1750025160000","1750025220000","Geneve ourskirts","Plage Perroy","car","arcgis","existing"
"1190","2025-06-16 22:05:00","1750111380000","1750111500000","Bern","Bern Grauholz","car","arcgis","existing"
"1191","2025-06-16 22:07:00","1750111560000","1750111620000","Dietikon","Parents home","friends","arcgis","existing"
"1192","2025-06-16 22:03:00","1750111260000","1750111380000","Vevey","Bern","car","arcgis","existing"
"1193","2025-06-16 22:01:00","1750111200000","1750111260000","Le Pre Neuf","Vevey","car","arcgis","existing"
"1194","2025-06-16 22:00:00","1750025220000","1750111200000","Plage Perroy","Le Pre Neuf","car","arcgis","existing"
"1195","2025-06-16 22:06:00","1750111500000","1750111560000","Bern Grauholz","Dietikon","car","arcgis","existing"
"1196","2025-06-28 22:00:00","1751061900000","1751148000000","Wissenberg","FÃƒÂ¼renalp","foot","arcgis","existing"
"1197","2025-06-28 22:07:00","1751148360000","1751148420000","Schlieren","MÃƒÂ¼lligen","train","arcgis","existing"
"1198","2025-06-27 22:04:00","1751061780000","1751061840000","FÃƒÂ¼renalpbahn","FÃƒÂ¼renalp","train","arcgis","existing"
"1199","2025-06-28 22:01:00","1751148000000","1751148060000","FÃƒÂ¼renalp","FÃƒÂ¼renalp Bahn","train","arcgis","existing"
"1200","2025-06-25 22:04:00","1750888920000","1750889040000","Stansstad","Stans","car","arcgis","existing"
"1201","2025-06-25 22:06:00","1750889100000","1750889160000","Oberdorf","Wolfenschiessen","car","arcgis","existing"
"1202","2025-06-27 22:05:00","1751061840000","1751061900000","FÃƒÂ¼renalp","Wissenberg","foot","arcgis","existing"
"1203","2025-06-29 22:00:00","1751148480000","1751234400000","Parents home","Border Germany Switzerland","friends","arcgis","existing"
"1204","2025-06-28 22:06:00","1751148300000","1751148360000","RaststÃƒÂ¤tte St Katharina","Schlieren","car","arcgis","existing"
"1205","2025-06-27 22:03:00","1751061600000","1751061780000","Engelberg Brunnibahn","FÃƒÂ¼renalpbahn","bus","arcgis","existing"
"1206","2025-06-25 22:01:00","1750888800000","1750888860000","Urdorf","Affoltern am Albis","car","arcgis","existing"
"1207","2025-06-26 22:00:00","1750889340000","1750975200000","Chaiserstuel","?","foot","arcgis","existing"
"1208","2025-06-25 22:02:00","1750888860000","1750888920000","Affoltern am Albis","Stansstad","car","arcgis","existing"
"1209","2025-06-25 22:00:00","1750111620000","1750888800000","Parents home","Urdorf","friends","arcgis","existing"
"1210","2025-06-25 22:07:00","1750889160000","1750889220000","Wolfenschiessen","Oberrickenbach","car","arcgis","existing"
"1211","2025-06-28 22:02:00","1751148060000","1751148120000","FÃƒÂ¼renalp Bahn","Luzern Allmend","car","arcgis","existing"
"1212","2025-06-25 22:05:00","1750889040000","1750889100000","Stans","Oberdorf","car","arcgis","existing"
"1213","2025-06-28 22:04:00","1751148120000","1751148240000","Luzern Allmend","Luzern","foot","arcgis","existing"
"1214","2025-06-28 22:08:00","1751148420000","1751148480000","MÃƒÂ¼lligen","Parents home","foot","arcgis","existing"
"1215","2025-06-25 22:08:00","1750889220000","1750889280000","Oberrickenbach","ChrÃƒÂ¼zhÃƒÂ¼tte","train","arcgis","existing"
"1216","2025-06-28 22:05:00","1751148240000","1751148300000","Luzern","RaststÃƒÂ¤tte St Katharina","car","arcgis","existing"
"1217","2025-06-27 22:00:00","1750975200000","1751061600000","?","Engelberg Brunnibahn","foot","arcgis","existing"
"1218","2025-06-25 22:09:00","1750889280000","1750889340000","ChrÃƒÂ¼zhÃƒÂ¼tte","Chaiserstuel","foot","arcgis","existing"
"1219","2025-06-30 22:03:00","1751320920000","1751320980000","Reststop","DÃƒÂ¼sseldorf","car","arcgis","existing"
"1220","2025-06-30 22:06:00","1751320980000","1751321160000","DÃƒÂ¼sseldorf","Lolas home","train","arcgis","existing"
"1221","2025-06-30 22:00:00","1751234940000","1751320800000","Dutenhofener See","Dutenhofen","foot","arcgis","existing"
"1222","2025-06-29 22:08:00","1751234820000","1751234880000","LÃƒÂ¼tzellinden","Dutenhofen","car","arcgis","existing"
"1223","2025-06-29 22:09:00","1751234880000","1751234940000","Dutenhofen","Dutenhofener See","foot","arcgis","existing"
"1224","2025-06-30 22:01:00","1751320800000","1751320860000","Dutenhofen","Close to Giessen","car","arcgis","existing"
"1225","2025-06-29 22:07:00","1751234760000","1751234820000","Close to Giessen","LÃƒÂ¼tzellinden","car","arcgis","existing"
"1226","2025-06-29 22:02:00","1751234400000","1751234520000","Border Germany Switzerland","Raststatt BÃƒÂ¼hl","car","arcgis","existing"
"1227","2025-06-29 22:04:00","1751234520000","1751234640000","Raststatt BÃƒÂ¼hl","Raststatt Bruchsal","car","arcgis","existing"
"1228","2025-06-29 22:06:00","1751234640000","1751234760000","Raststatt Bruchsal","Close to Giessen","car","arcgis","existing"
"1229","2025-07-02 22:00:00","1751321160000","1751493600000","Lolas home","DÃƒÂ¼sseldorf","foot","arcgis","existing"
"1230","2025-06-30 22:02:00","1751320860000","1751320920000","Close to Giessen","Reststop","car","arcgis","existing"
"1231","2025-07-02 22:05:00","1751493840000","1751493900000","RaststÃƒÂ¤tte bei Werl","Rest area","car","arcgis","existing"
"1232","2025-07-02 22:06:00","1751493900000","1751493960000","Rest area","Dresden","car","arcgis","existing"
"1233","2025-07-02 22:04:00","1751493780000","1751493840000","Dortmund","RaststÃƒÂ¤tte bei Werl","car","arcgis","existing"
"1234","2025-07-02 22:08:00","1751493960000","1751494080000","Dresden","Bautzen","car","arcgis","existing"
"1235","2025-07-02 22:01:00","1751493600000","1751493660000","DÃƒÂ¼sseldorf","Essen","car","arcgis","existing"
"1236","2025-07-02 22:03:00","1751493660000","1751493780000","Essen","Dortmund","car","arcgis","existing"
"1237","2025-07-02 22:11:00","1751494200000","1751494260000","Jiretin","Svor","car","arcgis","existing"
"1238","2025-07-02 22:12:00","1751494260000","1751494320000","Svor","Liberec","car","arcgis","existing"
"1239","2025-07-02 22:09:00","1751494080000","1751494140000","Bautzen","Rumburk","car","arcgis","existing"
"1240","2025-07-02 22:13:00","1751494320000","1751494380000","Liberec","Jablonec","friends","arcgis","existing"
"1241","2025-07-02 22:10:00","1751494140000","1751494200000","Rumburk","Jiretin","car","arcgis","existing"
"1242","2025-07-03 22:00:00","1751494380000","1751580000000","Jablonec","Pec pod Snezkou","friends","arcgis","existing"
"1243","2025-07-04 22:00:00","1751580000000","1751666400000","Pec pod Snezkou","Bukowa Lake","friends","arcgis","existing"
"1244","2025-07-05 22:00:00","1751666400000","1751752800000","Bukowa Lake","Gosias house","friends","arcgis","existing"
"1245","2025-07-08 22:00:00","1751925600000","1752012000000","Gosias house","Park in Gdansk","bike","arcgis","existing"
"1246","2025-07-09 22:00:00","1752012000000","1752098400000","Park in Gdansk","Gosias house","bike","arcgis","existing"
"1247","2025-07-07 22:00:00","1751839200000","1751925600000","Lake House Gosia","Gosias house","friends","arcgis","existing"
"1248","2025-07-10 22:00:00","1752098400000","1752184800000","Gosias house","Rest area close to Gdansk","friends","arcgis","existing"
"1249","2025-07-06 22:00:00","1751752800000","1751839200000","Gosias house","Lake House Gosia","friends","arcgis","existing"
"1250","2025-07-10 22:02:00","1752184860000","1752184920000","Koszalin","Koszalin","car","arcgis","existing"
"1251","2025-07-10 22:05:00","1752185040000","1752185100000","Berlin","Davids parents","car","arcgis","existing"
"1252","2025-07-10 22:03:00","1752184920000","1752184980000","Koszalin","Szczecin","car","arcgis","existing"
"1253","2025-07-10 22:01:00","1752184800000","1752184860000","Rest area close to Gdansk","Koszalin","car","arcgis","existing"
"1254","2025-07-10 22:04:00","1752184980000","1752185040000","Szczecin","Berlin","car","arcgis","existing"
"1255","2025-07-13 22:05:00","1752444240000","1752444300000","Gescher","Lola and Raul","car","arcgis","existing"
"1256","2025-07-13 22:00:00","1752185100000","1752444000000","Davids parents","Berlin Wannsee","train","arcgis","existing"
"1257","2025-07-13 22:02:00","1752444060000","1752444120000","Berlin","Berlin","car","arcgis","existing"
"1258","2025-07-13 22:01:00","1752444000000","1752444060000","Berlin Wannsee","Berlin","car","arcgis","existing"
"1259","2025-07-13 22:04:00","1752444120000","1752444240000","Berlin","Gescher","car","arcgis","existing"
"1260","2025-07-15 22:02:00","1752616860000","1752616920000","Duisburg","Heek","car","arcgis","existing"
"1261","2025-07-15 22:05:00","1752617040000","1752617100000","Gronau","Lucia","car","arcgis","existing"
"1262","2025-07-15 22:03:00","1752616920000","1752616980000","Heek","Epe","car","arcgis","existing"
"1263","2025-07-15 22:04:00","1752616980000","1752617040000","Epe","Gronau","foot","arcgis","existing"
"1264","2025-07-15 22:00:00","1752444300000","1752616800000","Lola and Raul","RaststÃƒÂ¤tte","friends","arcgis","existing"
"1265","2025-07-15 22:01:00","1752616800000","1752616860000","RaststÃƒÂ¤tte","Duisburg","car","arcgis","existing"
"1266","2025-07-15 22:07:00","1752617160000","1752617220000","Enschede","Enschede - Marie","foot","arcgis","existing"
"1267","2025-07-15 22:06:00","1752617100000","1752617160000","Lucia","Enschede","car","arcgis","existing"
"1268","2025-07-17 22:00:00","1752703200000","1752789600000","Liege, Maries parents","Aire de Tignee","friends","arcgis","existing"
"1269","2025-07-17 22:02:00","1752789660000","1752789720000","Marc","Aire de Verlaine","car","arcgis","existing"
"1270","2025-07-19 22:09:00","1752962820000","1752962940000","Guingamp","Lannion","car","arcgis","existing"
"1271","2025-07-23 22:00:00","1753221660000","1753308000000","Tregastel","Tregastel","foot","arcgis","existing"
"1272","2025-07-17 22:06:00","1752789900000","1752789960000","Aire de Saint Ghislain","Saint Ghislain","foot","arcgis","existing"
"1273","2025-07-17 22:08:00","1752790020000","1752790080000","Vilerot","Saint Ghislain","foot","arcgis","existing"
"1274","2025-07-18 22:00:00","1752790080000","1752876000000","Saint Ghislain","Aire de Saint Ghislain","foot","arcgis","existing"
"1275","2025-07-17 22:07:00","1752789960000","1752790020000","Saint Ghislain","Vilerot","car","arcgis","existing"
"1276","2025-07-18 22:06:00","1752876300000","1752876360000","Carpiquet","Centre commercial","foot","arcgis","existing"
"1277","2025-07-16 22:00:00","1752617220000","1752703200000","Enschede - Marie","Liege, Maries parents","friends","arcgis","existing"
"1278","2025-07-18 22:09:00","1752876480000","1752876540000","Colleville","Omaha beach","foot","arcgis","existing"
"1279","2025-07-19 22:05:00","1752962580000","1752962700000","Subles","La masse","car","arcgis","existing"
"1280","2025-07-19 22:00:00","1752876540000","1752962400000","Omaha beach","American cemetery","foot","arcgis","existing"
"1281","2025-07-18 22:07:00","1752876360000","1752876420000","Centre commercial","Bayeux","car","arcgis","existing"
"1282","2025-07-24 22:00:00","1753308000000","1753394400000","Tregastel","Perros Guirec","foot","arcgis","existing"
"1283","2025-07-19 22:10:00","1752962940000","1752963000000","Lannion","Lannion, house of Denis and Yannick","foot","arcgis","existing"
"1284","2025-07-22 22:00:00","1753135200000","1753221600000","Lannion, house of Yann","Trebeurden","car","arcgis","existing"
"1285","2025-07-19 22:02:00","1752962460000","1752962520000","Le cavee","Bayeux","car","arcgis","existing"
"1286","2025-07-19 22:06:00","1752962700000","1752962760000","La masse","Aire de la Vallee de la Vire Gouvets","car","arcgis","existing"
"1287","2025-07-19 22:03:00","1752962520000","1752962580000","Bayeux","Subles","car","arcgis","existing"
"1288","2025-07-19 22:01:00","1752962400000","1752962460000","American cemetery","Le cavee","car","arcgis","existing"
"1289","2025-07-18 22:08:00","1752876420000","1752876480000","Bayeux","Colleville","car","arcgis","existing"
"1290","2025-07-21 22:00:00","1753048800000","1753135200000","Trebeurden","Lannion, house of Yann","car","arcgis","existing"
"1291","2025-07-19 22:07:00","1752962760000","1752962820000","Aire de la Vallee de la Vire Gouvets","Guingamp","car","arcgis","existing"
"1292","2025-07-22 22:01:00","1753221600000","1753221660000","Trebeurden","Tregastel","foot","arcgis","existing"
"1293","2025-07-17 22:01:00","1752789600000","1752789660000","Aire de Tignee","Marc","car","arcgis","existing"
"1294","2025-07-20 22:00:00","1752963000000","1753048800000","Lannion, house of Denis and Yannick","Trebeurden","foot","arcgis","existing"
"1295","2025-07-17 22:05:00","1752789840000","1752789900000","Aire de Spy","Aire de Saint Ghislain","car","arcgis","existing"
"1296","2025-07-18 22:03:00","1752876060000","1752876180000","Caen","Caen","car","arcgis","existing"
"1297","2025-07-17 22:04:00","1752789720000","1752789840000","Aire de Verlaine","Aire de Spy","truck","arcgis","existing"
"1298","2025-07-18 22:05:00","1752876180000","1752876300000","Caen","Carpiquet","car","arcgis","existing"
"1299","2025-07-18 22:01:00","1752876000000","1752876060000","Aire de Saint Ghislain","Caen","car","arcgis","existing"
"1300","2025-07-26 22:06:00","1753567500000","1753567560000","Treguier","Lannion","car","arcgis","existing"
"1301","2025-07-27 22:00:00","1753567620000","1753653600000","Lannion, house of Denis and Yannick","Lannion","foot","arcgis","existing"
"1302","2025-07-26 22:00:00","1753481100000","1753567200000","Port Blanc","Port Blanc","foot","arcgis","existing"
"1303","2025-07-26 22:02:00","1753567260000","1753567320000","Penvenan","Porz Scaff","car","arcgis","existing"
"1304","2025-07-25 22:05:00","1753481040000","1753481100000","Port Blanc","Port Blanc","foot","arcgis","existing"
"1305","2025-07-26 22:07:00","1753567560000","1753567620000","Lannion","Lannion, house of Denis and Yannick","foot","arcgis","existing"
"1306","2025-07-25 22:04:00","1753480980000","1753481040000","Penvenan","Port Blanc","car","arcgis","existing"
"1307","2025-07-26 22:03:00","1753567320000","1753567380000","Porz Scaff","Keravel","foot","arcgis","existing"
"1308","2025-07-26 22:01:00","1753567200000","1753567260000","Port Blanc","Penvenan","car","arcgis","existing"
"1309","2025-07-27 22:01:00","1753653600000","1753653660000","Lannion","Begard","car","arcgis","existing"
"1310","2025-07-27 22:02:00","1753653660000","1753653720000","Begard","Saint Brieuc","friends","arcgis","existing"
"1311","2025-07-26 22:05:00","1753567440000","1753567500000","Treguier","Treguier","foot","arcgis","existing"
"1312","2025-07-25 22:01:00","1753480800000","1753480860000","Nantouar","Louannec","car","arcgis","existing"
"1313","2025-07-26 22:04:00","1753567380000","1753567440000","Keravel","Treguier","car","arcgis","existing"
"1314","2025-07-25 22:03:00","1753480860000","1753480980000","Louannec","Penvenan","car","arcgis","existing"
"1315","2025-07-25 22:00:00","1753394400000","1753480800000","Perros Guirec","Nantouar","foot","arcgis","existing"
"1316","2025-07-27 22:04:20","1753653840000","1753653860000","Saint Alban","La Croix des Landes","car","arcgis","existing"
"1317","2025-07-27 22:05:00","1753653890000","1753653900000","La Couture","Erqui","car","arcgis","existing"
"1318","2025-07-27 22:04:50","1753653860000","1753653890000","La Croix des Landes","La Couture","car","arcgis","existing"
"1319","2025-07-27 22:04:00","1753653720000","1753653840000","Saint Brieuc","Saint Alban","car","arcgis","existing"
"1320","2025-07-27 22:07:00","1753653960000","1753654020000","Matignon","Tregon","car","arcgis","existing"
"1321","2025-07-27 22:08:00","1753654020000","1753654080000","Tregon","St Malo","car","arcgis","existing"
"1322","2025-07-28 22:09:00","1753740480000","1753740540000","Angers","Peage de Restigne","car","arcgis","existing"
"1323","2025-07-27 22:09:00","1753654080000","1753654140000","St Malo","Les Portes Rouges","car","arcgis","existing"
"1324","2025-07-28 22:06:00","1753740300000","1753740360000","Martigny Ferchaud","Chateaubriant","car","arcgis","existing"
"1325","2025-07-28 22:13:00","1753740720000","1753740780000","Peage de Vienne","Peage de Vienne","foot","arcgis","existing"
"1326","2025-07-28 22:00:00","1753654610000","1753740000000","La Greve","La Greve","foot","arcgis","existing"
"1327","2025-07-28 22:12:00","1753740600000","1753740720000","Aire de Bourges","Peage de Vienne","truck","arcgis","existing"
"1328","2025-07-28 22:10:00","1753740540000","1753740600000","Peage de Restigne","Aire de Bourges","car","arcgis","existing"
"1329","2025-07-27 22:06:00","1753653900000","1753653960000","Erqui","Matignon","car","arcgis","existing"
"1330","2025-07-27 22:14:00","1753654380000","1753654440000","Ponterson","Mont St Michel","car","arcgis","existing"
"1331","2025-07-28 22:07:00","1753740360000","1753740420000","Chateaubriant","La Chapelle-Glain","car","arcgis","existing"
"1332","2025-07-27 22:10:00","1753654140000","1753654200000","Les Portes Rouges","Le Vivier sur Mer","car","arcgis","existing"
"1333","2025-07-28 22:03:00","1753740120000","1753740180000","Janze","Retiers","car","arcgis","existing"
"1334","2025-07-28 22:01:00","1753740000000","1753740060000","La Greve","Ponterson","car","arcgis","existing"
"1335","2025-07-27 22:11:00","1753654200000","1753654260000","Le Vivier sur Mer","L'Hebergement","car","arcgis","existing"
"1336","2025-07-27 22:15:00","1753654440000","1753654500000","Mont St Michel","La Greve","car","arcgis","existing"
"1337","2025-07-28 22:08:00","1753740420000","1753740480000","La Chapelle-Glain","Angers","car","arcgis","existing"
"1338","2025-07-27 22:16:50","1753654500000","1753654610000","La Greve","La Greve","foot","arcgis","existing"
"1339","2025-07-27 22:12:00","1753654260000","1753654320000","L'Hebergement","La Fontaine au Jeune","car","arcgis","existing"
"1340","2025-07-28 22:05:00","1753740180000","1753740300000","Retiers","Martigny Ferchaud","car","arcgis","existing"
"1341","2025-07-27 22:13:00","1753654320000","1753654380000","La Fontaine au Jeune","Ponterson","car","arcgis","existing"
"1342","2025-07-28 22:02:00","1753740060000","1753740120000","Ponterson","Janze","car","arcgis","existing"
"1343","2025-07-29 22:05:00","1753826640000","1753826700000","Voreppe","Aire before Grenoble","foot","arcgis","existing"
"1344","2025-07-29 22:04:00","1753826520000","1753826640000","Beaurepaire","Voreppe","car","arcgis","existing"
"1345","2025-07-29 22:02:00","1753826460000","1753826520000","Bouge Chambalud","Beaurepaire","car","arcgis","existing"
"1346","2025-07-29 22:01:00","1753826400000","1753826460000","Chanas","Bouge Chambalud","car","arcgis","existing"
"1347","2025-07-29 22:00:00","1753740780000","1753826400000","Peage de Vienne","Chanas","car","arcgis","existing"
"1348","2025-07-29 22:08:00","1753826820000","1753826880000","Allevard","Allevard","foot","arcgis","existing"
"1349","2025-07-29 22:06:00","1753826700000","1753826760000","Aire before Grenoble","Goncelin","car","arcgis","existing"
"1350","2025-07-29 22:07:00","1753826760000","1753826820000","Goncelin","Allevard","car","arcgis","existing"
"1351","2023-10-30 23:00:01","1698706800000","1698706801000","Ceuta Bus","Ceuta border","bus","arcgis","existing"
"1352","2025-07-30 22:10:00","1753913340000","1753913400000","Geneva","Maries place","foot","arcgis","existing"
"1353","2025-08-07 22:05:00","1754604240000","1754604300000","Voralp","Voralpsee","foot","arcgis","existing"
"1354","2025-08-12 22:00:00","1754949900000","1755036000000","HÃƒÂ¼ttchopf","Scheidegg","foot","arcgis","existing"
"1355","2025-08-14 22:04:00","1755208920000","1755209040000","Bonstetterpark","Bonstetterpark","foot","arcgis","existing"
"1356","2025-07-30 22:00:00","1753826880000","1753912800000","Allevard","Allevard","foot","arcgis","existing"
"1357","2025-08-15 22:07:00","1755295560000","1755295620000","Kindhausen","Egelsee","foot","arcgis","existing"
"1358","2025-08-08 22:00:00","1754604300000","1754690400000","Voralpsee","Voralp","foot","arcgis","existing"
"1359","2025-08-19 22:00:00","1755554880000","1755640800000","Dole","Dole","foot","arcgis","existing"
"1360","2025-08-11 22:01:00","1754949600000","1754949660000","Wald","Wald","foot","arcgis","existing"
"1361","2025-08-11 22:05:00","1754949840000","1754949900000","Scheidegg","HÃƒÂ¼ttchopf","foot","arcgis","existing"
"1362","2025-08-29 22:01:00","1756504800000","1756504860000","BifrÃƒÂ¶st","Campspot next to a river","foot","arcgis","existing"
"1363","2025-08-21 22:01:00","1755813600000","1755813660000","Airtport Paris","Keflavik Airport","plane","arcgis","existing"
"1364","2025-08-18 22:00:00","1755468000000","1755554400000","Limmat","Dietikon","foot","arcgis","existing"
"1365","2025-08-18 22:08:00","1755554760000","1755554880000","Dole center","Dole","foot","arcgis","existing"
"1366","2025-08-30 22:06:00","1756591440000","1756591560000","Hitchhike trip #4","Hitchhike trip #5","car","arcgis","existing"
"1367","2025-08-16 22:00:00","1755295620000","1755381600000","Egelsee","Widen","foot","arcgis","existing"
"1368","2025-08-30 22:08:00","1756591620000","1756591680000","Hitchike trip #6","Mariannas place","car","arcgis","existing"
"1369","2025-08-30 22:00:00","1756504860000","1756591200000","Campspot next to a river","BifrÃƒÂ¶st","foot","arcgis","existing"
"1370","2025-08-14 22:00:00","1755036300000","1755208800000","Parents home","Thun","train","arcgis","existing"
"1371","2025-08-15 22:05:00","1755295320000","1755295500000","Interlaken","Luzern","car","arcgis","existing"
"1372","2025-08-30 22:04:00","1756591320000","1756591440000","Hitchhike trip #3","Hitchhike trip #4","car","arcgis","existing"
"1374","2025-08-30 22:02:00","1756591280000","1756591320000","Hitchhike trip #2","Hitchhike trip #3","car","arcgis","existing"
"1375","2025-08-30 22:07:00","1756591560000","1756591620000","Hitchhike trip #5","Hitchike trip #6","car","arcgis","existing"
"1376","2025-08-08 22:04:00","1754690580000","1754690640000","Heidiland","Weesen","car","arcgis","existing"
"1377","2025-08-31 22:02:00","1756677660000","1756677720000","Grundarfoss","GrundarfjÃƒÂ¶rdur","car","arcgis","existing"
"1378","2025-08-31 22:01:00","1756677600000","1756677660000","Borganes","Grundarfoss","car","arcgis","existing"
"1379","2025-08-31 22:05:00","1756677840000","1756677900000","Olafsvik","Laxafoss","car","arcgis","existing"
"1380","2025-08-15 22:06:00","1755295500000","1755295560000","Luzern","Kindhausen","friends","arcgis","existing"
"1381","2025-08-21 22:03:00","1755813660000","1755813780000","Keflavik Airport","Mariannas place","friends","arcgis","existing"
"1382","2025-08-31 22:07:00","1756677960000","1756678020000","Laxafoss","Laxafoss","foot","arcgis","existing"
"1383","2025-08-15 22:02:00","1755295260000","1755295320000","Spiez","Interlaken","car","arcgis","existing"
"1384","2025-08-07 22:02:00","1754604060000","1754604120000","Sargans","Buchs","car","arcgis","existing"
"1385","2025-08-08 22:03:00","1754690460000","1754690580000","Buchs","Heidiland","car","arcgis","existing"
"1386","2025-07-30 22:05:00","1753913040000","1753913100000","Peage before Chambery","Aix les Bains","car","arcgis","existing"
"1387","2025-08-12 22:01:00","1755036000000","1755036060000","Scheidegg","Wald","car","arcgis","existing"
"1388","2025-08-08 22:06:00","1754690640000","1754690760000","Weesen","Parents home","car","arcgis","existing"
"1389","2025-08-18 22:06:00","1755554700000","1755554760000","Dole","Dole center","car","arcgis","existing"
"1390","2025-08-18 22:02:00","1755554460000","1755554520000","Basel Border","Mulhouse","car","arcgis","existing"
"1391","2025-08-16 22:01:00","1755381600000","1755381660000","Widen","Parents home","friends","arcgis","existing"
"1392","2025-08-11 22:00:00","1754690760000","1754949600000","Parents home","Wald","friends","arcgis","existing"
"1393","2025-08-31 22:00:00","1756591680000","1756677600000","Mariannas place","Borganes","car","arcgis","existing"
"1394","2025-08-19 22:02:00","1755640860000","1755640920000","Dole peage","Dijon","car","arcgis","existing"
"1395","2025-08-19 22:03:00","1755640920000","1755640980000","Dijon","Peage A6","car","arcgis","existing"
"1396","2025-08-18 22:05:00","1755554580000","1755554700000","Besancon","Dole","car","arcgis","existing"
"1397","2025-08-17 22:00:00","1755381660000","1755468000000","Parents home","Limmat","friends","arcgis","existing"
"1398","2025-08-11 22:03:00","1754949660000","1754949780000","Wald","HÃƒÂ¼ebli","car","arcgis","existing"
"1399","2025-08-11 22:04:00","1754949780000","1754949840000","HÃƒÂ¼ebli","Scheidegg","car","arcgis","existing"
"1400","2025-08-29 22:00:00","1756332000000","1756504800000","Tree planting place","BifrÃƒÂ¶st","car","arcgis","existing"
"1401","2025-08-30 22:01:20","1756591260000","1756591280000","Hitchhike trip #1","Hitchhike trip #2","car","arcgis","existing"
"1402","2025-08-18 22:03:00","1755554520000","1755554580000","Mulhouse","Besancon","truck","arcgis","existing"
"1403","2025-08-08 22:01:00","1754690400000","1754690460000","Voralp","Buchs","car","arcgis","existing"
"1404","2025-08-26 22:00:00","1756159200000","1756245600000","Western Fjords","Hot Springs","friends","arcgis","existing"
"1405","2025-08-15 22:00:00","1755209040000","1755295200000","Bonstetterpark","Verkehrshaus","friends","arcgis","existing"
"1406","2025-08-14 22:02:00","1755208860000","1755208920000","Thunerseespiele","Bonstetterpark","friends","arcgis","existing"
"1407","2025-08-07 22:01:00","1754604000000","1754604060000","Brunau","Sargans","car","arcgis","existing"
"1408","2025-07-30 22:09:00","1753913280000","1753913340000","Annemasse","Geneva","car","arcgis","existing"
"1409","2025-08-12 22:04:00","1755036060000","1755036240000","Wald","Wald","car","arcgis","existing"
"1410","2025-07-30 22:01:00","1753912800000","1753912860000","Allevard","Crets en Belledonne","car","arcgis","existing"
"1411","2025-08-31 22:09:00","1756678080000","1756678140000","Hellissandur","Olafsvik","car","arcgis","existing"
"1412","2025-08-19 22:01:00","1755640800000","1755640860000","Dole","Dole peage","car","arcgis","existing"
"1413","2025-08-14 22:01:00","1755208800000","1755208860000","Thun","Thunerseespiele","bus","arcgis","existing"
"1414","2025-08-18 22:01:00","1755554400000","1755554460000","Dietikon","Basel Border","car","arcgis","existing"
"1415","2025-08-31 22:12:00","1756678260000","1756678320000","Road to Glymur","Mariannas place","car","arcgis","existing"
"1416","2025-09-01 22:01:00","1756764000000","1756764060000","Parking","Thingvellir National Park","car","arcgis","existing"
"1418","2025-08-19 22:09:00","1755641100000","1755641340000","Villeneuve Saint-Georges","Yann home","bus","arcgis","existing"
"1419","2025-08-19 22:04:00","1755640980000","1755641040000","Peage A6","Auxerre","car","arcgis","existing"
"1420","2025-08-31 22:03:00","1756677720000","1756677780000","GrundarfjÃƒÂ¶rdur","Kirkjufell Mountain","car","arcgis","existing"
"1421","2025-08-21 22:00:00","1755641340000","1755813600000","Yann home","Airtport Paris","bus","arcgis","existing"
"1422","2025-08-07 22:04:00","1754604120000","1754604240000","Buchs","Voralp","friends","arcgis","existing"
"1423","2025-07-30 22:04:00","1753912920000","1753913040000","Goncelin","Peage before Chambery","car","arcgis","existing"
"1424","2025-08-15 22:01:00","1755295200000","1755295260000","Verkehrshaus","Spiez","car","arcgis","existing"
"1425","2025-08-19 22:05:00","1755641040000","1755641100000","Auxerre","Villeneuve Saint-Georges","car","arcgis","existing"
"1426","2025-07-30 22:02:00","1753912860000","1753912920000","Crets en Belledonne","Goncelin","car","arcgis","existing"
"1427","2025-08-25 22:00:00","1755813780000","1756159200000","Mariannas place","Western Fjords","friends","arcgis","existing"
"1428","2025-08-31 22:06:00","1756677900000","1756677960000","Laxafoss","Laxafoss","car","arcgis","existing"
"1429","2025-08-30 22:00:20","1756591200000","1756591220000","BifrÃƒÂ¶st","Borganes","car","arcgis","existing"
"1430","2025-07-30 22:08:00","1753913100000","1753913280000","Aix les Bains","Annemasse","car","arcgis","existing"
"1431","2025-08-12 22:05:00","1755036240000","1755036300000","Wald","Parents home","friends","arcgis","existing"
"1432","2025-08-31 22:04:00","1756677780000","1756677840000","Kirkjufell Mountain","Olafsvik","car","arcgis","existing"
"1433","2025-08-07 22:00:00","1753999200000","1754604000000","Parents home","Brunau","bus","arcgis","existing"
"1434","2025-09-01 22:00:00","1756678320000","1756764000000","Mariannas place","Parking","friends","arcgis","existing"
"1435","2025-08-31 22:11:00","1756678200000","1756678260000","Borganes","Road to Glymur","car","arcgis","existing"
"1436","2025-09-02 22:00:00","1756764180000","1756850400000","KerlingarfjÃƒÂ¶ll","Laugarvatn","car","arcgis","existing"
"1437","2025-09-02 22:03:00","1756850460000","1756850580000","Parking","Mariannas place","friends","arcgis","existing"
"1438","2025-09-01 22:02:00","1756764060000","1756764120000","Thingvellir National Park","Geysers","car","arcgis","existing"
"1439","2025-08-27 22:00:00","1756245600000","1756332000000","Hot Springs","Tree planting place","friends","arcgis","existing"
"1440","2025-09-02 22:01:00","1756850400000","1756850460000","Laugarvatn","Parking","car","arcgis","existing"
"1441","2025-07-31 22:00:00","1753913400000","1753999200000","Maries place","Parents home","friends","arcgis","existing"
"1442","2025-09-01 22:03:00","1756764120000","1756764180000","Geysers","KerlingarfjÃƒÂ¶ll","car","arcgis","existing"
"1443","2025-08-31 22:10:00","1756678140000","1756678200000","Olafsvik","Borganes","car","arcgis","existing"
"1444","2025-08-31 22:08:00","1756678020000","1756678080000","Laxafoss","Hellissandur","car","arcgis","existing"
"1445","2025-09-06 22:01:00","1757196000000","1757196060000","Keflavik Airport","Paris Airport","plane","arcgis","existing"
"1446","2025-09-05 22:00:00","1756850580000","1757109600000","Mariannas place","Keflavik","friends","arcgis","existing"
"1447","2025-09-06 22:00:00","1757109600000","1757196000000","Keflavik","Keflavik Airport","friends","arcgis","existing"
"1448","2025-09-06 22:02:00","1757196060000","1757196120000","Paris Airport","Yann home","bus","arcgis","existing"
"1449","2025-09-07 22:06:00","1757282640000","1757282760000","La Frette","Tergnier","foot","arcgis","existing"
"1450","2025-09-09 22:00:00","1757369220000","1757455200000","Tergnier","Tergnier Center","foot","arcgis","existing"
"1451","2025-09-09 22:05:00","1757455440000","1757455500000","Arques","Arques","foot","arcgis","existing"
"1452","2025-09-08 22:07:00","1757369040000","1757369220000","La Frette","Tergnier","foot","arcgis","existing"
"1453","2025-09-08 22:00:00","1757282760000","1757368800000","Tergnier","Tergnier","foot","arcgis","existing"
"1454","2025-09-08 22:03:00","1757368860000","1757368980000","Beautor","Saint Gobain","car","arcgis","existing"
"1455","2025-09-08 22:04:00","1757368980000","1757369040000","Saint Gobain","La Frette","car","arcgis","existing"
"1456","2025-09-07 22:04:00","1757282580000","1757282640000","Tergnier Auchan","La Frette","car","arcgis","existing"
"1457","2025-09-07 22:03:00","1757282520000","1757282580000","Noyon","Tergnier Auchan","car","arcgis","existing"
"1458","2025-09-07 22:02:00","1757282460000","1757282520000","Peage","Noyon","car","arcgis","existing"
"1459","2025-09-09 22:02:00","1757455260000","1757455320000","Tergnier Auchan","Saint Quentin","car","arcgis","existing"
"1460","2025-09-09 22:03:00","1757455320000","1757455380000","Saint Quentin","Saint Quentin Decathlon","car","arcgis","existing"
"1461","2025-09-08 22:01:00","1757368800000","1757368860000","Tergnier","Beautor","car","arcgis","existing"
"1462","2025-09-09 22:01:00","1757455200000","1757455260000","Tergnier Center","Tergnier Auchan","car","arcgis","existing"
"1463","2025-09-07 22:01:00","1757282400000","1757282460000","Le Bourget","Peage","car","arcgis","existing"
"1464","2025-09-07 22:00:00","1757196120000","1757282400000","Yann home","Le Bourget","bus","arcgis","existing"
"1465","2025-09-09 22:04:00","1757455380000","1757455440000","Saint Quentin Decathlon","Arques","car","arcgis","existing"
"1466","2025-09-10 22:00:00","1757455500000","1757541600000","Arques","Arques","foot","arcgis","existing"
"1467","2025-09-12 22:00:00","1757628420000","1757714400000","La Sabliere","Aire de Verlaine","foot","arcgis","existing"
"1468","2025-09-11 22:07:00","1757628360000","1757628420000","Aire de Verlaine","La Sabliere","foot","arcgis","existing"
"1469","2025-09-10 22:06:00","1757541900000","1757541960000","Lille","Lille Alicias apartment","foot","arcgis","existing"
"1470","2025-09-12 22:01:00","1757714400000","1757714460000","Aire de Verlaine","Aire de Tignee","car","arcgis","existing"
"1471","2025-09-10 22:04:00","1757541780000","1757541840000","Bethune","Cambrin","car","arcgis","existing"
"1472","2025-09-11 22:01:00","1757628000000","1757628060000","Lille","Aire de Hellebecq","car","arcgis","existing"
"1473","2025-09-11 22:03:00","1757628120000","1757628180000","Enghien","Le Roeulx","car","arcgis","existing"
"1474","2025-09-10 22:05:00","1757541840000","1757541900000","Cambrin","Lille","car","arcgis","existing"
"1475","2025-09-10 22:01:00","1757541600000","1757541660000","Arques","Arques","car","arcgis","existing"
"1476","2025-09-11 22:05:00","1757628240000","1757628300000","La Louviere","Chapelle lez Herlaimont","car","arcgis","existing"
"1477","2025-09-10 22:03:00","1757541720000","1757541780000","Annezin Lidl","Bethune","car","arcgis","existing"
"1478","2025-09-11 22:02:00","1757628060000","1757628120000","Aire de Hellebecq","Enghien","car","arcgis","existing"
"1479","2025-09-10 22:02:00","1757541660000","1757541720000","Arques","Annezin Lidl","car","arcgis","existing"
"1480","2025-09-11 22:00:00","1757541960000","1757628000000","Lille Alicias apartment","Lille","bus","arcgis","existing"
"1481","2025-09-12 22:04:00","1757714520000","1757714640000","DÃƒÂ¼sseldorf","Lola and Raul home","friends","arcgis","existing"
"1482","2025-09-11 22:04:00","1757628180000","1757628240000","Le Roeulx","La Louviere","car","arcgis","existing"
"1483","2025-09-11 22:06:00","1757628300000","1757628360000","Chapelle lez Herlaimont","Aire de Verlaine","car","arcgis","existing"
"1484","2025-09-12 22:02:00","1757714460000","1757714520000","Aire de Tignee","DÃƒÂ¼sseldorf","car","arcgis","existing"
"1485","2025-09-16 22:06:00","1758060300000","1758060360000","Beuerbach","Beuerbacher See","foot","arcgis","existing"
"1486","2025-09-17 22:00:00","1758060360000","1758146400000","Beuerbacher See","Beuerbach","foot","arcgis","existing"
"1487","2025-09-18 22:00:00","1758146760000","1758232800000","BÃƒÂ¼rgersee","BÃƒÂ¼rgersee","foot","arcgis","existing"
"1488","2025-09-17 22:06:00","1758146700000","1758146760000","BÃƒÂ¼rgersee","BÃƒÂ¼rgersee","foot","arcgis","existing"
"1489","2025-09-16 22:01:00","1758060000000","1758060060000","DÃƒÂ¼sseldorf Gas station","Rest area close to DÃƒÂ¼sseldorf","car","arcgis","existing"
"1490","2025-09-18 22:04:00","1758232920000","1758233040000","Kempten","Kempten, Jonis home","car","arcgis","existing"
"1491","2025-09-17 22:01:00","1758146400000","1758146460000","Beuerbach","Rest area Bad Camberg","car","arcgis","existing"
"1492","2025-09-16 22:05:00","1758060240000","1758060300000","Rest area Bad Camberg","Beuerbach","car","arcgis","existing"
"1493","2025-09-16 22:00:00","1757714640000","1758060000000","Lola and Raul home","DÃƒÂ¼sseldorf Gas station","bus","arcgis","existing"
"1494","2025-09-17 22:02:00","1758146460000","1758146520000","Rest area Bad Camberg","Rest area Alsbach","car","arcgis","existing"
"1495","2025-09-17 22:04:00","1758146580000","1758146640000","Rest area Sindelfingen","Kirchheim","truck","arcgis","existing"
"1496","2025-09-18 22:01:00","1758232800000","1758232860000","BÃƒÂ¼rgersee","Kirchheim","car","arcgis","existing"
"1497","2025-09-18 22:02:00","1758232860000","1758232920000","Kirchheim","Kempten","car","arcgis","existing"
"1498","2025-09-16 22:04:00","1758060180000","1758060240000","Rest area Fernthal","Rest area Bad Camberg","car","arcgis","existing"
"1499","2025-09-17 22:05:00","1758146640000","1758146700000","Kirchheim","BÃƒÂ¼rgersee","car","arcgis","existing"
"1500","2025-09-17 22:03:00","1758146520000","1758146580000","Rest area Alsbach","Rest area Sindelfingen","car","arcgis","existing"
"1501","2025-09-16 22:03:00","1758060060000","1758060180000","Rest area close to DÃƒÂ¼sseldorf","Rest area Fernthal","car","arcgis","existing"
"1502","2025-09-23 22:00:00","1758233040000","1758664800000","Kempten, Jonis home","Kempten","foot","arcgis","existing"
"1503","2025-09-23 22:04:00","1758664980000","1758665040000","Mannheim","Mannheim Irenes home","foot","arcgis","existing"
"1504","2025-09-23 22:01:00","1758664800000","1758664860000","Kempten","Rest area AllgÃƒÂ¤uer Tor","car","arcgis","existing"
"1505","2025-09-25 22:00:00","1758665040000","1758837600000","Mannheim Irenes home","Mannheim Europaplatz","bus","arcgis","existing"
"1506","2025-09-25 22:02:00","1758837660000","1758837720000","Rest area Wunnenstein","Rest area Sindelfingen","car","arcgis","existing"
"1507","2025-09-25 22:05:00","1758837840000","1758837900000","Rest area Illertal","Kempten, Jonis home","car","arcgis","existing"
"1508","2025-09-25 22:01:00","1758837600000","1758837660000","Mannheim Europaplatz","Rest area Wunnenstein","car","arcgis","existing"
"1509","2025-09-25 22:04:00","1758837720000","1758837840000","Rest area Sindelfingen","Rest area Illertal","car","arcgis","existing"
"1510","2025-09-23 22:03:00","1758664860000","1758664980000","Rest area AllgÃƒÂ¤uer Tor","Mannheim","car","arcgis","existing"
"1511","2025-09-27 22:00:00","1758837900000","1759010400000","Kempten, Jonis home","Kempten, Javis home","foot","arcgis","existing"
"1512","2025-09-30 22:14:00","1759270380000","1759270440000","MÃƒÂ¼lligen","Schlieren, Gardenhouse","foot","arcgis","existing"
"1513","2025-09-30 22:00:00","1759010400000","1759269600000","Kempten, Javis home","Kempten","foot","arcgis","existing"
"1514","2025-09-30 22:13:00","1759270260000","1759270380000","Weiningen","MÃƒÂ¼lligen","bus","arcgis","existing"
"1515","2025-09-30 22:10:00","1759270140000","1759270200000","Konstanz","Border Germany - Switzerland","foot","arcgis","existing"
"1516","2025-09-30 22:01:00","1759269600000","1759269660000","Kempten","WagenbÃƒÂ¼hl","car","arcgis","existing"
"1517","2025-09-30 22:06:00","1759269900000","1759269960000","Friedrichshafen","Immenstaad","car","arcgis","existing"
"1518","2025-09-30 22:02:00","1759269660000","1759269720000","WagenbÃƒÂ¼hl","Eglofs","car","arcgis","existing"
"1519","2025-09-30 22:03:00","1759269720000","1759269780000","Eglofs","Neuravensburg","car","arcgis","existing"
"1520","2025-09-30 22:05:00","1759269840000","1759269900000","Lindau","Friedrichshafen","car","arcgis","existing"
"1521","2025-09-30 22:04:00","1759269780000","1759269840000","Neuravensburg","Lindau","car","arcgis","existing"
"1522","2025-09-30 22:11:00","1759270200000","1759270260000","Border Germany - Switzerland","Weiningen","car","arcgis","existing"
"1523","2025-09-30 22:07:00","1759269960000","1759270020000","Immenstaad","Meersburg","car","arcgis","existing"
"1524","2025-09-30 22:08:00","1759270020000","1759270080000","Meersburg","Konstanz","ferry","arcgis","existing"
"1525","2025-09-30 22:09:00","1759270080000","1759270140000","Konstanz","Konstanz","car","arcgis","existing"
"1526","2025-10-05 22:03:00","1759701720000","1759701780000","Henggart","Hettlingen","foot","arcgis","existing"
"1527","2025-10-01 22:01:00","1759356000000","1759356060000","Altstetten","Wald Bahnhof","train","arcgis","existing"
"1528","2025-10-01 22:00:00","1759270440000","1759356000000","Schlieren, Gardenhouse","Altstetten","bike","arcgis","existing"
"1529","2025-10-05 22:04:00","1759701780000","1759701840000","Hettlingen","Hettlingen","foot","arcgis","existing"
"1530","2025-10-02 22:02:00","1759442460000","1759442520000","Altstetten","Schlieren, Gardenhouse","bike","arcgis","existing"
"1531","2025-10-01 22:03:00","1759356060000","1759356180000","Wald Bahnhof","Wald, Parents home","friends","arcgis","existing"
"1532","2025-10-05 22:05:00","1759701840000","1759701900000","Hettlingen","Winterthur","car","arcgis","existing"
"1533","2025-10-05 22:08:00","1759702020000","1759702080000","Turbenthal","Bauma","car","arcgis","existing"
"1534","2025-10-05 22:01:00","1759701600000","1759701660000","Wipkingen","Kempthal","car","arcgis","existing"
"1535","2025-10-05 22:06:00","1759701900000","1759701960000","Winterthur","Winterthur Seen","bus","arcgis","existing"
"1536","2025-10-05 22:07:00","1759701960000","1759702020000","Winterthur Seen","Turbenthal","car","arcgis","existing"
"1537","2025-10-05 22:00:00","1759442520000","1759701600000","Schlieren, Gardenhouse","Wipkingen","bus","arcgis","existing"
"1538","2025-10-02 22:00:00","1759356180000","1759442400000","Wald, Parents home","Wald","friends","arcgis","existing"
"1539","2025-10-05 22:02:00","1759701660000","1759701720000","Kempthal","Henggart","car","arcgis","existing"
"1540","2025-10-05 22:09:00","1759702080000","1759702140000","Bauma","Wald, parents home","car","arcgis","existing"
"1541","2025-10-02 22:01:00","1759442400000","1759442460000","Wald","Altstetten","car","arcgis","existing"
"1542","2025-10-08 22:06:00","1759961100000","1759961160000","Grauholz","Grauholz, other side","foot","arcgis","existing"
"1543","2025-10-08 22:10:00","1759961280000","1759961400000","Les Verrieres","Les Cotes","foot","arcgis","existing"
"1544","2025-10-08 22:02:00","1759960860000","1759960920000","Silbern","WÃƒÂ¼renlos","car","arcgis","existing"
"1545","2025-10-08 22:04:00","1759960980000","1759961040000","Oftringen","Gunzgen","car","arcgis","existing"
"1546","2025-10-08 22:01:00","1759960800000","1759960860000","Dietikon","Silbern","car","arcgis","existing"
"1547","2025-10-08 22:03:00","1759960920000","1759960980000","WÃƒÂ¼renlos","Oftringen","car","arcgis","existing"
"1548","2025-10-08 22:08:00","1759961220000","1759961280000","Neuchatel","Les Verrieres","car","arcgis","existing"
"1549","2025-10-08 22:00:00","1759874400000","1759960800000","Schlieren, Gardenhouse","Dietikon","bus","arcgis","existing"
"1550","2025-10-07 22:00:00","1759702140000","1759874400000","Wald, parents home","Schlieren, Gardenhouse","friends","arcgis","existing"
"1551","2025-10-08 22:05:00","1759961040000","1759961100000","Gunzgen","Grauholz","car","arcgis","existing"
"1552","2025-10-08 22:07:00","1759961160000","1759961220000","Grauholz, other side","Biel","car","arcgis","existing"
"1553","2025-10-08 22:08:00","1759961250000","1759961280000","Neuchatel","Les Verrieres","car","arcgis","existing"
"1554","2025-10-08 22:07:30","1759961220000","1759961250000","Biel","Neuchatel","car","arcgis","existing"
"1555","2025-10-09 22:11:00","1760047800000","1760047860000","Aire des Volcans","Aire des Volcans","foot","arcgis","existing"
"1556","2025-10-10 22:06:00","1760133840000","1760133960000","Saint-Pierre-des-Corps","Juliette parents home","foot","arcgis","existing"
"1557","2025-10-09 22:05:00","1760047440000","1760047500000","Chaffois","Censeau","car","arcgis","existing"
"1558","2025-10-09 22:02:00","1760047260000","1760047320000","Les Anges","Pontarlier","car","arcgis","existing"
"1559","2025-10-09 22:04:00","1760047320000","1760047440000","Pontarlier","Chaffois","car","arcgis","existing"
"1560","2025-10-09 22:08:00","1760047620000","1760047680000","Chalon-sur-Saone","Montseau-les-Mines","car","arcgis","existing"
"1561","2025-10-10 22:04:00","1760133720000","1760133840000","Tours peage","Saint-Pierre-des-Corps","car","arcgis","existing"
"1562","2025-10-09 22:09:00","1760047680000","1760047740000","Montseau-les-Mines","Digoin","car","arcgis","existing"
"1563","2025-10-09 22:07:00","1760047560000","1760047620000","Chalon-sur Saone","Chalon-sur-Saone","car","arcgis","existing"
"1564","2025-10-10 22:02:00","1760133660000","1760133720000","Aire de Bourges","Tours peage","car","arcgis","existing"
"1565","2025-10-09 22:06:00","1760047500000","1760047560000","Censeau","Chalon-sur Saone","car","arcgis","existing"
"1566","2025-10-09 22:10:00","1760047740000","1760047800000","Digoin","Aire des Volcans","truck","arcgis","existing"
"1567","2025-10-10 22:01:00","1760133600000","1760133660000","Aire des Volcans","Aire de Bourges","car","arcgis","existing"
"1568","2025-10-09 22:00:00","1759961400000","1760047200000","Les Cotes","Border Switzerland - France","foot","arcgis","existing"
"1569","2025-10-09 22:01:00","1760047200000","1760047260000","Border Switzerland - France","Les Anges","car","arcgis","existing"
"1570","2025-10-10 22:00:00","1760047860000","1760133600000","Aire des Volcans","Aire des Volcans","foot","arcgis","existing"
"1571","2025-10-13 22:09:00","1760393280000","1760393340000","Rennes","Brest Train station","train","arcgis","existing"
"1572","2025-10-13 22:10:00","1760393340000","1760393400000","Brest Train station","Brest Marina","foot","arcgis","existing"
"1573","2025-10-13 22:05:00","1760393040000","1760393100000","La Chapelle Vendomoise","Vendome","car","arcgis","existing"
"1574","2025-10-13 22:01:00","1760392800000","1760392860000","Tours","Blois Peage","car","arcgis","existing"
"1575","2025-10-13 22:06:00","1760393100000","1760393160000","Vendome","Epuisay","car","arcgis","existing"
"1576","2025-10-13 22:00:00","1760133960000","1760392800000","Juliette parents home","Tours","friends","arcgis","existing"
"1577","2025-10-13 22:07:00","1760393160000","1760393220000","Epuisay","La Ferte Bernard","car","arcgis","existing"
"1578","2025-10-13 22:03:00","1760392860000","1760392980000","Blois Peage","Blois","car","arcgis","existing"
"1579","2025-10-13 22:04:00","1760392980000","1760393040000","Blois","La Chapelle Vendomoise","car","arcgis","existing"
"1580","2025-10-13 22:08:00","1760393220000","1760393280000","La Ferte Bernard","Rennes","car","arcgis","existing"
"1581","2025-10-13 22:11:00","1760393400000","1760393460000","Brest Marina","Bay of Biscay","boat","arcgis","existing"
"1582","2025-10-14 22:00:00","1760393460000","1760479200000","Bay of Biscay","Bay of Biscay","boat","arcgis","existing"
"1583","2025-10-15 22:00:00","1760479200000","1760565600000","Bay of Biscay","Bay of Biscay","boat","arcgis","existing"
"1584","2025-10-16 22:00:00","1760565600000","1760652000000","Bay of Biscay","Camarinas","boat","arcgis","existing"
"1585","2025-10-17 22:00:00","1760652000000","1760738400000","Camarinas","Baiona","boat","arcgis","existing"
"1586","2025-10-19 22:00:00","1760738400000","1760911200000","Baiona","Porto","boat","arcgis","existing"
"1587","2025-10-23 22:00:00","1761170820000","1761256800000","Aljustrel, Molinos","Aljustrel","foot","arcgis","existing"
"1588","2025-10-23 22:09:00","1761257280000","1761257340000","Carrapateira beach","Carrapateira beach","foot","arcgis","existing"
"1589","2025-10-22 22:07:00","1761170760000","1761170820000","Aljustrel","Aljustrel, Molinos","foot","arcgis","existing"
"1590","2025-10-22 22:01:00","1761170400000","1761170460000","Porto","Porto rest area","foot","arcgis","existing"
"1591","2025-10-23 22:01:00","1761256800000","1761256860000","Aljustrel","Messajana","car","arcgis","existing"
"1592","2025-10-22 22:02:00","1761170460000","1761170520000","Porto rest area","Rest area Coimbra","car","arcgis","existing"
"1593","2025-10-23 22:05:00","1761257040000","1761257100000","Praia de Odeceixe","Aljezur","car","arcgis","existing"
"1594","2025-10-23 22:04:00","1761256980000","1761257040000","Odeceixe","Praia de Odeceixe","car","arcgis","existing"
"1596","2025-10-23 22:08:00","1761257220000","1761257280000","Carrapateira","Carrapateira beach","car","arcgis","existing"
"1597","2025-10-22 22:06:00","1761170700000","1761170760000","Exit Aljustrel","Aljustrel","car","arcgis","existing"
"1598","2025-10-22 22:03:00","1761170520000","1761170580000","Rest area Coimbra","Rest area Santarem","car","arcgis","existing"
"1599","2025-10-23 22:03:00","1761256920000","1761256980000","Odemiras","Odeceixe","car","arcgis","existing"
"1600","2025-10-23 22:07:00","1761257100000","1761257220000","Aljezur","Carrapateira","car","arcgis","existing"
"1601","2025-10-22 22:04:00","1761170580000","1761170640000","Rest area Santarem","Rest area Montijo","car","arcgis","existing"
"1602","2025-10-22 22:05:00","1761170640000","1761170700000","Rest area Montijo","Exit Aljustrel","car","arcgis","existing"
"1604","2025-10-23 22:02:00","1761256860000","1761256920000","Messajana","Odemiras","car","arcgis","existing"
"1605","2025-10-24 22:04:00","1761343380000","1761343440000","Picota","Picota","foot","arcgis","existing"
"1606","2025-10-24 22:00:00","1761257340000","1761343200000","Carrapateira beach","Carrapateira beach","foot","arcgis","existing"
"1607","2025-10-25 22:00:00","1761343440000","1761429600000","Picota","Monchique","foot","arcgis","existing"
"1608","2025-10-24 22:03:00","1761343320000","1761343380000","Aljezur","Picota","car","arcgis","existing"
"1609","2025-10-24 22:01:00","1761343200000","1761343260000","Carrapateira beach","Carrapateira","car","arcgis","existing"
"1610","2025-10-24 22:02:00","1761343260000","1761343320000","Carrapateira","Aljezur","car","arcgis","existing"
"1611","2025-10-25 22:02:00","1761429600000","1761429720000","Monchique","Portimao","car","arcgis","existing"
"1612","2025-10-25 22:04:00","1761429780000","1761429840000","Portimao","Portimao beaches","foot","arcgis","existing"
"1613","2025-10-25 22:03:00","1761429720000","1761429780000","Portimao","Portimao","bus","arcgis","existing"
"1614","2025-10-27 23:00:00","1761429840000","1761606000000","Portimao beaches","Portimao","foot","arcgis","existing"
"1615","2025-10-30 23:08:00","1761865620000","1761865680000","Lagos","Lagos beaches","foot","arcgis","existing"
"1616","2025-10-30 23:03:00","1761865260000","1761865380000","Viradouro","Boavista","car","arcgis","existing"
"1617","2025-10-27 23:02:00","1761606060000","1761606120000","Portimao salida","Malheiro","car","arcgis","existing"
"1618","2025-10-27 23:03:00","1761606120000","1761606180000","Malheiro","Monchique","car","arcgis","existing"
"1619","2025-10-30 23:01:00","1761865200000","1761865260000","Pereiras gare","Viradouro","car","arcgis","existing"
"1620","2025-10-30 23:06:00","1761865500000","1761865560000","Vola do Bispo","Budens","car","arcgis","existing"
"1621","2025-10-30 23:04:00","1761865380000","1761865440000","Boavista","Carrapateira","car","arcgis","existing"
"1622","2025-10-30 23:00:00","1761606300000","1761865200000","Pereiras gare","Pereiras gare","car","arcgis","existing"
"1623","2025-10-27 23:01:00","1761606000000","1761606060000","Portimao","Portimao salida","car","arcgis","existing"
"1624","2025-10-27 23:05:00","1761606240000","1761606300000","Nave Redonda","Pereiras gare","car","arcgis","existing"
"1625","2025-10-30 23:07:00","1761865560000","1761865620000","Budens","Lagos","car","arcgis","existing"
"1626","2025-10-30 23:05:00","1761865440000","1761865500000","Carrapateira","Vola do Bispo","car","arcgis","existing"
"1627","2025-10-27 23:04:00","1761606180000","1761606240000","Monchique","Nave Redonda","car","arcgis","existing"
"1628","2025-10-31 23:00:00","1761865680000","1761951600000","Lagos beaches","Lagos","foot","arcgis","existing"
"1629","2025-10-31 23:05:00","1761951780000","1761951900000","Alvor","Portimao Beach","foot","arcgis","existing"
"1630","2025-10-31 23:03:00","1761951720000","1761951780000","Aqua Portimao","Alvor","bus","arcgis","existing"
"1631","2025-10-31 23:01:00","1761951600000","1761951660000","Lagos","Lagos outskirts","car","arcgis","existing"
"1632","2025-10-31 23:02:00","1761951660000","1761951720000","Lagos outskirts","Aqua Portimao","car","arcgis","existing"
"1633","2025-11-03 23:00:00","1761951900000","1762210800000","Portimao Beach","Alvor","foot","arcgis","existing"
"1634","2025-11-05 23:00:00","1762211100000","1762383600000","Lagos marina","Bay of Huelva","boat","arcgis","existing"
"1635","2025-11-03 23:05:00","1762210980000","1762211100000","Lagos","Lagos marina","foot","arcgis","existing"
"1636","2025-11-06 23:00:00","1762383600000","1762470000000","Bay of Huelva","Cadiz","boat","arcgis","existing"
"1637","2025-11-03 23:01:00","1762210800000","1762210860000","Alvor","Portimao","bus","arcgis","existing"
"1638","2025-11-03 23:03:00","1762210860000","1762210980000","Portimao","Lagos","car","arcgis","existing"
"1639","2025-11-07 23:00:00","1762470000000","1762556400000","Cadiz","La Linea de la Conception","boat","arcgis","existing"
"1640","2025-11-09 23:00:00","1762556400000","1762729200000","La Linea de la Conception","La Linea de la Conception","foot","arcgis","existing"
"1641","2025-11-10 23:00:00","1762729620000","1762815600000","Torremolinos","Rest area before Malaga","foot","arcgis","existing"
"1642","2025-11-09 23:07:00","1762729500000","1762729620000","Rest area before Malaga","Torremolinos","foot","arcgis","existing"
"1643","2025-11-10 23:08:00","1762816020000","1762816080000","Middle of nowhere","Montefrio","car","arcgis","existing"
"1644","2025-11-10 23:07:00","1762815960000","1762816020000","La Fabrica","Middle of nowhere","car","arcgis","existing"
"1645","2025-11-10 23:02:00","1762815660000","1762815720000","Rest area after Malaga","Rest area in Loja","car","arcgis","existing"
"1646","2025-11-10 23:03:00","1762815720000","1762815780000","Rest area in Loja","Huetor Tajar","car","arcgis","existing"
"1647","2025-11-09 23:02:00","1762729260000","1762729320000","Entry highway","Torrguadiaro","car","arcgis","existing"
"1648","2025-11-09 23:04:00","1762729320000","1762729440000","Torrguadiaro","Estepona","car","arcgis","existing"
"1649","2025-11-10 23:06:00","1762815840000","1762815960000","Huetor Tajar","La Fabrica","car","arcgis","existing"
"1650","2025-11-10 23:04:00","1762815780000","1762815840000","Huetor Tajar","Huetor Tajar","car","arcgis","existing"
"1651","2025-11-09 23:01:00","1762729200000","1762729260000","La Linea de la Conception","Entry highway","car","arcgis","existing"
"1652","2025-11-09 23:05:00","1762729440000","1762729500000","Estepona","Rest area before Malaga","car","arcgis","existing"
"1653","2025-11-10 23:01:00","1762815600000","1762815660000","Rest area before Malaga","Rest area after Malaga","car","arcgis","existing"
"1654","2025-11-10 23:09:00","1762816080000","1762816140000","Montefrio","Montefrio","foot","arcgis","existing"
"1655","2025-11-12 23:00:00","1762902240000","1762988400000","Loja","Rest area before Loja","foot","arcgis","existing"
"1656","2025-11-11 23:00:00","1762816140000","1762902000000","Montefrio","Montefrio","foot","arcgis","existing"
"1657","2025-11-12 23:03:00","1762988460000","1762988580000","Salinas","Salinas","foot","arcgis","existing"
"1658","2025-11-12 23:01:00","1762988400000","1762988460000","Rest area before Loja","Salinas","car","arcgis","existing"
"1659","2025-11-11 23:04:00","1762902120000","1762902240000","Huetor Tajar","Loja","car","arcgis","existing"
"1660","2025-11-14 23:00:00","1762988940000","1763161200000","Dona Mencia","Rest area before Lucena","car","arcgis","existing"
"1661","2025-11-12 23:07:00","1762988760000","1762988820000","Rute","Cabra","car","arcgis","existing"
"1662","2025-11-12 23:06:00","1762988640000","1762988760000","Iznajar","Rute","car","arcgis","existing"
"1663","2025-11-12 23:09:00","1762988820000","1762988940000","Cabra","Dona Mencia","car","arcgis","existing"
"1664","2025-11-14 23:01:00","1763161200000","1763161260000","Rest area before Lucena","Malaga","car","arcgis","existing"
"1665","2025-11-11 23:02:00","1762902060000","1762902120000","Gas station","Huetor Tajar","car","arcgis","existing"
"1666","2025-11-14 23:03:00","1763161260000","1763161380000","Malaga","Rincon de la Victoria","bus","arcgis","existing"
"1667","2025-11-11 23:01:00","1762902000000","1762902060000","Montefrio","Gas station","car","arcgis","existing"
"1668","2025-11-12 23:04:00","1762988580000","1762988640000","Salinas","Iznajar","car","arcgis","existing"
"1669","2025-11-15 23:04:00","1763247660000","1763247840000","Torre del Mar","Torre del Mar","foot","arcgis","existing"
"1670","2025-11-16 23:06:00","1763334300000","1763334360000","Sevilla","Sevilla, port","foot","arcgis","existing"
"1671","2025-11-16 23:01:00","1763334000000","1763334060000","Torre del Mar","Los Puertas, entry highway","car","arcgis","existing"
"1672","2025-11-16 23:05:00","1763334120000","1763334300000","Rest area before La Roda","Sevilla","car","arcgis","existing"
"1673","2025-11-16 23:02:00","1763334060000","1763334120000","Los Puertas, entry highway","Rest area before La Roda","car","arcgis","existing"
"1674","2025-11-15 23:00:00","1763161380000","1763247600000","Rincon de la Victoria","RIncon de la Victoria","foot","arcgis","existing"
"1675","2025-11-16 23:00:00","1763247840000","1763334000000","Torre del Mar","Torre del Mar","foot","arcgis","existing"
"1676","2025-11-15 23:01:00","1763247600000","1763247660000","RIncon de la Victoria","Torre del Mar","car","arcgis","existing"
"1677","2025-11-17 23:00:00","1763334360000","1763420400000","Sevilla, port","Sevilla","foot","arcgis","existing"
"1678","2025-11-21 23:06:00","1763766300000","1763766360000","Lagos","Lagos, apartment of Vim","foot","arcgis","existing"
"1679","2025-11-19 23:00:00","1763420400000","1763593200000","Sevilla","Sevilla, parque Alamillo","foot","arcgis","existing"
"1680","2025-11-20 23:00:00","1763593200000","1763679600000","Sevilla, parque Alamillo","Manu's apartment","foot","arcgis","existing"
"1681","2025-11-21 23:01:00","1763766000000","1763766060000","Sevilla, salida","Gas station before Huelva","bus","arcgis","existing"
"1682","2025-11-21 23:00:00","1763679600000","1763766000000","Manu's apartment","Sevilla, salida","bus","arcgis","existing"
"1683","2025-11-21 23:02:00","1763766060000","1763766120000","Gas station before Huelva","Rest area before Albufeira","car","arcgis","existing"
"1684","2025-11-21 23:05:00","1763766120000","1763766300000","Rest area before Albufeira","Lagos","car","arcgis","existing"
"1685","2025-11-23 23:03:00","1763938860000","1763938980000","Portimao","Portimao Hotel La Perla","foot","arcgis","existing"
"1686","2025-11-25 23:07:00","1764111960000","1764112020000","Lisbon Siete Rios","Lisbon Park Monsanto","foot","arcgis","existing"
"1687","2025-11-26 23:00:00","1764112020000","1764198000000","Lisbon Park Monsanto","Lisbon Siete Rios","foot","arcgis","existing"
"1688","2025-11-23 23:01:00","1763938800000","1763938860000","Lagos","Portimao","train","arcgis","existing"
"1689","2025-11-26 23:04:00","1764198060000","1764198240000","Madrid Sur","Madrid apartment de Guillermo","bus","arcgis","existing"
"1690","2025-11-25 23:02:00","1764111660000","1764111720000","Rest area Silves Sur","Albufeira","car","arcgis","existing"
"1691","2025-11-27 23:02:00","1764284400000","1764284520000","Madrid airport","Santiago de Chile, airport","plane","arcgis","existing"
"1692","2025-11-25 23:00:00","1763938980000","1764111600000","Portimao Hotel La Perla","Portimao","foot","arcgis","existing"
"1693","2025-11-25 23:05:00","1764111840000","1764111900000","Albufeira gas station","Albufeira bus terminal","foot","arcgis","existing"
"1694","2025-11-25 23:04:00","1764111720000","1764111840000","Albufeira","Albufeira gas station","bus","arcgis","existing"
"1695","2025-11-25 23:01:00","1764111600000","1764111660000","Portimao","Rest area Silves Sur","car","arcgis","existing"
"1696","2025-11-23 23:00:00","1763766360000","1763938800000","Lagos, apartment of Vim","Lagos","foot","arcgis","existing"
"1697","2025-11-27 23:00:00","1764198240000","1764284400000","Madrid apartment de Guillermo","Madrid airport","bus","arcgis","existing"
"1698","2025-11-25 23:06:00","1764111900000","1764111960000","Albufeira bus terminal","Lisbon Siete Rios","bus","arcgis","existing"
"1699","2025-11-26 23:01:00","1764198000000","1764198060000","Lisbon Siete Rios","Madrid Sur","bus","arcgis","existing"
"1700","2025-11-27 23:04:00","1764284520000","1764284640000","Santiago de Chile, airport","Santiago house of family of Javi","taxi","arcgis","existing"
"1701","2025-12-01 23:03:00","1764630000000","1764630180000","La balsa","La balsa","foot","arcgis","existing"
"1702","2025-12-01 23:00:00","1764543840000","1764630000000","Villa Baviera, Eduardos apartment ","La balsa","car","arcgis","existing"
"1703","2025-11-30 23:01:00","1764543600000","1764543660000","Curico","Parral","car","arcgis","existing"
"1704","2025-11-30 23:04:00","1764543660000","1764543840000","Parral","Villa Baviera, Eduardos apartment ","car","arcgis","existing"
"1705","2025-11-30 23:00:00","1764284640000","1764543600000","Santiago house of family of Javi","Curico","friends","arcgis","existing"
"1706","2025-12-03 23:00:00","1764630180000","1764802800000","La balsa","Somewhere","car","arcgis","existing"
"1707","2025-12-03 23:05:00","1764803040000","1764803100000","Paso Ancho","San Fabian","car","arcgis","existing"
"1708","2025-12-03 23:01:00","1764802800000","1764802860000","Somewhere","La balsa","car","arcgis","existing"
"1709","2025-12-03 23:04:00","1764802860000","1764803040000","La balsa","Paso Ancho","car","arcgis","existing"
"1710","2025-12-03 23:06:00","1764803100000","1764803160000","San Fabian","San Fabian Balneario","foot","arcgis","existing"
"1711","2025-12-04 23:00:00","1764803160000","1764889200000","San Fabian Balneario","San Fabian","foot","arcgis","existing"
"1712","2025-12-05 23:00:00","1764889620000","1764975600000","Pinto","Pinto","foot","arcgis","existing"
"1713","2025-12-04 23:01:00","1764889200000","1764889260000","San Fabian","San Carlos","car","arcgis","existing"
"1714","2025-12-04 23:03:00","1764889320000","1764889380000","San Carlos","Chillan Terminal","car","arcgis","existing"
"1715","2025-12-04 23:02:00","1764889260000","1764889320000","San Carlos","San Carlos","car","arcgis","existing"
"1716","2025-12-04 23:07:00","1764889560000","1764889620000","Pinto","Pinto","foot","arcgis","existing"
"1717","2025-12-04 23:06:00","1764889380000","1764889560000","Chillan Terminal","Pinto","bus","arcgis","existing"
"1718","2025-12-05 23:09:00","1764976080000","1764976140000","Las termas de Chillan","Aguas calientes de Chillan","foot","arcgis","existing"
"1719","2025-12-06 23:00:00","1764976140000","1765062000000","Aguas calientes de Chillan","Las termas de Chillan","foot","arcgis","existing"
"1720","2025-12-05 23:02:00","1764975600000","1764975720000","Pinto","Outside Pinto","car","arcgis","existing"
"1721","2025-12-05 23:08:00","1764975960000","1764976080000","Las Talcas, Police station","Las termas de Chillan","car","arcgis","existing"
"1722","2025-12-05 23:06:00","1764975840000","1764975960000","Las Talcas","Las Talcas, Police station","car","arcgis","existing"
"1723","2025-12-06 23:03:00","1765062060000","1765062180000","Recinto","Chillan","car","arcgis","existing"
"1724","2025-12-05 23:04:00","1764975720000","1764975840000","Outside Pinto","Las Talcas","car","arcgis","existing"
"1725","2025-12-06 23:01:00","1765062000000","1765062060000","Las termas de Chillan","Recinto","car","arcgis","existing"
"1726","2025-12-06 23:07:00","1765062360000","1765062420000","Penco","San Pedro, house of Lucianos family","bus","arcgis","existing"
"1727","2025-12-06 23:06:00","1765062180000","1765062360000","Chillan","Penco","car","arcgis","existing"
"1728","2025-12-12 23:01:00","1765580400000","1765580460000","Lirquen","Playa Punta Parra","foot","arcgis","existing"
"1729","2025-12-18 23:00:00","1766012760000","1766098800000","Pucon. playa grande","Pucon","foot","arcgis","existing"
"1730","2025-12-13 23:00:00","1765580460000","1765666800000","Playa Punta Parra","Tome","foot","arcgis","existing"
"1731","2025-12-15 23:04:00","1765839780000","1765839840000","Los Angeles","Los Angeles","foot","arcgis","existing"
"1732","2025-12-21 23:07:00","1766358240000","1766358420000","Melipeuco","Melipeuco","foot","arcgis","existing"
"1733","2025-12-20 23:00:00","1766099220000","1766271600000","Hostal la casa, Temuco","Temuco, salida","bus","arcgis","existing"
"1734","2025-12-18 23:03:00","1766098860000","1766098980000","Villarica","Villarica, hospital","foot","arcgis","existing"
"1735","2025-12-20 23:07:00","1766271960000","1766272020000","Melipeuco","Cascada Truful Truful","car","arcgis","existing"
"1736","2025-12-16 23:00:00","1765840140000","1765926000000","Villarica","Villarica, salida","foot","arcgis","existing"
"1737","2025-12-18 23:07:00","1766099100000","1766099220000","Temuco","Hostal la casa, Temuco","foot","arcgis","existing"
"1738","2025-12-17 23:00:00","1765926120000","1766012400000","Caburgua","Playa Negra","car","arcgis","existing"
"1739","2025-12-15 23:03:00","1765839720000","1765839780000","Salto la Laja","Los Angeles","car","arcgis","existing"
"1740","2025-12-17 23:06:00","1766012700000","1766012760000","Pucon","Pucon. playa grande","foot","arcgis","existing"
"1741","2025-12-15 23:09:00","1765840080000","1765840140000","Villarica","Villarica","foot","arcgis","existing"
"1742","2025-12-20 23:01:00","1766271600000","1766271660000","Temuco, salida","Poluco","car","arcgis","existing"
"1743","2025-12-15 23:02:00","1765839660000","1765839720000","Yumbel","Salto la Laja","car","arcgis","existing"
"1744","2025-12-15 23:07:00","1765839960000","1765840020000","Mulchen","La Esperanza","truck","arcgis","existing"
"1745","2025-12-20 23:02:00","1766271660000","1766271720000","Poluco","Cunco","car","arcgis","existing"
"1746","2025-12-15 23:05:00","1765839840000","1765839900000","Los Angeles","Los Angeles","car","arcgis","existing"
"1747","2025-12-20 23:05:00","1766271720000","1766271900000","Cunco","Melipeuco","car","arcgis","existing"
"1748","2025-12-20 23:08:00","1766272020000","1766272080000","Cascada Truful Truful","Laguna Verde","car","arcgis","existing"
"1749","2025-12-21 23:03:00","1766358060000","1766358180000","Conguillio","Conguillio","car","arcgis","existing"
"1750","2025-12-16 23:01:00","1765926000000","1765926060000","Villarica, salida","Pucon","car","arcgis","existing"
"1751","2025-12-17 23:03:00","1766012400000","1766012580000","Playa Negra","Caburgua","car","arcgis","existing"
"1752","2025-12-21 23:04:00","1766358180000","1766358240000","Conguillio","Melipeuco","car","arcgis","existing"
"1753","2025-12-21 23:00:00","1766272080000","1766358000000","Laguna Verde","Laguna Arcoiris","car","arcgis","existing"
"1754","2025-12-21 23:01:00","1766358000000","1766358060000","Laguna Arcoiris","Conguillio","car","arcgis","existing"
"1755","2025-12-17 23:05:00","1766012640000","1766012700000","Pucon airport","Pucon","car","arcgis","existing"
"1756","2025-12-16 23:02:00","1765926060000","1765926120000","Pucon","Caburgua","bus","arcgis","existing"
"1757","2025-12-20 23:06:00","1766271900000","1766271960000","Melipeuco","Melipeuco","car","arcgis","existing"
"1758","2025-12-18 23:01:00","1766098800000","1766098860000","Pucon","Villarica","car","arcgis","existing"
"1759","2025-12-17 23:04:00","1766012580000","1766012640000","Caburgua","Pucon airport","car","arcgis","existing"
"1760","2025-12-18 23:05:00","1766098980000","1766099100000","Villarica, hospital","Temuco","car","arcgis","existing"
"1761","2025-12-15 23:00:00","1765666860000","1765839600000","San Pedro, house of Lucianos family","Concepcion, outskirts","bus","arcgis","existing"
"1762","2025-12-12 23:00:00","1765062420000","1765580400000","San Pedro, house of Lucianos family","Lirquen","bus","arcgis","existing"
"1763","2025-12-15 23:01:00","1765839600000","1765839660000","Concepcion, outskirts","Yumbel","car","arcgis","existing"
"1764","2025-12-15 23:06:00","1765839900000","1765839960000","Los Angeles","Mulchen","car","arcgis","existing"
"1765","2025-12-13 23:01:00","1765666800000","1765666860000","Tome","San Pedro, house of Lucianos family","bus","arcgis","existing"
"1766","2025-12-15 23:08:00","1765840020000","1765840080000","La Esperanza","Villarica","car","arcgis","existing"
"1767","2025-12-23 23:06:00","1766531040000","1766531160000","Temuco","Hostal la casa, Temuco","foot","arcgis","existing"
"1768","2025-12-25 23:01:00","1766703600000","1766703660000","Pucon","Pucon Playa Grande","foot","arcgis","existing"
"1769","2025-12-24 23:09:00","1766617680000","1766617740000","Villarica","Villarica Playa Blanca","foot","arcgis","existing"
"1770","2025-12-24 23:04:00","1766617380000","1766617440000","Cascada truful truful","Outside Melipeuco","foot","arcgis","existing"
"1771","2025-12-23 23:03:00","1766530860000","1766530980000","Melipeuco","Cunco","car","arcgis","existing"
"1772","2025-12-24 23:06:00","1766617440000","1766617560000","Outside Melipeuco","Melipeuco","car","arcgis","existing"
"1773","2025-12-24 23:02:00","1766617200000","1766617320000","Cunco","Before Melipeuco","car","arcgis","existing"
"1774","2025-12-25 23:00:00","1766617740000","1766703600000","Villarica Playa Blanca","Pucon","bus","arcgis","existing"
"1775","2025-12-24 23:08:00","1766617560000","1766617680000","Melipeuco","Villarica","car","arcgis","existing"
"1776","2025-12-24 23:00:00","1766531160000","1766617200000","Hostal la casa, Temuco","Cunco","bus","arcgis","existing"
"1777","2025-12-23 23:04:00","1766530980000","1766531040000","Cunco","Temuco","car","arcgis","existing"
"1778","2025-12-24 23:03:00","1766617320000","1766617380000","Before Melipeuco","Cascada truful truful","car","arcgis","existing"
"1779","2025-12-23 23:00:00","1766444520000","1766530800000","Waterfall Canelo","Path to canelo waterfall","foot","arcgis","existing"
"1780","2025-12-22 23:00:00","1766358420000","1766444400000","Melipeuco","Melipeuco","foot","arcgis","existing"
"1781","2025-12-22 23:02:00","1766444460000","1766444520000","Path to Canelo waterfall","Waterfall Canelo","foot","arcgis","existing"
"1782","2025-12-23 23:01:00","1766530800000","1766530860000","Path to canelo waterfall","Melipeuco","car","arcgis","existing"
"1783","2025-12-22 23:01:00","1766444400000","1766444460000","Melipeuco","Path to Canelo waterfall","car","arcgis","existing"
"1784","2025-12-26 23:00:00","1766703660000","1766790000000","Pucon Playa Grande","Pucon","foot","arcgis","existing"
"1785","2025-12-30 23:04:00","1767135780000","1767135840000","Pucon","Camping las Rosas","foot","arcgis","existing"
"1786","2026-01-01 23:00:00","1767222240000","1767308400000","Puerto Varas Beach","Puerto Varas","foot","arcgis","existing"
"1787","2025-12-31 23:04:00","1767222120000","1767222240000","Puerto Varas","Puerto Varas Beach","foot","arcgis","existing"
"1788","2026-01-01 23:06:00","1767308700000","1767308760000","Camping Rio Petrohue","Camping Rio Petrohue","foot","arcgis","existing"
"1789","2026-01-02 23:04:00","1767394920000","1767395040000","Way to La Junta","Camping Los Manzanos","foot","arcgis","existing"
"1790","2026-01-05 23:00:00","1767395040000","1767654000000","Camping Los Manzanos","Way to La Junta","foot","arcgis","existing"
"1791","2025-12-26 23:03:00","1766790060000","1766790180000","Caburgua, Playa Blanca","Playa Blanca","foot","arcgis","existing"
"1792","2025-12-31 23:00:00","1767135840000","1767222000000","Camping las Rosas","Pucon","foot","arcgis","existing"
"1793","2025-12-30 23:01:00","1767135600000","1767135660000","Crossing to Cani","Entrance to Cani","car","arcgis","existing"
"1794","2026-01-05 23:06:00","1767654180000","1767654360000","Close to Cochamo","Cochamo","car","arcgis","existing"
"1795","2026-01-02 23:02:00","1767394800000","1767394920000","Cochamo","Way to La Junta","car","arcgis","existing"
"1796","2026-01-01 23:03:00","1767308400000","1767308580000","Puerto Varas","Puerto Varas outskirts","car","arcgis","existing"
"1797","2025-12-30 23:00:00","1766790180000","1767135600000","Playa Blanca","Crossing to Cani","bus","arcgis","existing"
"1798","2025-12-30 23:03:00","1767135660000","1767135780000","Entrance to Cani","Pucon","car","arcgis","existing"
"1799","2026-01-05 23:07:00","1767654360000","1767654420000","Cochamo","Camping Rio Petrohue","car","arcgis","existing"
"1800","2026-01-02 23:00:00","1767308760000","1767394800000","Camping Rio Petrohue","Cochamo","car","arcgis","existing"
"1801","2025-12-26 23:01:00","1766790000000","1766790060000","Pucon","Caburgua, Playa Blanca","bus","arcgis","existing"
"1802","2026-01-05 23:03:00","1767654000000","1767654180000","Way to La Junta","Close to Cochamo","car","arcgis","existing"
"1803","2026-01-01 23:05:00","1767308580000","1767308700000","Puerto Varas outskirts","Camping Rio Petrohue","car","arcgis","existing"
"1804","2025-12-31 23:02:00","1767222000000","1767222120000","Pucon","Puerto Varas","bus","arcgis","existing"
"1805","2026-01-07 23:06:00","1767827100000","1767827160000","Puyehue, Entre Lagos","Entre Lagos","foot","arcgis","existing"
"1806","2026-01-06 23:04:00","1767740520000","1767740640000","Rio Puelo","Camping Patagonia","foot","arcgis","existing"
"1807","2026-01-08 23:00:00","1767827160000","1767913200000","Entre Lagos","Puyehue","foot","arcgis","existing"
"1808","2026-01-07 23:01:00","1767826800000","1767826860000","Puelche","La Arena","ferry","arcgis","existing"
"1809","2026-01-07 23:00:00","1767740640000","1767826800000","Camping Patagonia","Puelche","car","arcgis","existing"
"1810","2026-01-07 23:05:00","1767827040000","1767827100000","Osorno","Puyehue, Entre Lagos","bus","arcgis","existing"
"1811","2026-01-08 23:06:00","1767913380000","1767913560000","Bariloche","Camping Selva Negra","bus","arcgis","existing"
"1812","2026-01-06 23:02:00","1767740400000","1767740520000","Cochamo","Rio Puelo","car","arcgis","existing"
"1813","2026-01-08 23:01:00","1767913200000","1767913260000","Puyehue","Border Chile","truck","arcgis","existing"
"1814","2026-01-06 23:00:00","1767654420000","1767740400000","Camping Rio Petrohue","Cochamo","car","arcgis","existing"
"1815","2026-01-08 23:03:00","1767913260000","1767913380000","Border Chile","Bariloche","car","arcgis","existing"
"1816","2026-01-07 23:03:00","1767826860000","1767826980000","La Arena","Puerto Montt","car","arcgis","existing"
"1817","2026-01-07 23:04:00","1767826980000","1767827040000","Puerto Montt","Osorno","bus","arcgis","existing"
"1818","2026-01-12 23:03:00","1768258920000","1768258980000","Hike to Lopez","Refugio Lopez","foot","arcgis","existing"
"1819","2026-01-13 23:02:00","1768345260000","1768345320000","Colonia Suiza","Viewpoint","car","arcgis","existing"
"1820","2026-01-15 23:01:00","1768518000000","1768518060000","Piedra Parada","Pieda Parada, camping libre","foot","arcgis","existing"
"1821","2026-01-13 23:05:00","1768345440000","1768345500000","Bariloche","Beach Bariloche","bus","arcgis","existing"
"1822","2026-01-14 23:01:00","1768431600000","1768431660000","Bariloche","Bariloche outskirts","bus","arcgis","existing"
"1823","2026-01-14 23:08:00","1768432020000","1768432080000","Gualjaina","Gualjaina","foot","arcgis","existing"
"1824","2026-01-12 23:00:00","1767913560000","1768258800000","Camping Selva Negra","Bariloche outskirts","car","arcgis","existing"
"1825","2026-01-14 23:02:00","1768431660000","1768431720000","Bariloche outskirts","Ruta 40","car","arcgis","existing"
"1826","2026-01-14 23:07:00","1768431960000","1768432020000","Cruze Ruta 12","Gualjaina","car","arcgis","existing"
"1827","2026-01-13 23:00:00","1768258980000","1768345200000","Refugio Lopez","Hike to Lopez","foot","arcgis","existing"
"1828","2026-01-14 23:06:00","1768431900000","1768431960000","Epuyen","Cruze Ruta 12","car","arcgis","existing"
"1829","2026-01-13 23:04:00","1768345320000","1768345440000","Viewpoint","Bariloche","car","arcgis","existing"
"1830","2026-01-14 23:00:00","1768345500000","1768431600000","Beach Bariloche","Bariloche","car","arcgis","existing"
"1831","2026-01-15 23:00:00","1768432080000","1768518000000","Gualjaina","Piedra Parada","taxi","arcgis","existing"
"1832","2026-01-12 23:01:00","1768258800000","1768258860000","Bariloche outskirts","Playa sin viento","car","arcgis","existing"
"1833","2026-01-14 23:04:00","1768431780000","1768431840000","El Bolson","El Hoyo","car","arcgis","existing"
"1834","2026-01-14 23:05:00","1768431840000","1768431900000","El Hoyo","Epuyen","car","arcgis","existing"
"1835","2026-01-12 23:02:00","1768258860000","1768258920000","Playa sin viento","Hike to Lopez","car","arcgis","existing"
"1836","2026-01-13 23:01:00","1768345200000","1768345260000","Hike to Lopez","Colonia Suiza","car","arcgis","existing"
"1837","2026-01-14 23:03:00","1768431720000","1768431780000","Ruta 40","El Bolson","car","arcgis","existing"
"1838","2026-01-24 23:02:00","1769295660000","1769295720000","Esquel","Abandoned Camping","foot","arcgis","existing"
"1839","2026-01-30 23:03:00","1769814060000","1769814180000","Puerto Ibanez","Beach Puerto Ibanez","foot","arcgis","existing"
"1840","2026-01-26 23:02:00","1769468400000","1769468520000","Coyhaique","Coyhaique Salida","foot","arcgis","existing"
"1841","2026-01-30 23:00:00","1769727600000","1769814000000","Wild camping spot","Villa Cerro Castillo","foot","arcgis","existing"
"1842","2026-01-25 23:00:00","1769295720000","1769382000000","Abandoned Camping","Trevelin","car","arcgis","existing"
"1843","2026-01-27 23:00:00","1769468640000","1769554800000","Villa Cerro Castillo","Cerro Castillo National Park","foot","arcgis","existing"
"1844","2026-01-25 23:04:00","1769382120000","1769382240000","Border Argentinia and Chile","Other border","foot","arcgis","existing"
"1845","2026-01-25 23:07:00","1769382360000","1769382420000","Laguna Lonconao","Cruze to Palena","car","arcgis","existing"
"1846","2026-01-25 23:02:00","1769382000000","1769382120000","Trevelin","Border Argentinia and Chile","car","arcgis","existing"
"1847","2026-01-28 23:00:00","1769554800000","1769641200000","Cerro Castillo National Park","Villa Cerro Castillo","foot","arcgis","existing"
"1848","2026-01-25 23:05:00","1769382240000","1769382300000","Other border","Futaleufu","car","arcgis","existing"
"1849","2026-01-25 23:06:00","1769382300000","1769382360000","Futaleufu","Laguna Lonconao","car","arcgis","existing"
"1850","2026-01-25 23:08:00","1769382420000","1769382480000","Cruze to Palena","Villa Santa Lucia","car","arcgis","existing"
"1851","2026-01-29 23:00:00","1769641200000","1769727600000","Villa Cerro Castillo","Wild camping spot","car","arcgis","existing"
"1852","2026-01-24 23:00:00","1768518060000","1769295600000","Pieda Parada, camping libre","Middle of nowhere","car","arcgis","existing"
"1853","2026-01-30 23:01:00","1769814000000","1769814060000","Villa Cerro Castillo","Puerto Ibanez","car","arcgis","existing"
"1854","2026-01-24 23:01:00","1769295600000","1769295660000","Middle of nowhere","Esquel","car","arcgis","existing"
"1855","2026-01-26 23:04:00","1769468520000","1769468640000","Coyhaique Salida","Villa Cerro Castillo","car","arcgis","existing"
"1856","2026-01-26 23:02:00","1769468460000","1769468520000","Coyhaique","Coyhaique Salida","foot","arcgis","existing"
"1857","2026-01-26 23:00:00","1769382480000","1769468400000","Villa Santa Lucia","Carretera Austral","bus","arcgis","existing"
"1858","2026-01-26 23:01:00","1769468400000","1769468460000","Carretera Austral","Coyhaique","bus","arcgis","existing"
"1859","2026-01-31 23:01:00","1769900400000","1769900460000","Puerto Ibanez","Puerto Chile Chico","ferry","arcgis","existing"
"1860","2026-01-31 23:00:00","1769814180000","1769900400000","Beach Puerto Ibanez","Puerto Ibanez","foot","arcgis","existing"
"1861","2026-01-31 23:02:00","1769900460000","1769900520000","Puerto Chile Chico","Camping Chile Chico","foot","arcgis","existing"
"1862","2026-02-02 23:02:00","1770073260000","1770073320000","Puerto Ibanez","Beach Puerto Ibanez","foot","arcgis","existing"
"1863","2026-02-02 23:01:00","1770073200000","1770073260000","Puerto Chile Chico","Puerto Ibanez","ferry","arcgis","existing"
"1864","2026-02-02 23:00:00","1769986920000","1770073200000","Camping Chile Chico","Puerto Chile Chico","foot","arcgis","existing"
"1865","2026-02-03 23:01:00","1770159600000","1770159660000","Cruze to Balmaceda","Balmaceda","car","arcgis","existing"
"1866","2026-02-01 23:02:00","1769986800000","1769986920000","Middle of nowhere","Camping Chile Chico","car","arcgis","existing"
"1867","2026-02-03 23:04:00","1770159660000","1770159840000","Balmaceda","Cerro Castillo River","rentalCar","arcgis","existing"
"1868","2026-02-05 23:00:00","1770246000000","1770332400000","Lago General Carrera","Puerto Bertrand","rentalCar","arcgis","existing"
"1869","2026-02-03 23:00:00","1770073320000","1770159600000","Beach Puerto Ibanez","Cruze to Balmaceda","bus","arcgis","existing"
"1870","2026-02-06 23:00:00","1770332400000","1770418800000","Puerto Bertrand","Laguna Esmeralda","rentalCar","arcgis","existing"
"1871","2026-02-01 23:00:00","1769900520000","1769986800000","Camping Chile Chico","Middle of nowhere","car","arcgis","existing"
"1872","2026-02-04 23:00:00","1770159840000","1770246000000","Cerro Castillo River","Lago General Carrera","rentalCar","arcgis","existing"
"1873","2026-02-11 23:05:00","1770850980000","1770851100000","La Junta","La Junta","foot","arcgis","existing"
"1874","2026-02-11 23:07:00","1770851160000","1770851220000","Villa Santa Lucia","Villa Santa Lucia","foot","arcgis","existing"
"1875","2026-02-10 23:05:00","1770764640000","1770764700000","Villa Amengual","Villa Amengual","foot","arcgis","existing"
"1876","2026-02-12 23:01:00","1770937200000","1770937260000","Chaiten","Chaiten Puerto","foot","arcgis","existing"
"1877","2026-02-11 23:01:00","1770850800000","1770850860000","Cruze to Puerto Cicnes","Cascada el condor","foot","arcgis","existing"
"1878","2026-02-11 23:09:00","1770851280000","1770851340000","Lago Yuelche","Lago Yuelche","foot","arcgis","existing"
"1879","2026-02-10 23:02:00","1770764460000","1770764520000","Coyhaique","Coyhaique salida","foot","arcgis","existing"
"1880","2026-02-12 23:04:00","1770937320000","1770937440000","Caleta Gonzalo","Picholco","ferry","arcgis","existing"
"1881","2026-02-11 23:00:00","1770764700000","1770850800000","Villa Amengual","Cruze to Puerto Cicnes","car","arcgis","existing"
"1882","2026-02-10 23:01:00","1770764400000","1770764460000","Balmaceda","Coyhaique","car","arcgis","existing"
"1883","2026-02-11 23:03:00","1770850860000","1770850980000","Cascada el condor","La Junta","car","arcgis","existing"
"1884","2026-02-12 23:00:00","1770851340000","1770937200000","Lago Yuelche","Chaiten","car","arcgis","existing"
"1885","2026-02-12 23:02:00","1770937260000","1770937320000","Chaiten Puerto","Caleta Gonzalo","car","arcgis","existing"
"1886","2026-02-07 23:01:00","1770505200000","1770505260000","Caleta Tortel","Parque Nacional Patagonia","rentalCar","arcgis","existing"
"1887","2026-02-08 23:00:00","1770505260000","1770591600000","Parque Nacional Patagonia","Puerto Bertrand","rentalCar","arcgis","existing"
"1888","2026-02-10 23:00:00","1770678000000","1770764400000","Camping El Blanco","Balmaceda","rentalCar","arcgis","existing"
"1889","2026-02-11 23:08:00","1770851220000","1770851280000","Villa Santa Lucia","Lago Yuelche","car","arcgis","existing"
"1890","2026-02-11 23:06:00","1770851100000","1770851160000","La Junta","Villa Santa Lucia","truck","arcgis","existing"
"1891","2026-02-10 23:04:00","1770764520000","1770764640000","Coyhaique salida","Villa Amengual","car","arcgis","existing"
"1892","2026-02-07 23:00:00","1770418800000","1770505200000","Laguna Esmeralda","Caleta Tortel","rentalCar","arcgis","existing"
"1893","2026-02-09 23:00:00","1770591600000","1770678000000","Puerto Bertrand","Camping El Blanco","rentalCar","arcgis","existing"
"1894","2026-02-13 09:20:00","1770974340000","1770974400000","Contao","Contao","foot","arcgis","existing"
"1895","2026-02-13 09:19:00","1770937440000","1770974340000","Picholco","Contao","car","arcgis","existing"
"1896","2026-02-14 09:05:00","1771059780000","1771059900000","Puerto Montt","Renting a room","foot","arcgis","existing"
"1897","2026-02-14 09:00:00","1770974400000","1771059600000","Contao","Contao","foot","arcgis","existing"
"1898","2026-02-14 09:02:00","1771059660000","1771059720000","Puelche","La Arena","ferry","arcgis","existing"
"1899","2026-02-14 09:01:00","1771059600000","1771059660000","Contao","Puelche","car","arcgis","existing"
"1900","2026-02-14 09:03:00","1771059720000","1771059780000","La Arena","Puerto Montt","car","arcgis","existing"
"1901","2026-02-14 23:03:00","1771110060000","1771110180000","Pargua","Chacao","ferry","arcgis","existing"
"1902","2026-02-14 23:04:00","1771110180000","1771110240000","Chacao","Linao","car","arcgis","existing"
"1903","2026-02-14 23:01:00","1771110000000","1771110060000","Gasolinera Puerto Montt","Pargua","car","arcgis","existing"
"1904","2026-02-14 23:05:00","1771110240000","1771110300000","Linao","Playa Huelden","car","arcgis","existing"
"1905","2026-02-14 23:00:00","1771059900000","1771110000000","Renting a room","Gasolinera Puerto Montt","bus","arcgis","existing"
"1906","2026-02-14 23:06:00","1771110300000","1771110360000","Playa Huelden","Random beach","foot","arcgis","existing"
"1907","2026-02-15 23:00:00","1771110360000","1771196400000","Random beach","Playa Huelden","foot","arcgis","existing"
"1908","2026-02-16 23:01:00","1771282800000","1771282860000","Dalcahue","Isla Quinchao","ferry","arcgis","existing"
"1911","2026-02-18 23:05:00","1771455780000","1771455900000","Castro","Outside of Castro","foot","arcgis","existing"
"1912","2026-02-16 23:04:00","1771282980000","1771283040000","Curaco de Velez","Anchao","car","arcgis","existing"
"1913","2026-02-18 23:06:00","1771455900000","1771455960000","Outside of Castro","Chonchi","car","arcgis","existing"
"1914","2026-02-16 23:00:00","1771196460000","1771282800000","Mocopulli","Dalcahue","bus","arcgis","existing"
"1915","2026-02-16 23:03:00","1771282860000","1771282980000","Isla Quinchao","Curaco de Velez","car","arcgis","existing"
"1916","2026-02-16 23:05:00","1771283040000","1771283100000","Anchao","Mirador ","car","arcgis","existing"
"1917","2026-02-18 23:03:00","1771455660000","1771455780000","Anchao","Castro","bus","arcgis","existing"
"1918","2026-02-15 23:01:00","1771196400000","1771196460000","Playa Huelden","Mocopulli","car","arcgis","existing"
"1919","2026-02-18 23:08:00","1771456020000","1771456080000","Huillinco","Playa Huillinco","foot","arcgis","existing"
"1920","2026-02-18 23:07:00","1771455960000","1771456020000","Chonchi","Huillinco","car","arcgis","existing"
"1921","2026-02-17 23:04:00","1771369200000","1771369440000","Quinchao","South of Quinchao","car","arcgis","existing"
"1922","2026-02-18 23:01:00","1771455600000","1771455660000","South of Quinchao","Anchao","car","arcgis","existing"
"1923","2026-02-17 23:00:00","1771283100000","1771369200000","Mirador ","Quinchao","car","arcgis","existing"
"1924","2026-02-19 23:00:00","1771456080000","1771542000000","Playa Huillinco","Huillinco","foot","arcgis","existing"
"1925","2026-02-19 23:08:00","1771542360000","1771542480000","On the way to Cole Cole","Playa Cole Cole","foot","arcgis","existing"
"1926","2026-02-20 23:02:00","1771628460000","1771628520000","Cucao","Cucao","foot","arcgis","existing"
"1927","2026-02-19 23:04:00","1771542180000","1771542240000","Playa Cucao","On the way to Cole Cole","foot","arcgis","existing"
"1928","2026-02-20 23:00:00","1771542480000","1771628400000","Playa Cole Cole","On the way to Cole Cole","foot","arcgis","existing"
"1929","2026-02-20 23:05:00","1771628640000","1771628700000","Casone Huillinco","Huillinco","foot","arcgis","existing"
"1930","2026-02-19 23:06:00","1771542240000","1771542360000","On the way to Cole Cole","On the way to Cole Cole","car","arcgis","existing"
"1931","2026-02-20 23:06:00","1771628700000","1771628760000","Huillinco","Casona Huillinco","car","arcgis","existing"
"1932","2026-02-19 23:03:00","1771542060000","1771542180000","Cucao","Playa Cucao","car","arcgis","existing"
"1933","2026-02-19 23:01:00","1771542000000","1771542060000","Huillinco","Cucao","car","arcgis","existing"
"1934","2026-02-20 23:04:00","1771628520000","1771628640000","Cucao","Casone Huillinco","car","arcgis","existing"
"1935","2026-02-20 23:01:00","1771628400000","1771628460000","On the way to Cole Cole","Cucao","car","arcgis","existing"
"1936","2026-02-20 23:09:00","1771628760000","1771628940000","Casona Huillinco","Casona Huillinco Festival","foot","arcgis","existing"
"1937","2026-02-22 23:04:00","1771801260000","1771801440000","Somewhere","Somewhere","foot","arcgis","existing"
"1938","2026-02-21 23:05:00","1771715040000","1771715100000","Castro","Castro Gasolinera","foot","arcgis","existing"
"1939","2026-02-22 23:00:00","1771715340000","1771801200000","Playa Ahui","Somewhere","foot","arcgis","existing"
"1940","2026-02-21 23:09:00","1771715220000","1771715340000","Playa Ahui","Playa Ahui","foot","arcgis","existing"
"1941","2026-02-22 23:11:00","1771801800000","1771801860000","Playa Ancud","Playa Ancud","foot","arcgis","existing"
"1942","2026-02-22 23:05:00","1771801440000","1771801500000","Somewhere","Chiloe Silvester","car","arcgis","existing"
"1943","2026-02-22 23:10:00","1771801740000","1771801800000","Ancud","Playa Ancud","car","arcgis","existing"
"1944","2026-02-22 23:09:00","1771801680000","1771801740000","Cruze","Ancud","car","arcgis","existing"
"1945","2026-02-21 23:04:00","1771714860000","1771715040000","Chonchi","Castro","car","arcgis","existing"
"1946","2026-02-22 23:06:00","1771801500000","1771801560000","Chiloe Silvester","Carretera","car","arcgis","existing"
"1947","2026-02-21 23:01:00","1771714800000","1771714860000","Huillinco","Chonchi","car","arcgis","existing"
"1948","2026-02-23 23:03:00","1771887660000","1771887780000","Ferry","Pargua","car","arcgis","existing"
"1949","2026-02-21 23:00:00","1771628940000","1771714800000","Casona Huillinco Festival","Huillinco","car","arcgis","existing"
"1950","2026-02-22 23:08:00","1771801560000","1771801680000","Carretera","Cruze","bus","arcgis","existing"
"1951","2026-02-22 23:01:00","1771801200000","1771801260000","Somewhere","Somewhere","car","arcgis","existing"
"1952","2026-02-23 23:04:00","1771887780000","1771887840000","Pargua","Camping Ceiba","truck","arcgis","existing"
"1953","2026-02-21 23:07:00","1771715100000","1771715220000","Castro Gasolinera","Playa Ahui","car","arcgis","existing"
"1954","2026-02-23 23:01:00","1771887600000","1771887660000","Chacao","Ferry","ferry","arcgis","existing"
"1955","2026-02-23 23:00:00","1771801860000","1771887600000","Playa Ancud","Chacao","car","arcgis","existing"
"1956","2026-02-24 23:00:00","1771887840000","1771974000000","Camping Ceiba","Home Benjamin","car","arcgis","existing"
"1957","2026-03-05 23:04:00","1772751780000","1772751840000","La Arena","Puelche","ferry","arcgis","existing"
"1958","2026-03-07 23:03:00","1772924460000","1772924580000","Entrance Quelulat","Delfin Spot","foot","arcgis","existing"
"1959","2026-03-13 23:05:00","1773442980000","1773443100000","Ferry Magellan Street","Ferry Street Magellan","ferry","arcgis","existing"
"1960","2026-03-05 23:07:00","1772751900000","1772752020000","Hornopiren","Leptepu","ferry","arcgis","existing"
"1961","2026-03-07 23:00:00","1772838240000","1772924400000","La Junta","La Junta","foot","arcgis","existing"
"1962","2026-03-13 23:07:00","1773443160000","1773443220000","Ushuaia","Home of Martin","foot","arcgis","existing"
"1963","2026-03-10 23:01:00","1773183600000","1773183660000","Puerto Ibanez Ferry","Chile Chico","ferry","arcgis","existing"
"1964","2026-03-07 23:06:00","1772924700000","1772924760000","Coyhaique","Mirador Rio Simpson","foot","arcgis","existing"
"1965","2026-03-10 23:02:00","1773183660000","1773183720000","Chile Chico","Chile Chico Salida","foot","arcgis","existing"
"1966","2026-03-05 23:09:00","1772752080000","1772752140000","Fjordo Largo","Caleta Gonzalo","ferry","arcgis","existing"
"1967","2026-03-12 23:02:00","1773356400000","1773356520000","Gobernador, Gregores","Rio Coig","car","arcgis","existing"
"1968","2026-03-06 23:00:00","1772752200000","1772838000000","Mirador Lago Rio Negro","Chaiten","car","arcgis","existing"
"1969","2026-03-06 23:02:00","1772838000000","1772838120000","Chaiten","El Amarillo","car","arcgis","existing"
"1970","2026-03-02 23:00:00","1771974000000","1772492400000","Home Benjamin","Home Gabito <3","car","arcgis","existing"
"1971","2026-03-13 23:03:00","1773442860000","1773442980000","Rio Gallego","Ferry Magellan Street","car","arcgis","existing"
"1972","2026-03-05 23:08:00","1772752020000","1772752080000","Leptepu","Fjordo Largo","car","arcgis","existing"
"1973","2026-03-10 23:06:00","1773183900000","1773183960000","La Ascencion","Estancia la Ascencion","car","arcgis","existing"
"1974","2026-03-05 23:10:00","1772752140000","1772752200000","Caleta Gonzalo","Mirador Lago Rio Negro","car","arcgis","existing"
"1975","2026-03-05 23:03:00","1772751720000","1772751780000","Chamiza","La Arena","car","arcgis","existing"
"1976","2026-03-13 23:01:00","1773442800000","1773442860000","Police checkpoint","Rio Gallego","car","arcgis","existing"
"1977","2026-03-06 23:04:00","1772838180000","1772838240000","La Junta","La Junta","car","arcgis","existing"
"1978","2026-03-05 23:01:00","1772751600000","1772751660000","Puerto Montt Salida","Puerto Montt Salida","car","arcgis","existing"
"1979","2026-03-10 23:04:00","1773183720000","1773183840000","Chile Chico Salida","Border Chile Chico","car","arcgis","existing"
"1980","2026-03-13 23:00:00","1773356520000","1773442800000","Rio Coig","Police checkpoint","car","arcgis","existing"
"1981","2026-03-05 23:05:00","1772751840000","1772751900000","Puelche","Hornopiren","car","arcgis","existing"
"1982","2026-03-05 23:02:00","1772751660000","1772751720000","Puerto Montt Salida","Chamiza","car","arcgis","existing"
"1983","2026-03-11 23:00:00","1773183960000","1773270000000","Estancia la Ascencion","Rio Chico","car","arcgis","existing"
"1984","2026-03-06 23:03:00","1772838120000","1772838180000","El Amarillo","La Junta","car","arcgis","existing"
"1985","2026-03-08 23:01:00","1773010800000","1773010860000","Coyhaique","El Blanco","truck","arcgis","existing"
"1986","2026-03-05 23:00:00","1772492400000","1772751600000","Home Gabito <3","Puerto Montt Salida","bus","arcgis","existing"
"1987","2026-03-07 23:01:00","1772924400000","1772924460000","La Junta","Entrance Quelulat","car","arcgis","existing"
"1988","2026-03-09 23:00:00","1773010860000","1773097200000","El Blanco","Puerto Ibanez Playa","car","arcgis","existing"
"1989","2026-03-12 23:00:00","1773270000000","1773356400000","Rio Chico","Gobernador, Gregores","car","arcgis","existing"
"1990","2026-03-10 23:05:00","1773183840000","1773183900000","Border Chile Chico","La Ascencion","car","arcgis","existing"
"1991","2026-03-13 23:06:00","1773443100000","1773443160000","Ferry Street Magellan","Ushuaia","car","arcgis","existing"
"1992","2026-03-10 23:00:00","1773097200000","1773183600000","Puerto Ibanez Playa","Puerto Ibanez Ferry","car","arcgis","existing"
"1993","2026-03-22 23:04:00","1774220580000","1774220640000","Chile Chico","Chile Chico","foot","arcgis","existing"
"1995","2026-03-19 23:00:00","1773874920000","1773961200000","Hostal LeoLei","El Calafate","foot","arcgis","existing"
"1996","2026-03-20 23:03:00","1774047720000","1774047780000","Gobernador Gregores","Gobernador Gregores Balneario","foot","arcgis","existing"
"1997","2026-03-20 23:00:00","1773961440000","1774047600000","El Chalten Refugio Hostel","El Chalten Exit","foot","arcgis","existing"
"1998","2026-03-22 23:05:00","1774220640000","1774220700000","Chile Chico","Puerto Ibanez","ferry","arcgis","existing"
"1999","2026-03-08 23:00:00","1772924760000","1773010800000","Mirador Rio Simpson","Coyhaique","foot","arcgis","existing"
"2000","2026-03-21 23:00:00","1774047780000","1774134000000","Gobernador Gregores Balneario","Gobernador Gregores Exit","foot","arcgis","existing"
"2001","2026-03-18 23:02:00","1773874860000","1773874920000","El Calafate","Hostal LeoLei","foot","arcgis","existing"
"2002","2026-03-23 23:01:00","1774306800000","1774306860000","Coyhaique","Coyhaique Exit","foot","arcgis","existing"
"2003","2026-03-19 23:04:00","1773961380000","1773961440000","El Chalten","El Chalten Refugio Hostel","foot","arcgis","existing"
"2004","2026-03-17 23:00:00","1773443220000","1773788400000","Home of Martin","Ushuaia exit","car","arcgis","existing"
"2005","2026-03-17 23:03:00","1773788520000","1773788580000","Rio Grande Exit","Border San Sebastian","truck","arcgis","existing"
"2006","2026-03-22 23:00:00","1774134120000","1774220400000","Perito Moreno","Perito Moreno Exit","foot","arcgis","existing"
"2007","2026-03-19 23:02:00","1773961260000","1773961320000","El Calafate Exit","Glacier Perito Moreno","car","arcgis","existing"
"2008","2026-03-17 23:02:00","1773788460000","1773788520000","Rio Grande","Rio Grande Exit","car","arcgis","existing"
"2009","2026-03-18 23:01:00","1773874800000","1773874860000","El Calafate Airport","El Calafate","car","arcgis","existing"
"2010","2026-03-19 23:01:00","1773961200000","1773961260000","El Calafate","El Calafate Exit","car","arcgis","existing"
"2011","2026-03-22 23:06:00","1774220700000","1774220760000","Puerto Ibanez","El Blanco","car","arcgis","existing"
"2012","2026-03-22 23:03:00","1774220460000","1774220580000","Los Antiguos","Chile Chico","car","arcgis","existing"
"2013","2026-03-23 23:03:00","1774306860000","1774306980000","Coyhaique Exit","Some km more","car","arcgis","existing"
"2014","2026-03-17 23:01:00","1773788400000","1773788460000","Ushuaia exit","Rio Grande","car","arcgis","existing"
"2015","2026-03-17 23:04:00","1773788580000","1773788640000","Border San Sebastian","Ferry Magellan Street","car","arcgis","existing"
"2016","2026-03-23 23:05:00","1774306980000","1774307100000","Some km more","Cruze","car","arcgis","existing"
"2017","2026-03-20 23:02:00","1774047600000","1774047720000","El Chalten Exit","Gobernador Gregores","car","arcgis","existing"
"2018","2026-03-23 23:00:00","1774220760000","1774306800000","El Blanco","Coyhaique","car","arcgis","existing"
"2019","2026-03-19 23:03:00","1773961320000","1773961380000","Glacier Perito Moreno","El Chalten","car","arcgis","existing"
"2020","2026-03-22 23:01:00","1774220400000","1774220460000","Perito Moreno Exit","Los Antiguos","car","arcgis","existing"
"2021","2026-03-21 23:02:00","1774134000000","1774134120000","Gobernador Gregores Exit","Perito Moreno","car","arcgis","existing"
"2022","2026-03-17 23:05:00","1773788640000","1773788700000","Ferry Magellan Street","Ferry Magellan Street","ferry","arcgis","existing"
"2023","2026-03-17 23:06:00","1773788700000","1773788760000","Ferry Magellan Street","Police checkpoint Rio Gallegos","car","arcgis","existing"
"2025","2026-03-07 23:05:00","1772924653000","1772924700000","Cruze por Aysen","Coyhaique","car","arcgis","existing"
"2026","2026-03-07 23:04:13","1772924640000","1772924653000","Laguna las Torres","Cruze por Aysen","car","arcgis","existing"
"2027","2026-03-24 23:00:00","1774307340000","1774393200000","Hostal Juanita","Puyuhuapi Exit","foot","arcgis","existing"
"2028","2026-03-25 23:06:00","1774479840000","1774479960000","Leptepu","Hornopiren","ferry","arcgis","existing"
"2029","2026-03-25 23:00:00","1774393440000","1774479600000","Chaiten Beach","Chaiten Exit","foot","arcgis","existing"
"2030","2026-03-23 23:09:00","1774307280000","1774307340000","Puyuhuapi","Hostal Juanita","foot","arcgis","existing"
"2031","2026-03-23 23:06:00","1774307100000","1774307160000","Cruze","Cruze por Aysen","car","arcgis","existing"
"2032","2026-03-25 23:01:00","1774479600000","1774479660000","Chaiten Exit","Hot springs","car","arcgis","existing"
"2033","2026-03-24 23:04:00","1774393320000","1774393440000","Chaiten","Chaiten Beach","car","arcgis","existing"
"2034","2026-03-25 23:07:00","1774479960000","1774480020000","Hornopiren","Hornopiren, River","car","arcgis","existing"
"2035","2026-03-24 23:01:00","1774393200000","1774393260000","Puyuhuapi Exit","La Junta","car","arcgis","existing"
"2036","2026-03-25 23:04:00","1774479720000","1774479840000","Caleta Gonzalo","Leptepu","car","arcgis","existing"
"2037","2026-03-25 23:02:00","1774479660000","1774479720000","Hot springs","Caleta Gonzalo","truck","arcgis","existing"
"2038","2026-03-23 23:08:00","1774307220000","1774307280000","Cruze por Puerto Cisnes","Puyuhuapi","car","arcgis","existing"
"2039","2026-03-24 23:02:00","1774393260000","1774393320000","La Junta","Chaiten","car","arcgis","existing"
"2040","2026-03-23 23:07:00","1774307160000","1774307220000","Cruze por Aysen","Cruze por Puerto Cisnes","car","arcgis","existing"
"2041","2026-03-26 23:02:00","1774566060000","1774566120000","Puelche","Caleta Arena","ferry","arcgis","existing"
"2043","2026-04-05 22:01:00","1775426400000","1775426460000","Volcan Puyehue","Fundo Caulle","foot","arcgis","existing"
"2045","2026-03-26 23:00:00","1774480020000","1774566000000","Hornopiren, River","Hornopiren","car","arcgis","existing"
"2046","2026-03-26 23:01:00","1774566000000","1774566060000","Hornopiren","Puelche","car","arcgis","existing"
"2047","2026-03-26 23:05:00","1774566240000","1774566300000","Puerto Montt","Home Gabito","bus","arcgis","existing"
"2048","2026-03-26 23:04:00","1774566120000","1774566240000","Caleta Arena","Puerto Montt","car","arcgis","existing"
"2049","2026-04-03 22:00:00","1774566300000","1775253600000","Home Gabito","Gabos family","friends","arcgis","existing"
"2050","2026-04-04 22:00:00","1775253600000","1775340000000","Gabos family","Fundo Caulle","friends","arcgis","existing"
"2051","2026-04-05 22:03:00","1775426460000","1775426580000","Fundo Caulle","Home Gabito","friends","arcgis","existing"
"2052","2026-04-06 22:00:00","1775426580000","1775512800000","Home Gabito","Puerto Montt","foot","arcgis","existing"
"2053","2026-04-07 22:06:00","1775599440000","1775599560000","Castro","Hostel Castro","foot","arcgis","existing"
"2054","2026-04-06 22:05:00","1775513040000","1775513100000","Ferry Pargua","Chacao","ferry","arcgis","existing"
"2055","2026-04-07 22:00:00","1775513580000","1775599200000","Chequian","Chequian","foot","arcgis","existing"
"2056","2026-04-06 22:11:00","1775513400000","1775513460000","Dalcahue","Isla Quinchao","ferry","arcgis","existing"
"2057","2026-04-07 22:03:00","1775599320000","1775599380000","Ferry","Dalcahue","ferry","arcgis","existing"
"2058","2026-04-06 22:13:00","1775513520000","1775513580000","Chequian","Chequian","foot","arcgis","existing"
"2059","2026-04-09 22:00:00","1775599560000","1775772000000","Hostel Castro","Castro","foot","arcgis","existing"
"2060","2026-04-06 22:01:00","1775512800000","1775512860000","Puerto Montt","Gas station","bus","arcgis","existing"
"2061","2026-04-07 22:02:00","1775599260000","1775599320000","Achao","Ferry","truck","arcgis","existing"
"2062","2026-04-07 22:01:00","1775599200000","1775599260000","Chequian","Achao","car","arcgis","existing"
"2063","2026-04-06 22:08:00","1775513160000","1775513280000","Mocopulli","Castro","bus","arcgis","existing"
"2064","2026-04-06 22:12:00","1775513460000","1775513520000","Isla Quinchao","Chequian","car","arcgis","existing"
"2065","2026-04-09 22:02:00","1775772000000","1775772120000","Castro","Puerto Montt","car","arcgis","existing"
"2066","2026-04-06 22:03:00","1775512860000","1775512980000","Gas station","Pargua","car","arcgis","existing"
"2067","2026-04-09 22:04:00","1775772120000","1775772240000","Puerto Montt","Home Gabito","bus","arcgis","existing"
"2068","2026-04-06 22:04:00","1775512980000","1775513040000","Pargua","Ferry Pargua","car","arcgis","existing"
"2069","2026-04-06 22:10:00","1775513340000","1775513400000","Llaullao","Dalcahue","car","arcgis","existing"
"2070","2026-04-06 22:09:00","1775513280000","1775513340000","Castro","Llaullao","car","arcgis","existing"
"2071","2026-04-07 22:04:00","1775599380000","1775599440000","Dalcahue","Castro","bus","arcgis","existing"
"2072","2026-04-06 22:06:00","1775513100000","1775513160000","Chacao","Mocopulli","truck","arcgis","existing"
"2073","2026-03-07 23:04:00","1772924580000","1772924640000","Delfin Spot","Laguna las Torres","car","arcgis","existing"
"2074","2026-04-13 22:00:00","1776031260000","1776117600000","Terminal Santiago","Home Javis Family","bus","arcgis","existing"
"2075","2026-04-12 22:00:00","1775772240000","1776031200000","Home Gabito","Terminal Puerto Montt","friends","arcgis","existing"
"2076","2026-04-12 22:01:00","1776031200000","1776031260000","Terminal Puerto Montt","Terminal Santiago","bus","arcgis","existing"
"2077","2026-04-17 22:00:00","1776376860000","1776463200000","La Serena","La Serena","foot","arcgis","existing"
"2078","2026-04-17 22:07:00","1776463560000","1776463620000","Pisco Elqui","Pisco Elqui Camping Andino","foot","arcgis","existing"
"2079","2026-04-17 22:02:00","1776463260000","1776463320000","La Serena Aeropuerto","La Serena Copec","foot","arcgis","existing"
"2080","2026-04-21 22:00:00","1776463620000","1776808800000","Pisco Elqui Camping Andino","Pisco Elqui","foot","arcgis","existing"
"2081","2026-04-17 22:01:00","1776463200000","1776463260000","La Serena","La Serena Aeropuerto","car","arcgis","existing"
"2082","2026-04-17 22:03:00","1776463320000","1776463380000","La Serena Copec","Vicuna","car","arcgis","existing"
"2083","2026-04-16 22:00:00","1776117600000","1776376800000","Home Javis Family","Santiago Estacion Central","bus","arcgis","existing"
"2084","2026-04-17 22:05:00","1776463380000","1776463500000","Vicuna","Paiguano","car","arcgis","existing"
"2085","2026-04-17 22:06:00","1776463500000","1776463560000","Paiguano","Pisco Elqui","bus","arcgis","existing"
"2086","2026-04-21 22:01:00","1776808800000","1776808860000","Pisco Elqui","Vicuna","car","arcgis","existing"
"2087","2026-04-16 22:01:00","1776376800000","1776376860000","Santiago Estacion Central","La Serena","bus","arcgis","existing"
"2088","2026-04-21 22:06:00","1776809100000","1776809160000","Diaguitas","Diaguitas","foot","arcgis","existing"
"2089","2026-04-26 22:04:00","1777240980000","1777241040000","Uyuni","Uyuni Plaza","foot","arcgis","existing"
"2090","2026-04-22 22:07:00","1776895560000","1776895620000","Copec Copiapo","Copec","foot","arcgis","existing"
"2091","2026-04-26 22:00:00","1777154700000","1777240800000","Calama","Calama Salida","taxi","arcgis","existing"
"2092","2026-04-22 22:02:00","1776895260000","1776895320000","La Serena","La Serena Gas station","foot","arcgis","existing"
"2093","2026-04-22 22:00:00","1776809160000","1776895200000","Diaguitas","Vicuna","car","arcgis","existing"
"2094","2026-04-26 22:01:00","1777240800000","1777240860000","Calama Salida","Calama Salida 2","car","arcgis","existing"
"2095","2026-04-22 22:06:00","1776895500000","1776895560000","Copiapo","Copec Copiapo","car","arcgis","existing"
"2096","2026-04-25 22:00:00","1776981780000","1777154400000","House Pipe","Caldera Salida","car","arcgis","existing"
"2097","2026-04-23 22:03:00","1776981600000","1776981780000","Caldera","House Pipe","foot","arcgis","existing"
"2098","2026-04-26 22:02:00","1777240860000","1777240920000","Calama Salida 2","ChiuChiu","car","arcgis","existing"
"2099","2026-04-23 22:00:00","1776895620000","1776981600000","Copec","Caldera","car","arcgis","existing"
"2100","2026-04-22 22:04:00","1776895320000","1776895440000","La Serena Gas station","Copec La Serena","car","arcgis","existing"
"2101","2026-04-22 22:01:00","1776895200000","1776895260000","Vicuna","La Serena","truck","arcgis","existing"
"2102","2026-04-26 22:03:00","1777240920000","1777240980000","ChiuChiu","Uyuni","car","arcgis","existing"
"2103","2026-04-21 22:05:00","1776808860000","1776809100000","Vicuna","Diaguitas","car","arcgis","existing"
"2104","2026-04-25 22:01:00","1777154400000","1777154460000","Caldera Salida","Outside of Antofagasta","car","arcgis","existing"
"2105","2026-04-25 22:03:00","1777154460000","1777154580000","Outside of Antofagasta","Calama","truck","arcgis","existing"
"2106","2026-04-22 22:05:00","1776895440000","1776895500000","Copec La Serena","Copiapo","truck","arcgis","existing"
"2107","2026-04-25 22:05:00","1777154580000","1777154700000","Calama","Calama","taxi","arcgis","existing"
"2108","2026-04-29 22:00:00","1777241040000","1777500000000","Uyuni Plaza","La Paz","bus","arcgis","existing"
"2109","2026-04-30 22:00:00","1777500000000","1777586400000","La Paz","La Paz Hostel","foot","arcgis","existing"
"2110","2026-05-05 22:04:00","1778018580000","1778018640000","Border Peru","Yunguyo","taxi","arcgis","existing"
"2111","2026-05-05 22:06:00","1778018640000","1778018760000","Yunguyo","Salida de Yunguyo","foot","arcgis","existing"
"2112","2026-05-05 22:09:00","1778018880000","1778018940000","Santa Lucia","Santa Lucia Hotel","foot","arcgis","existing"
"2113","2026-05-11 22:00:00","1778364180000","1778536800000","Lima Hostal","Airport Lima","taxi","arcgis","existing"
"2115","2026-05-05 22:03:00","1778018460000","1778018580000","Closer to the border","Border Peru","taxi","arcgis","existing"
"2116","2026-05-09 22:03:00","1778364060000","1778364180000","Lima Plaza Grau","Lima Hostal","taxi","arcgis","existing"
"2117","2026-05-05 22:00:00","1777932000000","1778018400000","Lake Titicaca 2","Close to the border","friends","arcgis","existing"
"2118","2026-05-05 22:01:00","1778018400000","1778018460000","Close to the border","Closer to the border","car","arcgis","existing"
"2119","2026-05-06 22:01:00","1778104800000","1778104860000","Arequipa","Arequipa Hostal","bus","arcgis","existing"
"2120","2026-05-08 22:02:00","1778277660000","1778277720000","El Pedregal","Peaje Camana","truck","arcgis","existing"
"2121","2026-05-08 22:00:00","1778104860000","1778277600000","Arequipa Hostal","Uchumayo","bus","arcgis","existing"
"2122","2026-05-04 22:00:00","1777845600000","1777932000000","Lake Titicaca","Lake Titicaca 2","friends","arcgis","existing"
"2123","2026-05-08 22:04:00","1778277720000","1778277840000","Peaje Camana","Chala","truck","arcgis","existing"
"2124","2026-05-08 22:01:00","1778277600000","1778277660000","Uchumayo","El Pedregal","truck","arcgis","existing"
"2125","2026-05-05 22:07:00","1778018760000","1778018820000","Salida de Yunguyo","Cachacacha","car","arcgis","existing"
"2126","2026-05-09 22:01:00","1778364000000","1778364060000","Pucusana","Lima Plaza Grau","bus","arcgis","existing"
"2127","2026-05-05 22:08:00","1778018820000","1778018880000","Cachacacha","Santa Lucia","truck","arcgis","existing"
"2128","2026-05-03 22:00:00","1777586400000","1777845600000","La Paz Hostel","Lake Titicaca","friends","arcgis","existing"
"2130","2026-05-06 22:00:00","1778018940000","1778104800000","Santa Lucia Hotel","Arequipa","truck","arcgis","existing"
"2131","2026-05-13 22:04:00","1778709780000","1778709840000","Kicking Horse River","Kicking Horse River","foot","arcgis","existing"
"2132","2026-05-12 22:00:00","1778536920000","1778623200000","Airport Mexico City","Airport Calgary","plane","arcgis","existing"
"2133","2026-05-11 22:02:00","1778536800000","1778536920000","Airport Lima","Airport Mexico City","plane","arcgis","existing"
"2134","2026-05-13 22:00:00","1778623200000","1778709600000","Airport Calgary","Calgary Downtown","bus","arcgis","existing"
"2135","2026-05-13 22:01:00","1778709600000","1778709660000","Calgary Downtown","Gas station Calgary","car","arcgis","existing"
"2136","2026-05-13 22:03:00","1778709660000","1778709780000","Gas station Calgary","Kicking Horse River","car","arcgis","existing"
"2137","2026-05-14 22:00:00","1778709840000","1778796000000","Kicking Horse River","Highway 1","foot","arcgis","existing"
"2138","2026-05-14 22:03:00","1778796120000","1778796180000","Revelstoke","Revelstoke Exit","foot","arcgis","existing"
"2139","2026-05-14 22:01:00","1778796000000","1778796060000","Highway 1","Golden","car","arcgis","existing"
"2141","2026-05-14 22:04:00","1778796180000","1778796240000","Revelstoke Exit","Sicamous","car","arcgis","existing"
"2142","2026-05-14 22:02:00","1778796060000","1778796120000","Golden","Revelstoke","car","arcgis","existing"
"2143","2026-05-14 22:05:00","1778796240000","1778796300000","Sicamous","Kelowna","car","arcgis","existing"
