row,id,travel_datetime,travel_date,pointtype,name,sleepcategory,nonights,next_id,next_travel_datetime,next_travel_date,next_pointtype,next_name,day_diff_to_next_entry,status,
1,1,9/27/2023 0:00,9/27/2023,waypoint,Calmasino,,0,2,9/27/2023 0:00,9/27/2023,waypoint,Sirmione,0,not_sleep,
2,2,9/27/2023 0:00,9/27/2023,waypoint,Sirmione,,0,3,9/27/2023 0:00,9/27/2023,waypoint,Albisola,0,not_sleep,
3,3,9/27/2023 0:00,9/27/2023,waypoint,Albisola,,0,8,9/27/2023 0:00,9/27/2023,sleep,Albisola,0,not_sleep,
4,8,9/27/2023 0:00,9/27/2023,sleep,Albisola,camping,1,4,9/28/2023 0:00,9/28/2023,waypoint,Savona,1,match,
5,4,9/28/2023 0:00,9/28/2023,waypoint,Savona,,0,5,9/28/2023 0:00,9/28/2023,waypoint,Le Luc,0,not_sleep,
6,5,9/28/2023 0:00,9/28/2023,waypoint,Le Luc,,0,6,9/28/2023 0:00,9/28/2023,waypoint,Aix-en-Provence,0,not_sleep,
7,6,9/28/2023 0:00,9/28/2023,waypoint,Aix-en-Provence,,0,19,9/28/2023 0:00,9/28/2023,waypoint,Aix-en-Provence outskirts,0,not_sleep,
8,19,9/28/2023 0:00,9/28/2023,waypoint,Aix-en-Provence outskirts,,0,7,9/28/2023 0:00,9/28/2023,sleep,Aix-en-Provence,0,not_sleep,
9,7,9/28/2023 0:00,9/28/2023,sleep,Aix-en-Provence,couchsurfing,1,9,9/29/2023 0:00,9/29/2023,waypoint,Arles,1,match,
10,9,9/29/2023 0:00,9/29/2023,waypoint,Arles,,0,10,9/29/2023 0:00,9/29/2023,waypoint,Nimes,0,not_sleep,
11,10,9/29/2023 0:00,9/29/2023,waypoint,Nimes,,0,11,9/29/2023 0:00,9/29/2023,waypoint,Montpellier Est,0,not_sleep,
12,11,9/29/2023 0:00,9/29/2023,waypoint,Montpellier Est,,0,12,9/29/2023 0:00,9/29/2023,waypoint,Montpellier,0,not_sleep,
13,12,9/29/2023 0:00,9/29/2023,waypoint,Montpellier,,0,13,9/29/2023 0:00,9/29/2023,sleep,Montpellier,0,not_sleep,
14,13,9/29/2023 0:00,9/29/2023,sleep,Montpellier,couchsurfing,3,14,10/2/2023 0:00,10/2/2023,waypoint,Perpignan,3,match,
15,14,10/2/2023 0:00,10/2/2023,waypoint,Perpignan,,0,15,10/2/2023 0:00,10/2/2023,waypoint,Figueres,0,not_sleep,
16,15,10/2/2023 0:00,10/2/2023,waypoint,Figueres,,0,16,10/2/2023 0:00,10/2/2023,waypoint,Macanet de Selva,0,not_sleep,
17,16,10/2/2023 0:00,10/2/2023,waypoint,Macanet de Selva,,0,17,10/2/2023 0:00,10/2/2023,waypoint,Barcelona,0,not_sleep,
18,17,10/2/2023 0:00,10/2/2023,waypoint,Barcelona,,0,18,10/2/2023 0:00,10/2/2023,sleep,Molins de Rei,0,not_sleep,
19,18,10/2/2023 0:00,10/2/2023,sleep,Molins de Rei,camping,1,20,10/3/2023 0:00,10/3/2023,waypoint,Gelida,1,match,
20,20,10/3/2023 0:00,10/3/2023,waypoint,Gelida,,0,21,10/3/2023 0:00,10/3/2023,waypoint,Tarragona,0,not_sleep,
21,21,10/3/2023 0:00,10/3/2023,waypoint,Tarragona,,0,22,10/3/2023 0:00,10/3/2023,waypoint,Tarragona outskirts,0,not_sleep,
22,22,10/3/2023 0:00,10/3/2023,waypoint,Tarragona outskirts,,0,23,10/3/2023 0:00,10/3/2023,waypoint,Tarragona beach,0,not_sleep,
23,23,10/3/2023 0:00,10/3/2023,waypoint,Tarragona beach,,0,24,10/3/2023 0:00,10/3/2023,sleep,Tarragona beach,0,not_sleep,
24,24,10/3/2023 0:00,10/3/2023,sleep,Tarragona beach,camping,1,25,10/4/2023 0:00,10/4/2023,waypoint,Tarragona beach,1,match,
25,25,10/4/2023 0:00,10/4/2023,waypoint,Tarragona beach,,0,26,10/4/2023 0:00,10/4/2023,waypoint,Tarragona,0,not_sleep,
26,26,10/4/2023 0:00,10/4/2023,waypoint,Tarragona,,0,27,10/4/2023 0:00,10/4/2023,waypoint,Tarragona autostrada,0,not_sleep,
27,27,10/4/2023 0:00,10/4/2023,waypoint,Tarragona autostrada,,0,28,10/4/2023 0:00,10/4/2023,waypoint,Cambrils,0,not_sleep,
28,28,10/4/2023 0:00,10/4/2023,waypoint,Cambrils,,0,29,10/4/2023 0:00,10/4/2023,waypoint,Amposta,0,not_sleep,
29,29,10/4/2023 0:00,10/4/2023,waypoint,Amposta,,0,30,10/4/2023 0:00,10/4/2023,waypoint,Vinaros autovia,0,not_sleep,
30,30,10/4/2023 0:00,10/4/2023,waypoint,Vinaros autovia,,0,31,10/4/2023 0:00,10/4/2023,waypoint,Vinaros,0,not_sleep,
31,31,10/4/2023 0:00,10/4/2023,waypoint,Vinaros,,0,32,10/4/2023 0:00,10/4/2023,waypoint,Oropesa,0,not_sleep,
32,32,10/4/2023 0:00,10/4/2023,waypoint,Oropesa,,0,33,10/4/2023 0:00,10/4/2023,waypoint,Valencia autostrada,0,not_sleep,
33,33,10/4/2023 0:00,10/4/2023,waypoint,Valencia autostrada,,0,34,10/4/2023 0:00,10/4/2023,waypoint,Valencia,0,not_sleep,
34,34,10/4/2023 0:00,10/4/2023,waypoint,Valencia,,0,35,10/4/2023 0:00,10/4/2023,sleep,Valencia,0,not_sleep,
35,35,10/4/2023 0:00,10/4/2023,sleep,Valencia,friends,8,36,10/12/2023 0:00,10/12/2023,waypoint,Denia,8,match,
36,36,10/12/2023 0:00,10/12/2023,waypoint,Denia,,0,37,10/12/2023 0:00,10/12/2023,waypoint,Benisa,0,not_sleep,
37,37,10/12/2023 0:00,10/12/2023,waypoint,Benisa,,0,38,10/12/2023 0:00,10/12/2023,waypoint,Altea,0,not_sleep,
38,38,10/12/2023 0:00,10/12/2023,waypoint,Altea,,0,39,10/12/2023 0:00,10/12/2023,waypoint,Alicante,0,not_sleep,
39,39,10/12/2023 0:00,10/12/2023,waypoint,Alicante,,0,40,10/12/2023 0:00,10/12/2023,waypoint,Alicante outskirts,0,not_sleep,
40,40,10/12/2023 0:00,10/12/2023,waypoint,Alicante outskirts,,0,41,10/12/2023 0:00,10/12/2023,waypoint,San Vincente,0,not_sleep,
41,41,10/12/2023 0:00,10/12/2023,waypoint,San Vincente,,0,42,10/12/2023 0:00,10/12/2023,sleep,San Vincente,0,not_sleep,
42,42,10/12/2023 0:00,10/12/2023,sleep,San Vincente,house,1,43,10/13/2023 0:00,10/13/2023,waypoint,Murcia,1,match,
43,43,10/13/2023 0:00,10/13/2023,waypoint,Murcia,,0,44,10/13/2023 0:00,10/13/2023,waypoint,La Paz,0,not_sleep,
44,44,10/13/2023 0:00,10/13/2023,waypoint,La Paz,,0,45,10/13/2023 0:00,10/13/2023,waypoint,Alhama de Murcia,0,not_sleep,
45,45,10/13/2023 0:00,10/13/2023,waypoint,Alhama de Murcia,,0,46,10/13/2023 0:00,10/13/2023,waypoint,Alhama de Murcia outskirts,0,not_sleep,
46,46,10/13/2023 0:00,10/13/2023,waypoint,Alhama de Murcia outskirts,,0,47,10/13/2023 0:00,10/13/2023,waypoint,Puerto Lumbreras,0,not_sleep,
47,47,10/13/2023 0:00,10/13/2023,waypoint,Puerto Lumbreras,,0,48,10/13/2023 0:00,10/13/2023,waypoint,Vera,0,not_sleep,
48,48,10/13/2023 0:00,10/13/2023,waypoint,Vera,,0,49,10/13/2023 0:00,10/13/2023,waypoint,Macael,0,not_sleep,
49,49,10/13/2023 0:00,10/13/2023,waypoint,Macael,,0,50,10/13/2023 0:00,10/13/2023,sleep,Olula del Rio,0,not_sleep,
50,50,10/13/2023 0:00,10/13/2023,sleep,Olula del Rio,house,1,51,10/14/2023 0:00,10/14/2023,waypoint,Almeria,1,match,
51,51,10/14/2023 0:00,10/14/2023,waypoint,Almeria,,0,52,10/14/2023 0:00,10/14/2023,waypoint,Malaga,0,not_sleep,
52,52,10/14/2023 0:00,10/14/2023,waypoint,Malaga,,0,53,10/14/2023 0:00,10/14/2023,sleep,Malaga,0,not_sleep,
53,53,10/14/2023 0:00,10/14/2023,sleep,Malaga,camping,1,54,10/15/2023 0:00,10/15/2023,waypoint,Fuengirola,1,match,
54,54,10/15/2023 0:00,10/15/2023,waypoint,Fuengirola,,0,55,10/15/2023 0:00,10/15/2023,waypoint,Cala de Mijas,0,not_sleep,
55,55,10/15/2023 0:00,10/15/2023,waypoint,Cala de Mijas,,0,56,10/15/2023 0:00,10/15/2023,waypoint,Marbella,0,not_sleep,
56,56,10/15/2023 0:00,10/15/2023,waypoint,Marbella,,0,57,10/15/2023 0:00,10/15/2023,waypoint,Marbella bus terminal,0,not_sleep,
57,57,10/15/2023 0:00,10/15/2023,waypoint,Marbella bus terminal,,0,58,10/15/2023 0:00,10/15/2023,waypoint,San Roque,0,not_sleep,
58,58,10/15/2023 0:00,10/15/2023,waypoint,San Roque,,0,59,10/15/2023 0:00,10/15/2023,waypoint,La Linea de la Conception,0,not_sleep,
59,59,10/15/2023 0:00,10/15/2023,waypoint,La Linea de la Conception,,0,60,10/15/2023 0:00,10/15/2023,sleep,Gibraltar,0,not_sleep,
60,60,10/15/2023 0:00,10/15/2023,sleep,Gibraltar,couchsurfing,1,61,10/16/2023 17:50,10/16/2023,sleep,Gibraltar,1,match,
61,61,10/16/2023 17:50,10/16/2023,sleep,Gibraltar,couchsurfing,4,62,10/20/2023 17:54,10/20/2023,sleep,The Jungle,4,match,
62,62,10/20/2023 17:54,10/20/2023,sleep,The Jungle,camping,2,66,10/22/2023 0:00,10/22/2023,sleep,La Esteponera,2,match,
63,66,10/22/2023 0:00,10/22/2023,sleep,La Esteponera,hostel,1,67,10/23/2023 0:00,10/23/2023,sleep,The Jungle,1,match,
64,67,10/23/2023 0:00,10/23/2023,sleep,The Jungle,camping,6,63,10/29/2023 0:00,10/29/2023,waypoint,Algeciras,6,match,
65,63,10/29/2023 0:00,10/29/2023,waypoint,Algeciras,,0,64,10/29/2023 0:00,10/29/2023,waypoint,Ceuta,0,not_sleep,
66,64,10/29/2023 0:00,10/29/2023,waypoint,Ceuta,,0,65,10/29/2023 0:00,10/29/2023,sleep,Ceuta,0,not_sleep,
67,65,10/29/2023 0:00,10/29/2023,sleep,Ceuta,boat,2,119,10/31/2023 0:00,10/31/2023,waypoint,Ceuta Bus,2,match,
68,119,10/31/2023 0:00,10/31/2023,waypoint,Ceuta Bus,,0,68,10/31/2023 0:00,10/31/2023,waypoint,Ceuta border,0,not_sleep,
69,68,10/31/2023 0:00,10/31/2023,waypoint,Ceuta border,,0,69,10/31/2023 0:00,10/31/2023,sleep,Tetouan,0,not_sleep,
70,69,10/31/2023 0:00,10/31/2023,sleep,Tetouan,airbnb,2,70,11/2/2023 0:00,11/2/2023,waypoint,Ceuta border,2,match,
71,70,11/2/2023 0:00,11/2/2023,waypoint,Ceuta border,,0,120,11/2/2023 0:00,11/2/2023,waypoint,Ceuta Bus,0,not_sleep,
72,120,11/2/2023 0:00,11/2/2023,waypoint,Ceuta Bus,,0,71,11/2/2023 0:00,11/2/2023,sleep,Ceuta,0,not_sleep,
73,71,11/2/2023 0:00,11/2/2023,sleep,Ceuta,boat,4,72,11/7/2023 12:00,11/7/2023,sleep,"Ceuta - La Graciosa, Day 1",5,mismatch,1
74,72,11/7/2023 12:00,11/7/2023,sleep,"Ceuta - La Graciosa, Day 1",boat,1,73,11/8/2023 12:00,11/8/2023,sleep,"Ceuta - La Graciosa, Day 2",1,match,
75,73,11/8/2023 12:00,11/8/2023,sleep,"Ceuta - La Graciosa, Day 2",boat,1,74,11/9/2023 12:00,11/9/2023,sleep,"Ceuta - La Graciosa, Day 3",1,match,
76,74,11/9/2023 12:00,11/9/2023,sleep,"Ceuta - La Graciosa, Day 3",boat,1,75,11/10/2023 18:39,11/10/2023,sleep,"Ceuta - La Graciosa, Day 4",1,match,
77,75,11/10/2023 18:39,11/10/2023,sleep,"Ceuta - La Graciosa, Day 4",boat,1,76,11/11/2023 12:00,11/11/2023,sleep,"Ceuta - La Graciosa, Day 5",1,match,
78,76,11/11/2023 12:00,11/11/2023,sleep,"Ceuta - La Graciosa, Day 5",boat,1,77,11/11/2023 16:50,11/11/2023,sleep,La Graciosa,0,mismatch,-1
79,77,11/11/2023 16:50,11/11/2023,sleep,La Graciosa,boat,2,78,11/13/2023 0:00,11/13/2023,waypoint,"La Graciosa - Las Palmas, Day 1",2,match,
80,78,11/13/2023 0:00,11/13/2023,waypoint,"La Graciosa - Las Palmas, Day 1",,0,79,11/14/2023 0:00,11/14/2023,waypoint,"La Graciosa - Las Palmas, Day 2",1,not_sleep,
81,79,11/14/2023 0:00,11/14/2023,waypoint,"La Graciosa - Las Palmas, Day 2",,0,80,11/14/2023 0:00,11/14/2023,sleep,Las Palmas,0,not_sleep,
82,80,11/14/2023 0:00,11/14/2023,sleep,Las Palmas,camping,4,81,11/18/2023 0:00,11/18/2023,waypoint,Telde,4,match,
83,81,11/18/2023 0:00,11/18/2023,waypoint,Telde,,0,82,11/18/2023 0:00,11/18/2023,waypoint,Maspalmos,0,not_sleep,
84,82,11/18/2023 0:00,11/18/2023,waypoint,Maspalmos,,0,83,11/18/2023 0:00,11/18/2023,sleep,Maspalomas Dunes,0,not_sleep,
85,83,11/18/2023 0:00,11/18/2023,sleep,Maspalomas Dunes,camping,1,84,11/19/2023 0:00,11/19/2023,waypoint,Las Palmas de Abajo,1,match,
86,84,11/19/2023 0:00,11/19/2023,waypoint,Las Palmas de Abajo,,0,85,11/19/2023 0:00,11/19/2023,waypoint,Sonneland,0,not_sleep,
87,85,11/19/2023 0:00,11/19/2023,waypoint,Sonneland,,0,86,11/19/2023 0:00,11/19/2023,waypoint,El Tablero,0,not_sleep,
88,86,11/19/2023 0:00,11/19/2023,waypoint,El Tablero,,0,87,11/19/2023 0:00,11/19/2023,waypoint,Random playa,0,not_sleep,
89,87,11/19/2023 0:00,11/19/2023,waypoint,Random playa,,0,88,11/19/2023 0:00,11/19/2023,sleep,Random beach,0,not_sleep,
90,88,11/19/2023 0:00,11/19/2023,sleep,Random beach,camping,1,89,11/20/2023 0:00,11/20/2023,sleep,Playa de Tauro,1,match,
91,89,11/20/2023 0:00,11/20/2023,sleep,Playa de Tauro,camping,2,91,11/22/2023 0:00,11/22/2023,waypoint,San Sebastian Port,2,match,
92,91,11/22/2023 0:00,11/22/2023,waypoint,San Sebastian Port,,0,90,11/22/2023 0:20,11/22/2023,sleep,San Sebastian,0,not_sleep,
93,90,11/22/2023 0:20,11/22/2023,sleep,San Sebastian,camping,2,104,11/24/2023 0:00,11/24/2023,waypoint,San Sebastian Outskirts,2,match,
94,104,11/24/2023 0:00,11/24/2023,waypoint,San Sebastian Outskirts,,0,105,11/24/2023 0:00,11/24/2023,waypoint,Valle Gran Rey,0,not_sleep,
95,105,11/24/2023 0:00,11/24/2023,waypoint,Valle Gran Rey,,0,92,11/24/2023 0:00,11/24/2023,sleep,Playa Ingles,0,not_sleep,
96,92,11/24/2023 0:00,11/24/2023,sleep,Playa Ingles,camping,6,93,11/30/2023 0:00,11/30/2023,waypoint,La Calera,6,match,
97,93,11/30/2023 0:00,11/30/2023,waypoint,La Calera,,0,94,11/30/2023 0:00,11/30/2023,waypoint,El Guro,0,not_sleep,
98,94,11/30/2023 0:00,11/30/2023,waypoint,El Guro,,0,95,11/30/2023 0:00,11/30/2023,waypoint,Middle of the island,0,not_sleep,
99,95,11/30/2023 0:00,11/30/2023,waypoint,Middle of the island,,0,96,11/30/2023 0:00,11/30/2023,waypoint,Middle of the island,0,not_sleep,
100,96,11/30/2023 0:00,11/30/2023,waypoint,Middle of the island,,0,97,11/30/2023 0:00,11/30/2023,waypoint,Vallehermoso outskirts,0,not_sleep,
101,97,11/30/2023 0:00,11/30/2023,waypoint,Vallehermoso outskirts,,0,98,11/30/2023 0:00,11/30/2023,sleep,Vallehermoso,0,not_sleep,
102,98,11/30/2023 0:00,11/30/2023,sleep,Vallehermoso,camping,1,99,12/1/2023 0:00,12/1/2023,sleep,Los Chapines,1,match,
103,99,12/1/2023 0:00,12/1/2023,sleep,Los Chapines,camping,1,100,12/2/2023 0:00,12/2/2023,waypoint,Vallehermoso,1,match,
104,100,12/2/2023 0:00,12/2/2023,waypoint,Vallehermoso,,0,101,12/2/2023 0:00,12/2/2023,waypoint,Agulo,0,not_sleep,
105,101,12/2/2023 0:00,12/2/2023,waypoint,Agulo,,0,102,12/2/2023 0:00,12/2/2023,waypoint,San Sebastian,0,not_sleep,
106,102,12/2/2023 0:00,12/2/2023,waypoint,San Sebastian,,0,103,12/2/2023 0:00,12/2/2023,sleep,San Sebastian,0,not_sleep,
107,103,12/2/2023 0:00,12/2/2023,sleep,San Sebastian,camping,2,106,12/4/2023 0:00,12/4/2023,waypoint,San Sebastian Marina,2,match,
108,106,12/4/2023 0:00,12/4/2023,waypoint,San Sebastian Marina,,0,107,12/4/2023 0:00,12/4/2023,waypoint,Los Christianos,0,not_sleep,
109,107,12/4/2023 0:00,12/4/2023,waypoint,Los Christianos,,0,108,12/4/2023 0:00,12/4/2023,sleep,Los Christianos Beach,0,not_sleep,
110,108,12/4/2023 0:00,12/4/2023,sleep,Los Christianos Beach,camping,2,109,12/6/2023 0:00,12/6/2023,waypoint,Montana Blanca,2,match,
111,109,12/6/2023 0:00,12/6/2023,waypoint,Montana Blanca,,0,110,12/6/2023 0:00,12/6/2023,waypoint,El Teide,0,not_sleep,
112,110,12/6/2023 0:00,12/6/2023,waypoint,El Teide,,0,111,12/6/2023 0:00,12/6/2023,waypoint,Montana Blanca,0,not_sleep,
113,111,12/6/2023 0:00,12/6/2023,waypoint,Montana Blanca,,0,112,12/6/2023 0:00,12/6/2023,waypoint,Las Galettas,0,not_sleep,
114,112,12/6/2023 0:00,12/6/2023,waypoint,Las Galettas,,0,113,12/6/2023 0:00,12/6/2023,sleep,Las Galettas Beach,0,not_sleep,
115,113,12/6/2023 0:00,12/6/2023,sleep,Las Galettas Beach,camping,1,114,12/7/2023 0:00,12/7/2023,sleep,Los Christianos Beach,1,match,
116,114,12/7/2023 0:00,12/7/2023,sleep,Los Christianos Beach,camping,3,115,12/10/2023 0:00,12/10/2023,waypoint,Las Lajas,3,match,
117,115,12/10/2023 0:00,12/10/2023,waypoint,Las Lajas,,0,116,12/10/2023 0:00,12/10/2023,sleep,Las Lajas,0,not_sleep,
118,116,12/10/2023 0:00,12/10/2023,sleep,Las Lajas,camping,2,117,12/12/2023 0:00,12/12/2023,waypoint,Marina Amarilla,2,match,
119,117,12/12/2023 0:00,12/12/2023,waypoint,Marina Amarilla,,0,118,12/12/2023 0:00,12/12/2023,sleep,San Miguel,0,not_sleep,
120,118,12/12/2023 0:00,12/12/2023,sleep,San Miguel,camping,1,121,12/13/2023 0:00,12/13/2023,waypoint,Los Christianos Beach,1,match,
121,121,12/13/2023 0:00,12/13/2023,waypoint,Los Christianos Beach,,0,123,12/13/2023 0:00,12/13/2023,sleep,Coast of Tenerife,0,not_sleep,
122,123,12/13/2023 0:00,12/13/2023,sleep,Coast of Tenerife,boat,1,124,12/13/2023 0:00,12/13/2023,waypoint,Adeje,0,mismatch,-1
123,124,12/13/2023 0:00,12/13/2023,waypoint,Adeje,,0,122,12/14/2023 0:00,12/14/2023,waypoint,Playa de San Juan,1,not_sleep,
124,122,12/14/2023 0:00,12/14/2023,waypoint,Playa de San Juan,,0,125,12/14/2023 0:01,12/14/2023,waypoint,La Caleta,0,not_sleep,
125,125,12/14/2023 0:01,12/14/2023,waypoint,La Caleta,,0,126,12/14/2023 0:02,12/14/2023,sleep,Cave,0,not_sleep,
126,126,12/14/2023 0:02,12/14/2023,sleep,Cave,camping,1,128,12/15/2023 0:00,12/15/2023,waypoint,La Caleta,1,match,
127,128,12/15/2023 0:00,12/15/2023,waypoint,La Caleta,,0,127,12/15/2023 0:01,12/15/2023,waypoint,Los Christianos Port,0,not_sleep,
128,127,12/15/2023 0:01,12/15/2023,waypoint,Los Christianos Port,,0,129,12/15/2023 0:02,12/15/2023,waypoint,San Sebastian Port,0,not_sleep,
129,129,12/15/2023 0:02,12/15/2023,waypoint,San Sebastian Port,,0,130,12/15/2023 0:03,12/15/2023,waypoint,Valle Gran Rey,0,not_sleep,
130,130,12/15/2023 0:03,12/15/2023,waypoint,Valle Gran Rey,,0,131,12/15/2023 0:05,12/15/2023,sleep,Playa Ingles,0,not_sleep,
131,131,12/15/2023 0:05,12/15/2023,sleep,Playa Ingles,camping,1,132,12/16/2023 0:00,12/16/2023,sleep,Mirador de El Santo,1,match,
132,132,12/16/2023 0:00,12/16/2023,sleep,Mirador de El Santo,camping,1,133,12/17/2023 0:00,12/17/2023,sleep,Playa Ingles,1,match,
133,133,12/17/2023 0:00,12/17/2023,sleep,Playa Ingles,camping,2,134,12/19/2023 0:00,12/19/2023,waypoint,Medio Beach,2,match,
134,134,12/19/2023 0:00,12/19/2023,waypoint,Medio Beach,,0,135,12/19/2023 0:01,12/19/2023,sleep,Hippie Cave,0,not_sleep,
135,135,12/19/2023 0:01,12/19/2023,sleep,Hippie Cave,camping,1,136,12/20/2023 0:00,12/20/2023,waypoint,San Sebastian Port,1,match,
136,136,12/20/2023 0:00,12/20/2023,waypoint,San Sebastian Port,,0,137,12/20/2023 0:02,12/20/2023,waypoint,Los Christianos Port,0,not_sleep,
137,137,12/20/2023 0:02,12/20/2023,waypoint,Los Christianos Port,,0,138,12/20/2023 0:03,12/20/2023,sleep,Los Christianos Beach,0,not_sleep,
138,138,12/20/2023 0:03,12/20/2023,sleep,Los Christianos Beach,camping,1,139,12/21/2023 0:00,12/21/2023,waypoint,Santiago de Teide,1,match,
139,139,12/21/2023 0:00,12/21/2023,waypoint,Santiago de Teide,,0,140,12/21/2023 0:01,12/21/2023,waypoint,Puerto de la Cruz,0,not_sleep,
140,140,12/21/2023 0:01,12/21/2023,waypoint,Puerto de la Cruz,,0,141,12/21/2023 0:03,12/21/2023,waypoint,Santa Cruz,0,not_sleep,
141,141,12/21/2023 0:03,12/21/2023,waypoint,Santa Cruz,,0,142,12/21/2023 0:04,12/21/2023,waypoint,La Caleta,0,not_sleep,
142,142,12/21/2023 0:04,12/21/2023,waypoint,La Caleta,,0,143,12/21/2023 0:06,12/21/2023,sleep,Cave,0,not_sleep,
143,143,12/21/2023 0:06,12/21/2023,sleep,Cave,camping,5,144,12/26/2023 0:00,12/26/2023,waypoint,La Caleta,5,match,
144,144,12/26/2023 0:00,12/26/2023,waypoint,La Caleta,,0,145,12/26/2023 0:01,12/26/2023,sleep,Las Lajas,0,not_sleep,
145,145,12/26/2023 0:01,12/26/2023,sleep,Las Lajas,camping,1,146,12/27/2023 0:00,12/27/2023,waypoint,Teide,1,match,
146,146,12/27/2023 0:00,12/27/2023,waypoint,Teide,,0,147,12/27/2023 0:01,12/27/2023,sleep,Playa Teresitas,0,not_sleep,
147,147,12/27/2023 0:01,12/27/2023,sleep,Playa Teresitas,camping,1,148,12/28/2023 0:00,12/28/2023,sleep,Playa Benijo,1,match,
148,148,12/28/2023 0:00,12/28/2023,sleep,Playa Benijo,camping,2,149,12/30/2023 0:00,12/30/2023,sleep,El Medano,2,match,
149,149,12/30/2023 0:00,12/30/2023,sleep,El Medano,camping,1,150,12/31/2023 0:00,12/31/2023,waypoint,La Caleta,1,match,
150,150,12/31/2023 0:00,12/31/2023,waypoint,La Caleta,,0,151,12/31/2023 0:01,12/31/2023,sleep,Cave,0,not_sleep,
151,151,12/31/2023 0:01,12/31/2023,sleep,Cave,camping,2,152,1/2/2024 0:00,1/2/2024,sleep,Playa Teresitas,2,match,
152,152,1/2/2024 0:00,1/2/2024,sleep,Playa Teresitas,camping,15,153,1/17/2024 0:00,1/17/2024,sleep,SY Falkor,15,match,
153,153,1/17/2024 0:00,1/17/2024,sleep,SY Falkor,boat,11,154,1/27/2024 0:00,1/27/2024,waypoint,Engine failure,10,mismatch,-1
154,154,1/27/2024 0:00,1/27/2024,waypoint,Engine failure,,0,155,1/27/2024 0:01,1/27/2024,sleep,SY Falkor,0,not_sleep,
155,155,1/27/2024 0:01,1/27/2024,sleep,SY Falkor,boat,19,156,2/14/2024 0:00,2/14/2024,sleep,"Tenerife - Fuerteventura, Day 1",18,mismatch,-1
156,156,2/14/2024 0:00,2/14/2024,sleep,"Tenerife - Fuerteventura, Day 1",boat,1,157,2/15/2024 0:00,2/15/2024,sleep,Gran Tarajal,1,match,
157,157,2/15/2024 0:00,2/15/2024,sleep,Gran Tarajal,boat,1,158,2/16/2024 0:00,2/16/2024,waypoint,Tuneje,1,match,
158,158,2/16/2024 0:00,2/16/2024,waypoint,Tuneje,,0,159,2/16/2024 0:01,2/16/2024,waypoint,Ajuy,0,not_sleep,
159,159,2/16/2024 0:01,2/16/2024,waypoint,Ajuy,,0,160,2/16/2024 0:03,2/16/2024,sleep,Playa Solapa,0,not_sleep,
160,160,2/16/2024 0:03,2/16/2024,sleep,Playa Solapa,camping,1,161,2/17/2024 0:00,2/17/2024,waypoint,Pajara,1,match,
161,161,2/17/2024 0:00,2/17/2024,waypoint,Pajara,,0,162,2/17/2024 0:01,2/17/2024,waypoint,Betancuria,0,not_sleep,
162,162,2/17/2024 0:01,2/17/2024,waypoint,Betancuria,,0,163,2/17/2024 0:04,2/17/2024,waypoint,Llanos de La Conception,0,not_sleep,
163,163,2/17/2024 0:04,2/17/2024,waypoint,Llanos de La Conception,,0,164,2/17/2024 0:05,2/17/2024,waypoint,Tefia,0,not_sleep,
164,164,2/17/2024 0:05,2/17/2024,waypoint,Tefia,,0,165,2/17/2024 0:06,2/17/2024,waypoint,El Caidero,0,not_sleep,
165,165,2/17/2024 0:06,2/17/2024,waypoint,El Caidero,,0,166,2/17/2024 0:07,2/17/2024,waypoint,Lajares,0,not_sleep,
166,166,2/17/2024 0:07,2/17/2024,waypoint,Lajares,,0,167,2/17/2024 0:08,2/17/2024,waypoint,Cotillo,0,not_sleep,
167,167,2/17/2024 0:08,2/17/2024,waypoint,Cotillo,,0,168,2/17/2024 0:09,2/17/2024,sleep,Cotillo Beach,0,not_sleep,
168,168,2/17/2024 0:09,2/17/2024,sleep,Cotillo Beach,camping,1,170,2/18/2024 0:00,2/18/2024,waypoint,Cotillo,1,match,
169,170,2/18/2024 0:00,2/18/2024,waypoint,Cotillo,,0,169,2/18/2024 0:01,2/18/2024,waypoint,Corralejo,0,not_sleep,
170,169,2/18/2024 0:01,2/18/2024,waypoint,Corralejo,,0,171,2/18/2024 0:03,2/18/2024,sleep,Corralejo,0,not_sleep,
171,171,2/18/2024 0:03,2/18/2024,sleep,Corralejo,camping,1,172,2/19/2024 0:00,2/19/2024,waypoint,Corallejo,1,match,
172,172,2/19/2024 0:00,2/19/2024,waypoint,Corallejo,,0,173,2/19/2024 0:01,2/19/2024,waypoint,Puerto de Rosario,0,not_sleep,
173,173,2/19/2024 0:01,2/19/2024,waypoint,Puerto de Rosario,,0,174,2/19/2024 0:03,2/19/2024,waypoint,Gran Tarajal,0,not_sleep,
174,174,2/19/2024 0:03,2/19/2024,waypoint,Gran Tarajal,,0,175,2/19/2024 0:05,2/19/2024,waypoint,Gran Tarajal Autovia,0,not_sleep,
175,175,2/19/2024 0:05,2/19/2024,waypoint,Gran Tarajal Autovia,,0,176,2/19/2024 0:07,2/19/2024,waypoint,Autovia,0,not_sleep,
176,176,2/19/2024 0:07,2/19/2024,waypoint,Autovia,,0,177,2/19/2024 0:08,2/19/2024,sleep,Playa el Salmo,0,not_sleep,
177,177,2/19/2024 0:08,2/19/2024,sleep,Playa el Salmo,camping,1,178,2/20/2024 0:00,2/20/2024,sleep,Yeremi's house,1,match,
178,178,2/20/2024 0:00,2/20/2024,sleep,Yeremi's house,house,1,179,2/21/2024 0:00,2/21/2024,waypoint,Playa Garcey,1,match,
179,179,2/21/2024 0:00,2/21/2024,waypoint,Playa Garcey,,0,180,2/21/2024 0:01,2/21/2024,sleep,Cave,0,not_sleep,
180,180,2/21/2024 0:01,2/21/2024,sleep,Cave,camping,1,181,2/22/2024 0:00,2/22/2024,sleep,Playa de la Hermosas,1,match,
181,181,2/22/2024 0:00,2/22/2024,sleep,Playa de la Hermosas,camping,1,182,2/23/2024 0:00,2/23/2024,waypoint,La Pared,1,match,
182,182,2/23/2024 0:00,2/23/2024,waypoint,La Pared,,0,183,2/23/2024 0:00,2/23/2024,waypoint,La Pared,0,not_sleep,
183,183,2/23/2024 0:00,2/23/2024,waypoint,La Pared,,0,184,2/23/2024 0:01,2/23/2024,waypoint,Costa Calma,0,not_sleep,
184,184,2/23/2024 0:01,2/23/2024,waypoint,Costa Calma,,0,185,2/23/2024 0:02,2/23/2024,waypoint,Cofete,0,not_sleep,
185,185,2/23/2024 0:02,2/23/2024,waypoint,Cofete,,0,186,2/23/2024 0:04,2/23/2024,sleep,Yeremi's house,0,not_sleep,
186,186,2/23/2024 0:04,2/23/2024,sleep,Yeremi's house,house,1,187,2/24/2024 0:00,2/24/2024,waypoint,Autovia,1,match,
187,187,2/24/2024 0:00,2/24/2024,waypoint,Autovia,,0,188,2/24/2024 0:01,2/24/2024,waypoint,Gran Tarajal outskirts,0,not_sleep,
188,188,2/24/2024 0:01,2/24/2024,waypoint,Gran Tarajal outskirts,,0,189,2/24/2024 0:03,2/24/2024,waypoint,Puerto de Rosario outskirts,0,not_sleep,
189,189,2/24/2024 0:03,2/24/2024,waypoint,Puerto de Rosario outskirts,,0,190,2/24/2024 0:05,2/24/2024,waypoint,Corralejo,0,not_sleep,
190,190,2/24/2024 0:05,2/24/2024,waypoint,Corralejo,,0,191,2/24/2024 0:06,2/24/2024,sleep,Corralejo,0,not_sleep,
191,191,2/24/2024 0:06,2/24/2024,sleep,Corralejo,camping,1,192,2/25/2024 0:00,2/25/2024,waypoint,Corralejo port,1,match,
192,192,2/25/2024 0:00,2/25/2024,waypoint,Corralejo port,,0,193,2/25/2024 0:01,2/25/2024,waypoint,Playa Blanca,0,not_sleep,
193,193,2/25/2024 0:01,2/25/2024,waypoint,Playa Blanca,,0,194,2/25/2024 0:03,2/25/2024,sleep,Playa Mujeres,0,not_sleep,
194,194,2/25/2024 0:03,2/25/2024,sleep,Playa Mujeres,camping,1,195,2/26/2024 0:00,2/26/2024,waypoint,Marina Rubicon,1,match,
195,195,2/26/2024 0:00,2/26/2024,waypoint,Marina Rubicon,,0,196,2/26/2024 0:01,2/26/2024,waypoint,Puerto Calero,0,not_sleep,
196,196,2/26/2024 0:01,2/26/2024,waypoint,Puerto Calero,,0,197,2/26/2024 0:03,2/26/2024,sleep,Playa Quemada,0,not_sleep,
197,197,2/26/2024 0:03,2/26/2024,sleep,Playa Quemada,camping,1,198,2/27/2024 0:00,2/27/2024,waypoint,Playa Quemada,1,match,
198,198,2/27/2024 0:00,2/27/2024,waypoint,Playa Quemada,,0,199,2/27/2024 0:01,2/27/2024,waypoint,Autovia,0,not_sleep,
199,199,2/27/2024 0:01,2/27/2024,waypoint,Autovia,,0,200,2/27/2024 0:03,2/27/2024,waypoint,Arecife,0,not_sleep,
200,200,2/27/2024 0:03,2/27/2024,waypoint,Arecife,,0,201,2/27/2024 0:04,2/27/2024,sleep,Arecife Marina,0,not_sleep,
201,201,2/27/2024 0:04,2/27/2024,sleep,Arecife Marina,boat,1,202,2/28/2024 0:00,2/28/2024,waypoint,San Bartolome,1,match,
202,202,2/28/2024 0:00,2/28/2024,waypoint,San Bartolome,,0,203,2/28/2024 0:03,2/28/2024,waypoint,Soo,0,not_sleep,
203,203,2/28/2024 0:03,2/28/2024,waypoint,Soo,,0,204,2/28/2024 0:04,2/28/2024,waypoint,Famara,0,not_sleep,
204,204,2/28/2024 0:04,2/28/2024,waypoint,Famara,,0,205,2/28/2024 0:05,2/28/2024,sleep,Famara dunes,0,not_sleep,
205,205,2/28/2024 0:05,2/28/2024,sleep,Famara dunes,camping,1,206,2/29/2024 0:00,2/29/2024,waypoint,San Bartolome,1,match,
206,206,2/29/2024 0:00,2/29/2024,waypoint,San Bartolome,,0,207,2/29/2024 0:01,2/29/2024,waypoint,Tiagua,0,not_sleep,
207,207,2/29/2024 0:01,2/29/2024,waypoint,Tiagua,,0,208,2/29/2024 0:02,2/29/2024,waypoint,La Santa,0,not_sleep,
208,208,2/29/2024 0:02,2/29/2024,waypoint,La Santa,,0,209,2/29/2024 0:04,2/29/2024,waypoint,Mancha Blanca,0,not_sleep,
209,209,2/29/2024 0:04,2/29/2024,waypoint,Mancha Blanca,,0,210,2/29/2024 0:05,2/29/2024,waypoint,Samuel & Margarita,0,not_sleep,
210,210,2/29/2024 0:05,2/29/2024,waypoint,Samuel & Margarita,,0,211,2/29/2024 0:06,2/29/2024,waypoint,Yaiza,0,not_sleep,
211,211,2/29/2024 0:06,2/29/2024,waypoint,Yaiza,,0,212,2/29/2024 0:07,2/29/2024,waypoint,Yaiza Autovia,0,not_sleep,
212,212,2/29/2024 0:07,2/29/2024,waypoint,Yaiza Autovia,,0,213,2/29/2024 0:08,2/29/2024,waypoint,Llanitos,0,not_sleep,
213,213,2/29/2024 0:08,2/29/2024,waypoint,Llanitos,,0,214,2/29/2024 0:09,2/29/2024,waypoint,Playa Honda,0,not_sleep,
214,214,2/29/2024 0:09,2/29/2024,waypoint,Playa Honda,,0,215,2/29/2024 0:10,2/29/2024,sleep,La Concha,0,not_sleep,
215,215,2/29/2024 0:10,2/29/2024,sleep,La Concha,camping,1,216,3/1/2024 0:00,3/1/2024,waypoint,Playa Honda,1,match,
216,216,3/1/2024 0:00,3/1/2024,waypoint,Playa Honda,,0,217,3/1/2024 0:01,3/1/2024,waypoint,Arecife outskirts,0,not_sleep,
217,217,3/1/2024 0:01,3/1/2024,waypoint,Arecife outskirts,,0,218,3/1/2024 0:03,3/1/2024,waypoint,Arecife outskirts,0,not_sleep,
218,218,3/1/2024 0:03,3/1/2024,waypoint,Arecife outskirts,,0,219,3/1/2024 0:04,3/1/2024,waypoint,Arecife port,0,not_sleep,
219,219,3/1/2024 0:04,3/1/2024,waypoint,Arecife port,,0,220,3/1/2024 0:05,3/1/2024,waypoint,Arecife - Las Palmas,0,not_sleep,
220,220,3/1/2024 0:05,3/1/2024,waypoint,Arecife - Las Palmas,,0,221,3/1/2024 0:07,3/1/2024,sleep,SY Thinking of Dave,0,not_sleep,
221,221,3/1/2024 0:07,3/1/2024,sleep,SY Thinking of Dave,boat,2,222,3/3/2024 0:00,3/3/2024,sleep,"Las Palmas - Mindelo, Day 1",2,match,
222,222,3/3/2024 0:00,3/3/2024,sleep,"Las Palmas - Mindelo, Day 1",boat,1,223,3/4/2024 0:00,3/4/2024,sleep,"Las Palmas - Mindelo, Day 2",1,match,
223,223,3/4/2024 0:00,3/4/2024,sleep,"Las Palmas - Mindelo, Day 2",boat,1,224,3/5/2024 0:00,3/5/2024,sleep,"Las Palmas - Mindelo, Day 3",1,match,
224,224,3/5/2024 0:00,3/5/2024,sleep,"Las Palmas - Mindelo, Day 3",boat,1,225,3/6/2024 0:00,3/6/2024,sleep,"Las Palmas - Mindelo, Day 4",1,match,
225,225,3/6/2024 0:00,3/6/2024,sleep,"Las Palmas - Mindelo, Day 4",boat,1,226,3/7/2024 0:00,3/7/2024,sleep,"Las Palmas - Mindelo, Day 5",1,match,
226,226,3/7/2024 0:00,3/7/2024,sleep,"Las Palmas - Mindelo, Day 5",boat,1,227,3/8/2024 0:00,3/8/2024,sleep,"Las Palmas - Mindelo, Day 6",1,match,
227,227,3/8/2024 0:00,3/8/2024,sleep,"Las Palmas - Mindelo, Day 6",boat,1,228,3/9/2024 0:00,3/9/2024,sleep,"Las Palmas - Mindelo, Day 7",1,match,
228,228,3/9/2024 0:00,3/9/2024,sleep,"Las Palmas - Mindelo, Day 7",boat,1,229,3/10/2024 0:00,3/10/2024,sleep,"Las Palmas - Mindelo, Day 8",1,match,
229,229,3/10/2024 0:00,3/10/2024,sleep,"Las Palmas - Mindelo, Day 8",boat,1,230,3/11/2024 0:00,3/11/2024,sleep,Mindelo Marina,1,match,
230,230,3/11/2024 0:00,3/11/2024,sleep,Mindelo Marina,boat,2,231,3/13/2024 0:00,3/13/2024,waypoint,Mindelo Port,2,match,
231,231,3/13/2024 0:00,3/13/2024,waypoint,Mindelo Port,,0,232,3/13/2024 0:01,3/13/2024,waypoint,Porto Novo port,0,not_sleep,
232,232,3/13/2024 0:01,3/13/2024,waypoint,Porto Novo port,,0,233,3/13/2024 0:02,3/13/2024,waypoint,Porto Novo,0,not_sleep,
233,233,3/13/2024 0:02,3/13/2024,waypoint,Porto Novo,,0,234,3/13/2024 0:04,3/13/2024,waypoint,Cova Paul,0,not_sleep,
234,234,3/13/2024 0:04,3/13/2024,waypoint,Cova Paul,,0,235,3/13/2024 0:06,3/13/2024,sleep,Pico da Cruz,0,not_sleep,
235,235,3/13/2024 0:06,3/13/2024,sleep,Pico da Cruz,camping,1,236,3/14/2024 0:00,3/14/2024,waypoint,Praia di Gi,1,match,
236,236,3/14/2024 0:00,3/14/2024,waypoint,Praia di Gi,,0,237,3/14/2024 0:01,3/14/2024,waypoint,Paul,0,not_sleep,
237,237,3/14/2024 0:01,3/14/2024,waypoint,Paul,,0,238,3/14/2024 0:04,3/14/2024,sleep,Praja di Gi,0,not_sleep,
238,238,3/14/2024 0:04,3/14/2024,sleep,Praja di Gi,camping,1,239,3/15/2024 0:00,3/15/2024,waypoint,Paul,1,match,
239,239,3/15/2024 0:00,3/15/2024,waypoint,Paul,,0,240,3/15/2024 0:03,3/15/2024,waypoint,Paul Valley,0,not_sleep,
240,240,3/15/2024 0:03,3/15/2024,waypoint,Paul Valley,,0,241,3/15/2024 0:05,3/15/2024,waypoint,Paul outskirts,0,not_sleep,
241,241,3/15/2024 0:05,3/15/2024,waypoint,Paul outskirts,,0,242,3/15/2024 0:06,3/15/2024,waypoint,Ribeira Grande,0,not_sleep,
242,242,3/15/2024 0:06,3/15/2024,waypoint,Ribeira Grande,,0,243,3/15/2024 0:07,3/15/2024,waypoint,Ponta do Sol,0,not_sleep,
243,243,3/15/2024 0:07,3/15/2024,waypoint,Ponta do Sol,,0,244,3/15/2024 0:08,3/15/2024,sleep,Fontainhas,0,not_sleep,
244,244,3/15/2024 0:08,3/15/2024,sleep,Fontainhas,camping,1,245,3/16/2024 0:00,3/16/2024,waypoint,Cruzinha,1,match,
245,245,3/16/2024 0:00,3/16/2024,waypoint,Cruzinha,,0,246,3/16/2024 0:02,3/16/2024,waypoint,Ribeira Grande,0,not_sleep,
246,246,3/16/2024 0:02,3/16/2024,waypoint,Ribeira Grande,,0,247,3/16/2024 0:04,3/16/2024,waypoint,Porto Novo port,0,not_sleep,
247,247,3/16/2024 0:04,3/16/2024,waypoint,Porto Novo port,,0,248,3/16/2024 0:07,3/16/2024,waypoint,Mindelo port,0,not_sleep,
248,248,3/16/2024 0:07,3/16/2024,waypoint,Mindelo port,,0,249,3/16/2024 0:09,3/16/2024,sleep,Mindelo Marina,0,not_sleep,
249,249,3/16/2024 0:09,3/16/2024,sleep,Mindelo Marina,boat,7,250,3/23/2024 0:00,3/23/2024,sleep,"Mindelp - Sal, Day 1",7,match,
250,250,3/23/2024 0:00,3/23/2024,sleep,"Mindelp - Sal, Day 1",boat,1,251,3/24/2024 0:00,3/24/2024,sleep,Palmeira anchorage,1,match,
251,251,3/24/2024 0:00,3/24/2024,sleep,Palmeira anchorage,boat,1,252,3/25/2024 0:00,3/25/2024,sleep,Palmeira beach,1,match,
252,252,3/25/2024 0:00,3/25/2024,sleep,Palmeira beach,camping,2,253,3/27/2024 0:00,3/27/2024,waypoint,Espargo,2,match,
253,253,3/27/2024 0:00,3/27/2024,waypoint,Espargo,,0,254,3/27/2024 0:02,3/27/2024,waypoint,Santa Maria,0,not_sleep,
254,254,3/27/2024 0:02,3/27/2024,waypoint,Santa Maria,,0,255,3/27/2024 0:13,3/27/2024,sleep,Santa Maria beach,0,not_sleep,
255,255,3/27/2024 0:13,3/27/2024,sleep,Santa Maria beach,camping,1,256,3/28/2024 0:00,3/28/2024,waypoint,Santa Maria,1,match,
256,256,3/28/2024 0:00,3/28/2024,waypoint,Santa Maria,,0,257,3/28/2024 0:02,3/28/2024,waypoint,Vila Verde,0,not_sleep,
257,257,3/28/2024 0:02,3/28/2024,waypoint,Vila Verde,,0,258,3/28/2024 0:04,3/28/2024,waypoint,Santa Maria,0,not_sleep,
258,258,3/28/2024 0:04,3/28/2024,waypoint,Santa Maria,,0,259,3/28/2024 0:05,3/28/2024,waypoint,Espargo,0,not_sleep,
259,259,3/28/2024 0:05,3/28/2024,waypoint,Espargo,,0,260,3/28/2024 0:07,3/28/2024,waypoint,Pedra Lume,0,not_sleep,
260,260,3/28/2024 0:07,3/28/2024,waypoint,Pedra Lume,,0,261,3/28/2024 0:09,3/28/2024,sleep,Shark Bay,0,not_sleep,
261,261,3/28/2024 0:09,3/28/2024,sleep,Shark Bay,camping,1,262,3/29/2024 0:00,3/29/2024,waypoint,Pedra Lume,1,match,
262,262,3/29/2024 0:00,3/29/2024,waypoint,Pedra Lume,,0,263,3/29/2024 0:01,3/29/2024,waypoint,Espargos,0,not_sleep,
263,263,3/29/2024 0:01,3/29/2024,waypoint,Espargos,,0,264,3/29/2024 0:03,3/29/2024,waypoint,Sal Airport,0,not_sleep,
264,264,3/29/2024 0:03,3/29/2024,waypoint,Sal Airport,,0,265,3/29/2024 0:10,3/29/2024,waypoint,Dakar Airport,0,not_sleep,
265,265,3/29/2024 0:10,3/29/2024,waypoint,Dakar Airport,,0,267,3/29/2024 0:11,3/29/2024,waypoint,Dakar,0,not_sleep,
266,267,3/29/2024 0:11,3/29/2024,waypoint,Dakar,,0,266,3/29/2024 0:12,3/29/2024,sleep,Khalil's house,0,not_sleep,
267,266,3/29/2024 0:12,3/29/2024,sleep,Khalil's house,couchsurfing,3,269,4/1/2024 2:01,4/1/2024,waypoint,Dakar Autovia,3,match,
268,269,4/1/2024 2:01,4/1/2024,waypoint,Dakar Autovia,,0,268,4/1/2024 2:02,4/1/2024,waypoint,Aire ,0,not_sleep,
269,268,4/1/2024 2:02,4/1/2024,waypoint,Aire ,,0,270,4/1/2024 2:05,4/1/2024,waypoint,Thies,0,not_sleep,
270,270,4/1/2024 2:05,4/1/2024,waypoint,Thies,,0,271,4/1/2024 2:07,4/1/2024,sleep,St Louis,0,not_sleep,
271,271,4/1/2024 2:07,4/1/2024,sleep,St Louis,house,1,272,4/2/2024 0:00,4/2/2024,waypoint,Universidad,1,match,
272,272,4/2/2024 0:00,4/2/2024,waypoint,Universidad,,0,273,4/2/2024 0:01,4/2/2024,waypoint,Crossing to Daima,0,not_sleep,
273,273,4/2/2024 0:01,4/2/2024,waypoint,Crossing to Daima,,0,274,4/2/2024 0:02,4/2/2024,waypoint,Crossing to National Park,0,not_sleep,
274,274,4/2/2024 0:02,4/2/2024,waypoint,Crossing to National Park,,0,275,4/2/2024 0:03,4/2/2024,waypoint,Border Mauritania,0,not_sleep,
275,275,4/2/2024 0:03,4/2/2024,waypoint,Border Mauritania,,0,276,4/2/2024 0:04,4/2/2024,waypoint,Border Mauritania,0,not_sleep,
276,276,4/2/2024 0:04,4/2/2024,waypoint,Border Mauritania,,0,280,4/2/2024 0:04,4/2/2024,waypoint,Tiguent,0,not_sleep,
277,280,4/2/2024 0:04,4/2/2024,waypoint,Tiguent,,0,277,4/2/2024 0:05,4/2/2024,waypoint,Tiguent,0,not_sleep,
278,277,4/2/2024 0:05,4/2/2024,waypoint,Tiguent,,0,279,4/2/2024 0:06,4/2/2024,waypoint,Middle of nowhere,0,not_sleep,
279,279,4/2/2024 0:06,4/2/2024,waypoint,Middle of nowhere,,0,278,4/2/2024 0:07,4/2/2024,sleep,Fishing village,0,not_sleep,
280,278,4/2/2024 0:07,4/2/2024,sleep,Fishing village,camping,2,281,4/4/2024 0:00,4/4/2024,waypoint,Middle of nowhere,2,match,
281,281,4/4/2024 0:00,4/4/2024,waypoint,Middle of nowhere,,0,282,4/4/2024 0:01,4/4/2024,waypoint,Nouakchott outskirts,0,not_sleep,
282,282,4/4/2024 0:01,4/4/2024,waypoint,Nouakchott outskirts,,0,283,4/4/2024 0:02,4/4/2024,waypoint,Nouakchott,0,not_sleep,
283,283,4/4/2024 0:02,4/4/2024,waypoint,Nouakchott,,0,284,4/4/2024 0:03,4/4/2024,waypoint,Nouakchott outskirts,0,not_sleep,
284,284,4/4/2024 0:03,4/4/2024,waypoint,Nouakchott outskirts,,0,285,4/4/2024 0:04,4/4/2024,waypoint,Crossing to the airport,0,not_sleep,
285,285,4/4/2024 0:04,4/4/2024,waypoint,Crossing to the airport,,0,286,4/4/2024 0:06,4/4/2024,waypoint,Nouadibhou outskirts,0,not_sleep,
286,286,4/4/2024 0:06,4/4/2024,waypoint,Nouadibhou outskirts,,0,287,4/4/2024 0:07,4/4/2024,sleep,Nouadhibou,0,not_sleep,
287,287,4/4/2024 0:07,4/4/2024,sleep,Nouadhibou,couchsurfing,2,288,4/6/2024 0:00,4/6/2024,waypoint,Gas Station,2,match,
288,288,4/6/2024 0:00,4/6/2024,waypoint,Gas Station,,0,289,4/6/2024 0:01,4/6/2024,waypoint,Crossroads to Dakhla,0,not_sleep,
289,289,4/6/2024 0:01,4/6/2024,waypoint,Crossroads to Dakhla,,0,290,4/6/2024 0:02,4/6/2024,waypoint,Border Mauritania-Morocco,0,not_sleep,
290,290,4/6/2024 0:02,4/6/2024,waypoint,Border Mauritania-Morocco,,0,291,4/6/2024 0:04,4/6/2024,waypoint,Roundabout to Dakhla,0,not_sleep,
291,291,4/6/2024 0:04,4/6/2024,waypoint,Roundabout to Dakhla,,0,292,4/6/2024 0:05,4/6/2024,waypoint,Dakhla,0,not_sleep,
292,292,4/6/2024 0:05,4/6/2024,waypoint,Dakhla,,0,293,4/6/2024 0:07,4/6/2024,sleep,Dakhla,0,not_sleep,
293,293,4/6/2024 0:07,4/6/2024,sleep,Dakhla,couchsurfing,3,294,4/9/2024 2:00,4/9/2024,waypoint,Dakhla outskirts,3,match,
294,294,4/9/2024 2:00,4/9/2024,waypoint,Dakhla outskirts,,0,295,4/9/2024 2:01,4/9/2024,waypoint,Roundabout Dakhla,0,not_sleep,
295,295,4/9/2024 2:01,4/9/2024,waypoint,Roundabout Dakhla,,0,296,4/9/2024 2:02,4/9/2024,waypoint,Middle of nowhere,0,not_sleep,
296,296,4/9/2024 2:02,4/9/2024,waypoint,Middle of nowhere,,0,297,4/10/2024 0:00,4/10/2024,waypoint,Soualem,1,not_sleep,
297,297,4/10/2024 0:00,4/10/2024,waypoint,Soualem,,0,298,4/10/2024 0:01,4/10/2024,waypoint,Agadir outskirts,0,not_sleep,
298,298,4/10/2024 0:01,4/10/2024,waypoint,Agadir outskirts,,0,299,4/10/2024 0:03,4/10/2024,waypoint,Agadir outskirts,0,not_sleep,
299,299,4/10/2024 0:03,4/10/2024,waypoint,Agadir outskirts,,0,300,4/10/2024 0:04,4/10/2024,waypoint,Agadir outskirts,0,not_sleep,
300,300,4/10/2024 0:04,4/10/2024,waypoint,Agadir outskirts,,0,301,4/10/2024 0:05,4/10/2024,waypoint,Anza,0,not_sleep,
301,301,4/10/2024 0:05,4/10/2024,waypoint,Anza,,0,302,4/10/2024 0:07,4/10/2024,waypoint,Aouira,0,not_sleep,
302,302,4/10/2024 0:07,4/10/2024,waypoint,Aouira,,0,304,4/10/2024 0:09,4/10/2024,waypoint,Paradise,0,not_sleep,
303,304,4/10/2024 0:09,4/10/2024,waypoint,Paradise,,0,303,4/10/2024 0:10,4/10/2024,sleep,Paradise,0,not_sleep,
304,303,4/10/2024 0:10,4/10/2024,sleep,Paradise,camping,1,305,4/12/2024 0:00,4/12/2024,waypoint,Taghzout,2,mismatch,1
305,305,4/12/2024 0:00,4/12/2024,waypoint,Taghzout,,0,306,4/12/2024 0:01,4/12/2024,waypoint,Imsouane,0,not_sleep,
306,306,4/12/2024 0:01,4/12/2024,waypoint,Imsouane,,0,307,4/12/2024 0:02,4/12/2024,sleep,Imsouane,0,not_sleep,
307,307,4/12/2024 0:02,4/12/2024,sleep,Imsouane,camping,1,308,4/13/2024 0:00,4/13/2024,waypoint,Imsouane exit,1,match,
308,308,4/13/2024 0:00,4/13/2024,waypoint,Imsouane exit,,0,309,4/13/2024 0:01,4/13/2024,waypoint,Autovia,0,not_sleep,
309,309,4/13/2024 0:01,4/13/2024,waypoint,Autovia,,0,310,4/13/2024 0:02,4/13/2024,waypoint,Essaouira,0,not_sleep,
310,310,4/13/2024 0:02,4/13/2024,waypoint,Essaouira,,0,311,4/13/2024 0:03,4/13/2024,waypoint,Roundabout,0,not_sleep,
311,311,4/13/2024 0:03,4/13/2024,waypoint,Roundabout,,0,312,4/13/2024 0:04,4/13/2024,waypoint,Safi Bus Station,0,not_sleep,
312,312,4/13/2024 0:04,4/13/2024,waypoint,Safi Bus Station,,0,313,4/13/2024 0:05,4/13/2024,waypoint,Cap,0,not_sleep,
313,313,4/13/2024 0:05,4/13/2024,waypoint,Cap,,0,315,4/13/2024 0:07,4/13/2024,waypoint,Cap,0,not_sleep,
314,315,4/13/2024 0:07,4/13/2024,waypoint,Cap,,0,314,4/13/2024 0:08,4/13/2024,sleep,Cap,0,not_sleep,
315,314,4/13/2024 0:08,4/13/2024,sleep,Cap,camping,1,316,4/14/2024 0:00,4/14/2024,waypoint,Outside of Cap,1,match,
316,316,4/14/2024 0:00,4/14/2024,waypoint,Outside of Cap,,0,317,4/14/2024 0:01,4/14/2024,waypoint,Safi,0,not_sleep,
317,317,4/14/2024 0:01,4/14/2024,waypoint,Safi,,0,318,4/14/2024 0:02,4/14/2024,waypoint,Safi,0,not_sleep,
318,318,4/14/2024 0:02,4/14/2024,waypoint,Safi,,0,319,4/14/2024 0:03,4/14/2024,waypoint,Safi Beach,0,not_sleep,
319,319,4/14/2024 0:03,4/14/2024,waypoint,Safi Beach,,0,320,4/14/2024 0:05,4/14/2024,waypoint,Restaurant,0,not_sleep,
320,320,4/14/2024 0:05,4/14/2024,waypoint,Restaurant,,0,321,4/14/2024 0:06,4/14/2024,waypoint,Casalanca Park,0,not_sleep,
321,321,4/14/2024 0:06,4/14/2024,waypoint,Casalanca Park,,0,322,4/14/2024 0:07,4/14/2024,sleep,Casablanca,0,not_sleep,
322,322,4/14/2024 0:07,4/14/2024,sleep,Casablanca,camping,1,323,4/15/2024 0:00,4/15/2024,waypoint,Casablanca highway entrance,1,match,
323,323,4/15/2024 0:00,4/15/2024,waypoint,Casablanca highway entrance,,0,324,4/15/2024 0:01,4/15/2024,waypoint,Casablanca little california,0,not_sleep,
324,324,4/15/2024 0:01,4/15/2024,waypoint,Casablanca little california,,0,325,4/15/2024 0:03,4/15/2024,waypoint,Casablanca outskirts,0,not_sleep,
325,325,4/15/2024 0:03,4/15/2024,waypoint,Casablanca outskirts,,0,326,4/15/2024 0:04,4/15/2024,waypoint,Rabat,0,not_sleep,
326,326,4/15/2024 0:04,4/15/2024,waypoint,Rabat,,0,327,4/15/2024 0:06,4/15/2024,waypoint,Rest area,0,not_sleep,
327,327,4/15/2024 0:06,4/15/2024,waypoint,Rest area,,0,328,4/15/2024 0:07,4/15/2024,waypoint,Rest stop,0,not_sleep,
328,328,4/15/2024 0:07,4/15/2024,waypoint,Rest stop,,0,329,4/15/2024 0:08,4/15/2024,waypoint,Tanger outskirts,0,not_sleep,
329,329,4/15/2024 0:08,4/15/2024,waypoint,Tanger outskirts,,0,330,4/15/2024 0:09,4/15/2024,waypoint,Tanger port,0,not_sleep,
330,330,4/15/2024 0:09,4/15/2024,waypoint,Tanger port,,0,331,4/15/2024 0:10,4/15/2024,waypoint,Tanger port,0,not_sleep,
331,331,4/15/2024 0:10,4/15/2024,waypoint,Tanger port,,0,332,4/15/2024 0:11,4/15/2024,waypoint,Tarifa,0,not_sleep,
332,332,4/15/2024 0:11,4/15/2024,waypoint,Tarifa,,0,333,4/15/2024 0:12,4/15/2024,waypoint,La Linea,0,not_sleep,
333,333,4/15/2024 0:12,4/15/2024,waypoint,La Linea,,0,334,4/15/2024 0:13,4/15/2024,sleep,The Jungle,0,not_sleep,
334,334,4/15/2024 0:13,4/15/2024,sleep,The Jungle,camping,1,335,4/16/2024 0:00,4/16/2024,waypoint,La Linea,1,match,
335,335,4/16/2024 0:00,4/16/2024,waypoint,La Linea,,0,336,4/16/2024 0:01,4/16/2024,waypoint,Malaga airport,0,not_sleep,
336,336,4/16/2024 0:01,4/16/2024,waypoint,Malaga airport,,0,337,4/16/2024 0:03,4/16/2024,waypoint,Malaga Airport,0,not_sleep,
337,337,4/16/2024 0:03,4/16/2024,waypoint,Malaga Airport,,0,338,4/16/2024 0:04,4/16/2024,sleep,Lucas Home,0,not_sleep,
338,338,4/16/2024 0:04,4/16/2024,sleep,Lucas Home,friends,4,339,4/20/2024 0:00,4/20/2024,waypoint,Tolox,4,match,
339,339,4/20/2024 0:00,4/20/2024,waypoint,Tolox,,0,340,4/20/2024 0:01,4/20/2024,sleep,Charco de la virgen,0,not_sleep,
340,340,4/20/2024 0:01,4/20/2024,sleep,Charco de la virgen,camping,2,341,4/22/2024 0:00,4/22/2024,waypoint,Tolox,2,match,
341,341,4/22/2024 0:00,4/22/2024,waypoint,Tolox,,0,342,4/22/2024 0:01,4/22/2024,waypoint,Parque Tecnologico,0,not_sleep,
342,342,4/22/2024 0:01,4/22/2024,waypoint,Parque Tecnologico,,0,343,4/22/2024 0:03,4/22/2024,waypoint,Malaga ourskirts,0,not_sleep,
343,343,4/22/2024 0:03,4/22/2024,waypoint,Malaga ourskirts,,0,344,4/22/2024 0:05,4/22/2024,sleep,Malaga Castillo,0,not_sleep,
344,344,4/22/2024 0:05,4/22/2024,sleep,Malaga Castillo,camping,1,345,4/23/2024 0:00,4/23/2024,waypoint,Gasolina autovia,1,match,
345,345,4/23/2024 0:00,4/23/2024,waypoint,Gasolina autovia,,0,347,4/23/2024 0:01,4/23/2024,waypoint,Estacion de servicio,0,not_sleep,
346,347,4/23/2024 0:01,4/23/2024,waypoint,Estacion de servicio,,0,346,4/23/2024 0:03,4/23/2024,sleep,Middle of nowhere,0,not_sleep,
347,346,4/23/2024 0:03,4/23/2024,sleep,Middle of nowhere,camping,1,348,4/24/2024 0:00,4/24/2024,waypoint,Madrid Outskirts,1,match,
348,348,4/24/2024 0:00,4/24/2024,waypoint,Madrid Outskirts,,0,349,4/24/2024 0:01,4/24/2024,sleep,Madrid,0,not_sleep,
349,349,4/24/2024 0:01,4/24/2024,sleep,Madrid,couchsurfing,1,350,4/25/2024 0:00,4/25/2024,sleep,Madrid,1,match,
350,350,4/25/2024 0:00,4/25/2024,sleep,Madrid,couchsurfing,1,351,4/26/2024 0:00,4/26/2024,waypoint,Madrid outskirts north,1,match,
351,351,4/26/2024 0:00,4/26/2024,waypoint,Madrid outskirts north,,0,352,4/26/2024 0:01,4/26/2024,waypoint,Madrid outskirts autovia,0,not_sleep,
352,352,4/26/2024 0:01,4/26/2024,waypoint,Madrid outskirts autovia,,0,353,4/26/2024 0:02,4/26/2024,waypoint,Rest area,0,not_sleep,
353,353,4/26/2024 0:02,4/26/2024,waypoint,Rest area,,0,354,4/26/2024 0:04,4/26/2024,waypoint,Madrid Ourskirts Autovia,0,not_sleep,
354,354,4/26/2024 0:04,4/26/2024,waypoint,Madrid Ourskirts Autovia,,0,355,4/26/2024 0:05,4/26/2024,waypoint,Reststop,0,not_sleep,
355,355,4/26/2024 0:05,4/26/2024,waypoint,Reststop,,0,356,4/26/2024 0:06,4/26/2024,waypoint,Vitoria,0,not_sleep,
356,356,4/26/2024 0:06,4/26/2024,waypoint,Vitoria,,0,357,4/26/2024 0:07,4/26/2024,waypoint,Bilbao,0,not_sleep,
357,357,4/26/2024 0:07,4/26/2024,waypoint,Bilbao,,0,358,4/26/2024 0:08,4/26/2024,sleep,Bilbao - Kristina,0,not_sleep,
358,358,4/26/2024 0:08,4/26/2024,sleep,Bilbao - Kristina,friends,3,359,4/29/2024 0:00,4/29/2024,waypoint,Toll station,3,match,
359,359,4/29/2024 0:00,4/29/2024,waypoint,Toll station,,0,360,4/29/2024 0:01,4/29/2024,waypoint,Bilbao Center,0,not_sleep,
360,360,4/29/2024 0:01,4/29/2024,waypoint,Bilbao Center,,0,361,4/29/2024 0:02,4/29/2024,waypoint,Rest stop outside of Bilbao,0,not_sleep,
361,361,4/29/2024 0:02,4/29/2024,waypoint,Rest stop outside of Bilbao,,0,362,4/29/2024 0:04,4/29/2024,waypoint,Rest stop before San Sebastian,0,not_sleep,
362,362,4/29/2024 0:04,4/29/2024,waypoint,Rest stop before San Sebastian,,0,363,4/29/2024 0:06,4/29/2024,waypoint,Rest stop before Biarritz,0,not_sleep,
363,363,4/29/2024 0:06,4/29/2024,waypoint,Rest stop before Biarritz,,0,364,4/29/2024 0:08,4/29/2024,waypoint,Rest stop after Bordeaux,0,not_sleep,
364,364,4/29/2024 0:08,4/29/2024,waypoint,Rest stop after Bordeaux,,0,365,4/29/2024 0:09,4/29/2024,waypoint,Rest stop Saint Leger,0,not_sleep,
365,365,4/29/2024 0:09,4/29/2024,waypoint,Rest stop Saint Leger,,0,366,4/30/2024 0:00,4/30/2024,waypoint,Paris Orly,1,not_sleep,
366,366,4/30/2024 0:00,4/30/2024,waypoint,Paris Orly,,0,367,4/30/2024 0:05,4/30/2024,sleep,"Paris, Bagneux",0,not_sleep,
367,367,4/30/2024 0:05,4/30/2024,sleep,"Paris, Bagneux",house,3,368,5/3/2024 0:00,5/3/2024,waypoint,La Courneuve,3,match,
368,368,5/3/2024 0:00,5/3/2024,waypoint,La Courneuve,,0,369,5/3/2024 0:01,5/3/2024,waypoint,Reststop Courneuve,0,not_sleep,
369,369,5/3/2024 0:01,5/3/2024,waypoint,Reststop Courneuve,,0,370,5/3/2024 0:03,5/3/2024,waypoint,Near Namur,0,not_sleep,
370,370,5/3/2024 0:03,5/3/2024,waypoint,Near Namur,,0,371,5/3/2024 0:04,5/3/2024,sleep,Gembloux,0,not_sleep,
371,371,5/3/2024 0:04,5/3/2024,sleep,Gembloux,house,1,372,5/4/2024 0:00,5/4/2024,waypoint,Aire d Spy,1,match,
372,372,5/4/2024 0:00,5/4/2024,waypoint,Aire d Spy,,0,373,5/4/2024 0:02,5/4/2024,waypoint,Border Belgium Germany,0,not_sleep,
373,373,5/4/2024 0:02,5/4/2024,waypoint,Border Belgium Germany,,0,374,5/4/2024 0:05,5/4/2024,waypoint,Rest Stop Vierraden,0,not_sleep,
374,374,5/4/2024 0:05,5/4/2024,waypoint,Rest Stop Vierraden,,0,375,5/4/2024 0:07,5/4/2024,waypoint,Düsseldorf Ikea,0,not_sleep,
375,375,5/4/2024 0:07,5/4/2024,waypoint,Düsseldorf Ikea,,0,376,5/4/2024 0:08,5/4/2024,waypoint,Düsseldorf,0,not_sleep,
376,376,5/4/2024 0:08,5/4/2024,waypoint,Düsseldorf,,0,377,5/4/2024 0:09,5/4/2024,waypoint,Düsseldorf,0,not_sleep,
377,377,5/4/2024 0:09,5/4/2024,waypoint,Düsseldorf,,0,378,5/4/2024 0:10,5/4/2024,sleep,Lola,0,not_sleep,
378,378,5/4/2024 0:10,5/4/2024,sleep,Lola,friends,1,379,5/5/2024 0:01,5/5/2024,waypoint,Düsseldorf Highway Entrance,1,match,
379,379,5/5/2024 0:01,5/5/2024,waypoint,Düsseldorf Highway Entrance,,0,380,5/5/2024 0:01,5/5/2024,waypoint,Rest area,0,not_sleep,
380,380,5/5/2024 0:01,5/5/2024,waypoint,Rest area,,0,381,5/5/2024 0:02,5/5/2024,waypoint,Rest area Münster,0,not_sleep,
381,381,5/5/2024 0:02,5/5/2024,waypoint,Rest area Münster,,0,382,5/5/2024 0:03,5/5/2024,waypoint,Münster,0,not_sleep,
382,382,5/5/2024 0:03,5/5/2024,waypoint,Münster,,0,383,5/5/2024 0:05,5/5/2024,waypoint,Enschede Highway,0,not_sleep,
383,383,5/5/2024 0:05,5/5/2024,waypoint,Enschede Highway,,0,384,5/5/2024 0:07,5/5/2024,sleep,Marie,0,not_sleep,
384,384,5/5/2024 0:07,5/5/2024,sleep,Marie,friends,1,385,5/6/2024 0:00,5/6/2024,waypoint,Enschede,1,match,
385,385,5/6/2024 0:00,5/6/2024,waypoint,Enschede,,0,386,5/6/2024 0:01,5/6/2024,waypoint,Oldenzaal,0,not_sleep,
386,386,5/6/2024 0:01,5/6/2024,waypoint,Oldenzaal,,0,387,5/6/2024 0:02,5/6/2024,waypoint,Ibenbüren,0,not_sleep,
387,387,5/6/2024 0:02,5/6/2024,waypoint,Ibenbüren,,0,388,5/6/2024 0:03,5/6/2024,waypoint,Rest Area,0,not_sleep,
388,388,5/6/2024 0:03,5/6/2024,waypoint,Rest Area,,0,389,5/6/2024 0:04,5/6/2024,waypoint,Rest area close to Hamburg,0,not_sleep,
389,389,5/6/2024 0:04,5/6/2024,waypoint,Rest area close to Hamburg,,0,390,5/6/2024 0:05,5/6/2024,waypoint,Middle of nowhere,0,not_sleep,
390,390,5/6/2024 0:05,5/6/2024,waypoint,Middle of nowhere,,0,391,5/6/2024 0:06,5/6/2024,waypoint,Bornhöved,0,not_sleep,
391,391,5/6/2024 0:06,5/6/2024,waypoint,Bornhöved,,0,392,5/6/2024 0:07,5/6/2024,waypoint,Kiel,0,not_sleep,
392,392,5/6/2024 0:07,5/6/2024,waypoint,Kiel,,0,393,5/6/2024 0:08,5/6/2024,sleep,Kiel - Carola,0,not_sleep,
393,393,5/6/2024 0:08,5/6/2024,sleep,Kiel - Carola,friends,1,394,5/7/2024 0:00,5/7/2024,waypoint,Kiel,1,match,
394,394,5/7/2024 0:00,5/7/2024,waypoint,Kiel,,0,395,5/7/2024 0:01,5/7/2024,waypoint,Kiel - Official hitchhiking spot,0,not_sleep,
395,395,5/7/2024 0:01,5/7/2024,waypoint,Kiel - Official hitchhiking spot,,0,396,5/7/2024 0:02,5/7/2024,waypoint,Rest area Hüttener Berge,0,not_sleep,
396,396,5/7/2024 0:02,5/7/2024,waypoint,Rest area Hüttener Berge,,0,397,5/7/2024 0:03,5/7/2024,waypoint,Malmö outskirts,0,not_sleep,
397,397,5/7/2024 0:03,5/7/2024,waypoint,Malmö outskirts,,0,398,5/7/2024 0:04,5/7/2024,waypoint,Malmö Ikea,0,not_sleep,
398,398,5/7/2024 0:04,5/7/2024,waypoint,Malmö Ikea,,0,399,5/7/2024 0:05,5/7/2024,waypoint,Folkets Park,0,not_sleep,
399,399,5/7/2024 0:05,5/7/2024,waypoint,Folkets Park,,0,400,5/7/2024 0:08,5/7/2024,waypoint,Malmö train station,0,not_sleep,
400,400,5/7/2024 0:08,5/7/2024,waypoint,Malmö train station,,0,401,5/7/2024 0:09,5/7/2024,sleep,Malmö ,0,not_sleep,
401,401,5/7/2024 0:09,5/7/2024,sleep,Malmö ,airbnb,3,402,5/10/2024 0:00,5/10/2024,sleep,Malmö - Vini and Mau,3,match,
402,402,5/10/2024 0:00,5/10/2024,sleep,Malmö - Vini and Mau,couchsurfing,2,403,5/12/2024 0:00,5/12/2024,waypoint,Malmö outskirts,2,match,
403,403,5/12/2024 0:00,5/12/2024,waypoint,Malmö outskirts,,0,404,5/12/2024 0:01,5/12/2024,waypoint,Malmö port,0,not_sleep,
404,404,5/12/2024 0:01,5/12/2024,waypoint,Malmö port,,0,405,5/12/2024 0:03,5/12/2024,waypoint,Malmö ferry port,0,not_sleep,
405,405,5/12/2024 0:03,5/12/2024,waypoint,Malmö ferry port,,0,406,5/13/2024 0:00,5/13/2024,waypoint,Travermünde,1,not_sleep,
406,406,5/13/2024 0:00,5/13/2024,waypoint,Travermünde,,0,407,5/13/2024 0:01,5/13/2024,waypoint,Rest stop,0,not_sleep,
407,407,5/13/2024 0:01,5/13/2024,waypoint,Rest stop,,0,408,5/13/2024 0:03,5/13/2024,sleep,Forest next to rest stop,0,not_sleep,
408,408,5/13/2024 0:03,5/13/2024,sleep,Forest next to rest stop,camping,1,409,5/13/2024 0:05,5/13/2024,waypoint,Rest stop,0,mismatch,-1
409,409,5/13/2024 0:05,5/13/2024,waypoint,Rest stop,,0,410,5/13/2024 0:06,5/13/2024,waypoint,Rest stop between Hamburg and Hannover,0,not_sleep,
410,410,5/13/2024 0:06,5/13/2024,waypoint,Rest stop between Hamburg and Hannover,,0,411,5/13/2024 0:07,5/13/2024,waypoint,Hannover outskirts,0,not_sleep,
411,411,5/13/2024 0:07,5/13/2024,waypoint,Hannover outskirts,,0,412,5/13/2024 0:08,5/13/2024,waypoint,Hannover,0,not_sleep,
412,412,5/13/2024 0:08,5/13/2024,waypoint,Hannover,,0,413,5/13/2024 0:09,5/13/2024,waypoint,Rest stop Hannover,0,not_sleep,
413,413,5/13/2024 0:09,5/13/2024,waypoint,Rest stop Hannover,,0,414,5/13/2024 0:10,5/13/2024,waypoint,Rest stop Magdeburg,0,not_sleep,
414,414,5/13/2024 0:10,5/13/2024,waypoint,Rest stop Magdeburg,,0,415,5/13/2024 0:11,5/13/2024,sleep,Next to rest stop,0,not_sleep,
415,415,5/13/2024 0:11,5/13/2024,sleep,Next to rest stop,camping,1,416,5/14/2024 0:00,5/14/2024,waypoint,Rest stop Madgeburg,1,match,
416,416,5/14/2024 0:00,5/14/2024,waypoint,Rest stop Madgeburg,,0,417,5/14/2024 0:01,5/14/2024,waypoint,Dresden,0,not_sleep,
417,417,5/14/2024 0:01,5/14/2024,waypoint,Dresden,,0,418,5/14/2024 0:02,5/14/2024,waypoint,Pirna,0,not_sleep,
418,418,5/14/2024 0:02,5/14/2024,waypoint,Pirna,,0,419,5/14/2024 0:05,5/14/2024,waypoint,Festung Königsstein,0,not_sleep,
419,419,5/14/2024 0:05,5/14/2024,waypoint,Festung Königsstein,,0,420,5/14/2024 0:06,5/14/2024,sleep,Quirl,0,not_sleep,
420,420,5/14/2024 0:06,5/14/2024,sleep,Quirl,camping,1,421,5/15/2024 0:00,5/15/2024,waypoint,Königstein,1,match,
421,421,5/15/2024 0:00,5/15/2024,waypoint,Königstein,,0,422,5/15/2024 0:02,5/15/2024,waypoint,Schminka,0,not_sleep,
422,422,5/15/2024 0:02,5/15/2024,waypoint,Schminka,,0,423,5/15/2024 0:04,5/15/2024,waypoint,Bad Schandau,0,not_sleep,
423,423,5/15/2024 0:04,5/15/2024,waypoint,Bad Schandau,,0,424,5/15/2024 0:06,5/15/2024,sleep,Bad Schandau,0,not_sleep,
424,424,5/15/2024 0:06,5/15/2024,sleep,Bad Schandau,camping,1,425,5/16/2024 0:00,5/16/2024,waypoint,Decin,1,match,
425,425,5/16/2024 0:00,5/16/2024,waypoint,Decin,,0,426,5/16/2024 0:02,5/16/2024,waypoint,Usti nad Labem,0,not_sleep,
426,426,5/16/2024 0:02,5/16/2024,waypoint,Usti nad Labem,,0,427,5/16/2024 0:03,5/16/2024,waypoint,Usti nad Labem highway,0,not_sleep,
427,427,5/16/2024 0:03,5/16/2024,waypoint,Usti nad Labem highway,,0,428,5/16/2024 0:05,5/16/2024,waypoint,Prague,0,not_sleep,
428,428,5/16/2024 0:05,5/16/2024,waypoint,Prague,,0,429,5/16/2024 0:10,5/16/2024,sleep,Prague,0,not_sleep,
429,429,5/16/2024 0:10,5/16/2024,sleep,Prague,house,1,430,5/17/2024 0:00,5/17/2024,sleep,Prague,1,match,
430,430,5/17/2024 0:00,5/17/2024,sleep,Prague,house,3,431,5/20/2024 0:00,5/20/2024,waypoint,Prague Outskirts,3,match,
431,431,5/20/2024 0:00,5/20/2024,waypoint,Prague Outskirts,,0,432,5/20/2024 0:01,5/20/2024,waypoint,Rest area Oberpfälzer Alp,0,not_sleep,
432,432,5/20/2024 0:01,5/20/2024,waypoint,Rest area Oberpfälzer Alp,,0,433,5/20/2024 0:02,5/20/2024,waypoint,Heilsbronn highway exit,0,not_sleep,
433,433,5/20/2024 0:02,5/20/2024,waypoint,Heilsbronn highway exit,,0,434,5/20/2024 0:04,5/20/2024,waypoint,Heilsbronn,0,not_sleep,
434,434,5/20/2024 0:04,5/20/2024,waypoint,Heilsbronn,,0,435,5/20/2024 0:05,5/20/2024,sleep,Bonnhof,0,not_sleep,
435,435,5/20/2024 0:05,5/20/2024,sleep,Bonnhof,friends,2,436,5/21/2024 0:00,5/21/2024,waypoint,Bonnhof,1,mismatch,-1
436,436,5/21/2024 0:00,5/21/2024,waypoint,Bonnhof,,0,437,5/22/2024 0:01,5/22/2024,waypoint,Heilsbronn highway,1,not_sleep,
437,437,5/22/2024 0:01,5/22/2024,waypoint,Heilsbronn highway,,0,438,5/22/2024 0:03,5/22/2024,waypoint,Stuttgart,0,not_sleep,
438,438,5/22/2024 0:03,5/22/2024,waypoint,Stuttgart,,0,439,5/22/2024 0:04,5/22/2024,waypoint,Rest Area Schönbuch,0,not_sleep,
439,439,5/22/2024 0:04,5/22/2024,waypoint,Rest Area Schönbuch,,0,440,5/22/2024 0:06,5/22/2024,waypoint,Rest area Neckarburg ,0,not_sleep,
440,440,5/22/2024 0:06,5/22/2024,waypoint,Rest area Neckarburg ,,0,441,5/22/2024 0:07,5/22/2024,waypoint,Rest Area Hegau,0,not_sleep,
441,441,5/22/2024 0:07,5/22/2024,waypoint,Rest Area Hegau,,0,442,5/22/2024 0:08,5/22/2024,waypoint,Radolfszell,0,not_sleep,
442,442,5/22/2024 0:08,5/22/2024,waypoint,Radolfszell,,0,443,5/22/2024 0:09,5/22/2024,sleep,Mettnauturm,0,not_sleep,
443,443,5/22/2024 0:09,5/22/2024,sleep,Mettnauturm,camping,1,444,5/23/2024 0:00,5/23/2024,waypoint,Radolfszell,1,match,
444,444,5/23/2024 0:00,5/23/2024,waypoint,Radolfszell,,0,445,5/23/2024 0:01,5/23/2024,waypoint,Konstanz,0,not_sleep,
445,445,5/23/2024 0:01,5/23/2024,waypoint,Konstanz,,0,446,5/23/2024 0:03,5/23/2024,waypoint,Konstanz,0,not_sleep,
446,446,5/23/2024 0:03,5/23/2024,waypoint,Konstanz,,0,447,5/23/2024 0:04,5/23/2024,waypoint,Frauenfeld,0,not_sleep,
447,447,5/23/2024 0:04,5/23/2024,waypoint,Frauenfeld,,0,448,5/23/2024 0:05,5/23/2024,waypoint,Rest area Forrenberg,0,not_sleep,
448,448,5/23/2024 0:05,5/23/2024,waypoint,Rest area Forrenberg,,0,449,5/23/2024 0:06,5/23/2024,waypoint,Zurich,0,not_sleep,
449,449,5/23/2024 0:06,5/23/2024,waypoint,Zurich,,0,450,5/23/2024 0:06,5/23/2024,waypoint,Zurich,0,not_sleep,
450,450,5/23/2024 0:06,5/23/2024,waypoint,Zurich,,0,451,5/23/2024 0:07,5/23/2024,waypoint,Schlieren,0,not_sleep,
451,451,5/23/2024 0:07,5/23/2024,waypoint,Schlieren,,0,452,5/23/2024 0:08,5/23/2024,waypoint,Schlieren,0,not_sleep,
452,452,5/23/2024 0:08,5/23/2024,waypoint,Schlieren,,0,453,5/23/2024 0:09,5/23/2024,sleep,Schlieren - My parent's home,0,not_sleep,
453,453,5/23/2024 0:09,5/23/2024,sleep,Schlieren - My parent's home,friends,1,454,6/2/2024 0:00,6/2/2024,waypoint,Zermatt train station,10,mismatch,9
454,454,6/2/2024 0:00,6/2/2024,waypoint,Zermatt train station,,0,455,6/2/2024 0:01,6/2/2024,sleep,Zermatt Triftweg 46,0,not_sleep,
455,455,6/2/2024 0:01,6/2/2024,sleep,Zermatt Triftweg 46,volunteering,5,456,6/7/2024 0:00,6/7/2024,waypoint,Zermatt,5,match,
456,456,6/7/2024 0:00,6/7/2024,waypoint,Zermatt,,0,457,6/7/2024 0:01,6/7/2024,waypoint,Gampel,0,not_sleep,
457,457,6/7/2024 0:01,6/7/2024,waypoint,Gampel,,0,458,6/7/2024 0:02,6/7/2024,waypoint,Fribourg,0,not_sleep,
458,458,6/7/2024 0:02,6/7/2024,waypoint,Fribourg,,0,459,6/7/2024 0:03,6/7/2024,sleep,Centre Fries,0,not_sleep,
459,459,6/7/2024 0:03,6/7/2024,sleep,Centre Fries,house,1,460,6/8/2024 0:00,6/8/2024,waypoint,Fribourg highway entrance,1,match,
460,460,6/8/2024 0:00,6/8/2024,waypoint,Fribourg highway entrance,,0,461,6/8/2024 0:02,6/8/2024,waypoint,Montreux,0,not_sleep,
461,461,6/8/2024 0:02,6/8/2024,waypoint,Montreux,,0,462,6/8/2024 0:04,6/8/2024,waypoint,Rest stop Lavaux Lausanne,0,not_sleep,
462,462,6/8/2024 0:04,6/8/2024,waypoint,Rest stop Lavaux Lausanne,,0,463,6/8/2024 0:05,6/8/2024,waypoint,"Bernex, Geneva",0,not_sleep,
463,463,6/8/2024 0:05,6/8/2024,waypoint,"Bernex, Geneva",,0,470,6/8/2024 0:06,6/8/2024,waypoint,Aire de Valleiry,0,not_sleep,
464,470,6/8/2024 0:06,6/8/2024,waypoint,Aire de Valleiry,,0,471,6/8/2024 0:06,6/8/2024,waypoint,Aire de Valleiry,0,not_sleep,
465,471,6/8/2024 0:06,6/8/2024,waypoint,Aire de Valleiry,,0,464,6/8/2024 0:07,6/8/2024,waypoint,Saint-Julien-en-Genevois,0,not_sleep,
466,464,6/8/2024 0:07,6/8/2024,waypoint,Saint-Julien-en-Genevois,,0,465,6/8/2024 0:08,6/8/2024,waypoint,Annecy,0,not_sleep,
467,465,6/8/2024 0:08,6/8/2024,waypoint,Annecy,,0,466,6/8/2024 0:08,6/8/2024,waypoint,Annecy Peage,0,not_sleep,
468,466,6/8/2024 0:08,6/8/2024,waypoint,Annecy Peage,,0,467,6/8/2024 0:09,6/8/2024,waypoint,Chamonix,0,not_sleep,
469,467,6/8/2024 0:09,6/8/2024,waypoint,Chamonix,,0,468,6/8/2024 0:10,6/8/2024,waypoint,Martigny,0,not_sleep,
470,468,6/8/2024 0:10,6/8/2024,waypoint,Martigny,,0,469,6/8/2024 0:11,6/8/2024,sleep,Liddes,0,not_sleep,
471,469,6/8/2024 0:11,6/8/2024,sleep,Liddes,camping,1,472,6/9/2024 0:00,6/9/2024,waypoint,Liddes,1,match,
472,472,6/9/2024 0:00,6/9/2024,waypoint,Liddes,,0,473,6/9/2024 0:01,6/9/2024,waypoint,Relais du St Bernard,0,not_sleep,
473,473,6/9/2024 0:01,6/9/2024,waypoint,Relais du St Bernard,,0,474,6/9/2024 0:02,6/9/2024,waypoint,Sion Est,0,not_sleep,
474,474,6/9/2024 0:02,6/9/2024,waypoint,Sion Est,,0,475,6/9/2024 0:03,6/9/2024,waypoint,Azizi,0,not_sleep,
475,475,6/9/2024 0:03,6/9/2024,waypoint,Azizi,,0,476,6/9/2024 0:05,6/9/2024,waypoint,Täsch,0,not_sleep,
476,476,6/9/2024 0:05,6/9/2024,waypoint,Täsch,,0,477,6/9/2024 0:06,6/9/2024,waypoint,Zermatt,0,not_sleep,
477,477,6/9/2024 0:06,6/9/2024,waypoint,Zermatt,,0,478,6/9/2024 0:08,6/9/2024,sleep,Zermatt Triftweg 46,0,not_sleep,
478,478,6/9/2024 0:08,6/9/2024,sleep,Zermatt Triftweg 46,volunteering,6,479,6/15/2024 0:00,6/15/2024,waypoint,Zermatt,6,match,
479,479,6/15/2024 0:00,6/15/2024,waypoint,Zermatt,,0,480,6/15/2024 0:01,6/15/2024,waypoint,Täsch,0,not_sleep,
480,480,6/15/2024 0:01,6/15/2024,waypoint,Täsch,,0,481,6/15/2024 0:03,6/15/2024,waypoint,Visp,0,not_sleep,
481,481,6/15/2024 0:03,6/15/2024,waypoint,Visp,,0,482,6/15/2024 0:04,6/15/2024,waypoint,Sion,0,not_sleep,
482,482,6/15/2024 0:04,6/15/2024,waypoint,Sion,,0,483,6/15/2024 0:06,6/15/2024,waypoint,Bex,0,not_sleep,
483,483,6/15/2024 0:06,6/15/2024,waypoint,Bex,,0,484,6/15/2024 0:07,6/15/2024,waypoint,Sion Decathlon,0,not_sleep,
484,484,6/15/2024 0:07,6/15/2024,waypoint,Sion Decathlon,,0,485,6/15/2024 0:08,6/15/2024,waypoint,Sion Gare,0,not_sleep,
485,485,6/15/2024 0:08,6/15/2024,waypoint,Sion Gare,,0,486,6/15/2024 0:09,6/15/2024,waypoint,Sierre,0,not_sleep,
486,486,6/15/2024 0:09,6/15/2024,waypoint,Sierre,,0,487,6/15/2024 0:10,6/15/2024,waypoint,Gampel,0,not_sleep,
487,487,6/15/2024 0:10,6/15/2024,waypoint,Gampel,,0,488,6/15/2024 0:11,6/15/2024,waypoint,Visp,0,not_sleep,
488,488,6/15/2024 0:11,6/15/2024,waypoint,Visp,,0,489,6/15/2024 0:12,6/15/2024,waypoint,Stalden,0,not_sleep,
489,489,6/15/2024 0:12,6/15/2024,waypoint,Stalden,,0,490,6/15/2024 0:13,6/15/2024,waypoint,Täsch,0,not_sleep,
490,490,6/15/2024 0:13,6/15/2024,waypoint,Täsch,,0,492,6/15/2024 0:13,6/15/2024,waypoint,Zermatt,0,not_sleep,
491,492,6/15/2024 0:13,6/15/2024,waypoint,Zermatt,,0,491,6/15/2024 12:14,6/15/2024,sleep,Zermatt Triftweg 46,0,not_sleep,
492,491,6/15/2024 12:14,6/15/2024,sleep,Zermatt Triftweg 46,volunteering,12,576,6/27/2024 0:00,6/27/2024,sleep,Zermatt Hohbalmen,12,match,
493,576,6/27/2024 0:00,6/27/2024,sleep,Zermatt Hohbalmen,camping,1,577,6/28/2024 0:00,6/28/2024,waypoint,Zermatt Triftweg 46,1,match,
494,577,6/28/2024 0:00,6/28/2024,waypoint,Zermatt Triftweg 46,,0,493,6/28/2024 0:00,6/28/2024,waypoint,Zermatt,0,not_sleep,
495,493,6/28/2024 0:00,6/28/2024,waypoint,Zermatt,,0,494,6/28/2024 0:01,6/28/2024,waypoint,Täsch,0,not_sleep,
496,494,6/28/2024 0:01,6/28/2024,waypoint,Täsch,,0,495,6/28/2024 0:02,6/28/2024,waypoint,Visp,0,not_sleep,
497,495,6/28/2024 0:02,6/28/2024,waypoint,Visp,,0,496,6/28/2024 0:04,6/28/2024,waypoint,Lax,0,not_sleep,
498,496,6/28/2024 0:04,6/28/2024,waypoint,Lax,,0,497,6/28/2024 0:05,6/28/2024,waypoint,Cello,0,not_sleep,
499,497,6/28/2024 0:05,6/28/2024,waypoint,Cello,,0,498,6/28/2024 0:06,6/28/2024,waypoint,Andermatt,0,not_sleep,
500,498,6/28/2024 0:06,6/28/2024,waypoint,Andermatt,,0,499,6/28/2024 0:07,6/28/2024,waypoint,Schwyz,0,not_sleep,
501,499,6/28/2024 0:07,6/28/2024,waypoint,Schwyz,,0,500,6/28/2024 0:08,6/28/2024,waypoint,Sattel,0,not_sleep,
502,500,6/28/2024 0:08,6/28/2024,waypoint,Sattel,,0,501,6/28/2024 0:09,6/28/2024,waypoint,Wollerau,0,not_sleep,
503,501,6/28/2024 0:09,6/28/2024,waypoint,Wollerau,,0,502,6/28/2024 0:10,6/28/2024,waypoint,Walenstadt,0,not_sleep,
504,502,6/28/2024 0:10,6/28/2024,waypoint,Walenstadt,,0,503,6/28/2024 0:11,6/28/2024,waypoint,Rotkreuz,0,not_sleep,
505,503,6/28/2024 0:11,6/28/2024,waypoint,Rotkreuz,,0,504,6/28/2024 0:13,6/28/2024,sleep,Luzern,0,not_sleep,
506,504,6/28/2024 0:13,6/28/2024,sleep,Luzern,friends,1,505,6/29/2024 0:00,6/29/2024,waypoint,Horw,1,match,
507,505,6/29/2024 0:00,6/29/2024,waypoint,Horw,,0,506,6/29/2024 0:01,6/29/2024,waypoint,Sarnen,0,not_sleep,
508,506,6/29/2024 0:01,6/29/2024,waypoint,Sarnen,,0,508,6/29/2024 0:02,6/29/2024,waypoint,Lungern,0,not_sleep,
509,508,6/29/2024 0:02,6/29/2024,waypoint,Lungern,,0,507,6/29/2024 0:03,6/29/2024,waypoint,Brünig,0,not_sleep,
510,507,6/29/2024 0:03,6/29/2024,waypoint,Brünig,,0,509,6/29/2024 0:04,6/29/2024,waypoint,Meiringen,0,not_sleep,
511,509,6/29/2024 0:04,6/29/2024,waypoint,Meiringen,,0,510,6/29/2024 0:05,6/29/2024,waypoint,Innerkirchen,0,not_sleep,
512,510,6/29/2024 0:05,6/29/2024,waypoint,Innerkirchen,,0,511,6/29/2024 0:06,6/29/2024,waypoint,Ulrichen,0,not_sleep,
513,511,6/29/2024 0:06,6/29/2024,waypoint,Ulrichen,,0,512,6/29/2024 0:08,6/29/2024,waypoint,Fiesch,0,not_sleep,
514,512,6/29/2024 0:08,6/29/2024,waypoint,Fiesch,,0,513,6/29/2024 0:09,6/29/2024,waypoint,Filet,0,not_sleep,
515,513,6/29/2024 0:09,6/29/2024,waypoint,Filet,,0,514,6/29/2024 0:10,6/29/2024,waypoint,Eyholz,0,not_sleep,
516,514,6/29/2024 0:10,6/29/2024,waypoint,Eyholz,,0,515,6/29/2024 0:11,6/29/2024,waypoint,Visp,0,not_sleep,
517,515,6/29/2024 0:11,6/29/2024,waypoint,Visp,,0,516,6/29/2024 0:12,6/29/2024,waypoint,Sankt Nikolaus,0,not_sleep,
518,516,6/29/2024 0:12,6/29/2024,waypoint,Sankt Nikolaus,,0,517,6/29/2024 0:13,6/29/2024,waypoint,Täsch,0,not_sleep,
519,517,6/29/2024 0:13,6/29/2024,waypoint,Täsch,,0,518,6/29/2024 0:14,6/29/2024,waypoint,Zermatt,0,not_sleep,
520,518,6/29/2024 0:14,6/29/2024,waypoint,Zermatt,,0,519,6/29/2024 0:15,6/29/2024,sleep,Zermatt Triftweg 46,0,not_sleep,
521,519,6/29/2024 0:15,6/29/2024,sleep,Zermatt Triftweg 46,volunteering,3,520,7/2/2024 0:00,7/2/2024,waypoint,Zermatt,3,match,
522,520,7/2/2024 0:00,7/2/2024,waypoint,Zermatt,,0,521,7/2/2024 0:01,7/2/2024,waypoint,Täsch,0,not_sleep,
523,521,7/2/2024 0:01,7/2/2024,waypoint,Täsch,,0,522,7/2/2024 0:02,7/2/2024,waypoint,Sankt Nikolaus,0,not_sleep,
524,522,7/2/2024 0:02,7/2/2024,waypoint,Sankt Nikolaus,,0,523,7/2/2024 0:03,7/2/2024,waypoint,Visp,0,not_sleep,
525,523,7/2/2024 0:03,7/2/2024,waypoint,Visp,,0,524,7/2/2024 0:04,7/2/2024,waypoint,Gampel,0,not_sleep,
526,524,7/2/2024 0:04,7/2/2024,waypoint,Gampel,,0,525,7/2/2024 0:05,7/2/2024,waypoint,Goppenstein,0,not_sleep,
527,525,7/2/2024 0:05,7/2/2024,waypoint,Goppenstein,,0,526,7/2/2024 0:06,7/2/2024,waypoint,Mülenen,0,not_sleep,
528,526,7/2/2024 0:06,7/2/2024,waypoint,Mülenen,,0,527,7/2/2024 0:07,7/2/2024,waypoint,Bern Grauholz,0,not_sleep,
529,527,7/2/2024 0:07,7/2/2024,waypoint,Bern Grauholz,,0,528,7/2/2024 0:08,7/2/2024,waypoint,Pratteln,0,not_sleep,
530,528,7/2/2024 0:08,7/2/2024,waypoint,Pratteln,,0,529,7/2/2024 0:09,7/2/2024,waypoint,Weil am Rhein,0,not_sleep,
531,529,7/2/2024 0:09,7/2/2024,waypoint,Weil am Rhein,,0,530,7/2/2024 0:10,7/2/2024,sleep,Weil am Rhein,0,not_sleep,
532,530,7/2/2024 0:10,7/2/2024,sleep,Weil am Rhein,camping,1,532,7/3/2024 0:00,7/3/2024,waypoint,Weil am Rhein,1,match,
533,532,7/3/2024 0:00,7/3/2024,waypoint,Weil am Rhein,,0,531,7/3/2024 0:01,7/3/2024,waypoint,Wetterau Ost,0,not_sleep,
534,531,7/3/2024 0:01,7/3/2024,waypoint,Wetterau Ost,,0,533,7/3/2024 0:02,7/3/2024,waypoint,Korbach,0,not_sleep,
535,533,7/3/2024 0:02,7/3/2024,waypoint,Korbach,,0,534,7/3/2024 0:05,7/3/2024,waypoint,Diemestadt,0,not_sleep,
536,534,7/3/2024 0:05,7/3/2024,waypoint,Diemestadt,,0,535,7/3/2024 0:06,7/3/2024,waypoint,Bad Salzufen,0,not_sleep,
537,535,7/3/2024 0:06,7/3/2024,waypoint,Bad Salzufen,,0,536,7/3/2024 0:06,7/3/2024,waypoint,Bad Salzufen,0,not_sleep,
538,536,7/3/2024 0:06,7/3/2024,waypoint,Bad Salzufen,,0,537,7/3/2024 0:06,7/3/2024,waypoint,Bad Salzufen,0,not_sleep,
539,537,7/3/2024 0:06,7/3/2024,waypoint,Bad Salzufen,,0,538,7/3/2024 0:08,7/3/2024,waypoint,Detmold,0,not_sleep,
540,538,7/3/2024 0:08,7/3/2024,waypoint,Detmold,,0,539,7/3/2024 0:10,7/3/2024,sleep,Detmold Lola,0,not_sleep,
541,539,7/3/2024 0:10,7/3/2024,sleep,Detmold Lola,friends,3,540,7/3/2024 0:10,7/3/2024,sleep,Detmold Lola,0,mismatch,-3
542,540,7/3/2024 0:10,7/3/2024,sleep,Detmold Lola,friends,3,541,7/6/2024 0:00,7/6/2024,sleep,Düsseldorf,3,match,
543,541,7/6/2024 0:00,7/6/2024,sleep,Düsseldorf,friends,1,542,7/7/2024 0:00,7/7/2024,waypoint,Düsseldorf Rest stop,1,match,
544,542,7/7/2024 0:00,7/7/2024,waypoint,Düsseldorf Rest stop,,0,543,7/7/2024 0:01,7/7/2024,waypoint,Frankfurt Rest Stop,0,not_sleep,
545,543,7/7/2024 0:01,7/7/2024,waypoint,Frankfurt Rest Stop,,0,544,7/7/2024 0:02,7/7/2024,waypoint,Bern Grauholz,0,not_sleep,
546,544,7/7/2024 0:02,7/7/2024,waypoint,Bern Grauholz,,0,545,7/7/2024 0:03,7/7/2024,sleep,Bern Grauholz,0,not_sleep,
547,545,7/7/2024 0:03,7/7/2024,sleep,Bern Grauholz,camping,1,546,7/8/2024 0:00,7/8/2024,waypoint,Bern Grauholz,1,match,
548,546,7/8/2024 0:00,7/8/2024,waypoint,Bern Grauholz,,0,547,7/8/2024 0:01,7/8/2024,waypoint,Münsingen Rest Area,0,not_sleep,
549,547,7/8/2024 0:01,7/8/2024,waypoint,Münsingen Rest Area,,0,548,7/8/2024 0:02,7/8/2024,waypoint,Kandersteg,0,not_sleep,
550,548,7/8/2024 0:02,7/8/2024,waypoint,Kandersteg,,0,549,7/8/2024 0:04,7/8/2024,waypoint,Visp,0,not_sleep,
551,549,7/8/2024 0:04,7/8/2024,waypoint,Visp,,0,550,7/8/2024 0:06,7/8/2024,waypoint,Sankt Nikolaus,0,not_sleep,
552,550,7/8/2024 0:06,7/8/2024,waypoint,Sankt Nikolaus,,0,551,7/8/2024 0:07,7/8/2024,waypoint,Täsch,0,not_sleep,
553,551,7/8/2024 0:07,7/8/2024,waypoint,Täsch,,0,552,7/8/2024 0:08,7/8/2024,waypoint,Zermatt,0,not_sleep,
554,552,7/8/2024 0:08,7/8/2024,waypoint,Zermatt,,0,553,7/8/2024 0:09,7/8/2024,sleep,Zermatt Triftweg 46,0,not_sleep,
555,553,7/8/2024 0:09,7/8/2024,sleep,Zermatt Triftweg 46,volunteering,6,554,7/14/2024 0:00,7/14/2024,waypoint,Zermatt,6,match,
556,554,7/14/2024 0:00,7/14/2024,waypoint,Zermatt,,0,555,7/14/2024 0:01,7/14/2024,waypoint,Täsch,0,not_sleep,
557,555,7/14/2024 0:01,7/14/2024,waypoint,Täsch,,0,556,7/14/2024 0:02,7/14/2024,waypoint,Sankt Nikolaus,0,not_sleep,
558,556,7/14/2024 0:02,7/14/2024,waypoint,Sankt Nikolaus,,0,557,7/14/2024 0:05,7/14/2024,waypoint,Pfynwald,0,not_sleep,
559,557,7/14/2024 0:05,7/14/2024,waypoint,Pfynwald,,0,558,7/14/2024 0:06,7/14/2024,waypoint,Sion,0,not_sleep,
560,558,7/14/2024 0:06,7/14/2024,waypoint,Sion,,0,559,7/14/2024 0:08,7/14/2024,waypoint,Sierre,0,not_sleep,
561,559,7/14/2024 0:08,7/14/2024,waypoint,Sierre,,0,560,7/14/2024 0:09,7/14/2024,waypoint,Visp,0,not_sleep,
562,560,7/14/2024 0:09,7/14/2024,waypoint,Visp,,0,561,7/14/2024 0:10,7/14/2024,waypoint,Stalden,0,not_sleep,
563,561,7/14/2024 0:10,7/14/2024,waypoint,Stalden,,0,562,7/14/2024 0:11,7/14/2024,waypoint,Täsch,0,not_sleep,
564,562,7/14/2024 0:11,7/14/2024,waypoint,Täsch,,0,563,7/14/2024 0:12,7/14/2024,waypoint,Zermatt Train station,0,not_sleep,
565,563,7/14/2024 0:12,7/14/2024,waypoint,Zermatt Train station,,0,564,7/14/2024 0:13,7/14/2024,sleep,Zermatt Triftweg 46,0,not_sleep,
566,564,7/14/2024 0:13,7/14/2024,sleep,Zermatt Triftweg 46,volunteering,5,574,7/19/2024 0:00,7/19/2024,sleep,Zermatt Zmutt,5,match,
567,574,7/19/2024 0:00,7/19/2024,sleep,Zermatt Zmutt,camping,1,575,7/20/2024 0:00,7/20/2024,waypoint,Zermatt Triftweg 46,1,match,
568,575,7/20/2024 0:00,7/20/2024,waypoint,Zermatt Triftweg 46,,0,565,7/20/2024 0:02,7/20/2024,waypoint,Zermatt,0,not_sleep,
569,565,7/20/2024 0:02,7/20/2024,waypoint,Zermatt,,0,566,7/20/2024 0:03,7/20/2024,waypoint,Täsch,0,not_sleep,
570,566,7/20/2024 0:03,7/20/2024,waypoint,Täsch,,0,567,7/20/2024 0:04,7/20/2024,waypoint,Migrolino Stalden,0,not_sleep,
571,567,7/20/2024 0:04,7/20/2024,waypoint,Migrolino Stalden,,0,568,7/20/2024 0:06,7/20/2024,waypoint,Visp,0,not_sleep,
572,568,7/20/2024 0:06,7/20/2024,waypoint,Visp,,0,569,7/20/2024 0:07,7/20/2024,waypoint,Leytron,0,not_sleep,
573,569,7/20/2024 0:07,7/20/2024,waypoint,Leytron,,0,570,7/20/2024 0:08,7/20/2024,waypoint,Ovronnaz Bains,0,not_sleep,
574,570,7/20/2024 0:08,7/20/2024,waypoint,Ovronnaz Bains,,0,571,7/20/2024 0:10,7/20/2024,waypoint,Täsch Train station,0,not_sleep,
575,571,7/20/2024 0:10,7/20/2024,waypoint,Täsch Train station,,0,572,7/20/2024 0:12,7/20/2024,waypoint,Zermatt train station,0,not_sleep,
576,572,7/20/2024 0:12,7/20/2024,waypoint,Zermatt train station,,0,573,7/20/2024 0:14,7/20/2024,sleep,Zermatt Triftweg 46,0,not_sleep,
577,573,7/20/2024 0:14,7/20/2024,sleep,Zermatt Triftweg 46,volunteering,9,578,7/29/2024 0:00,7/29/2024,sleep,Zermatt Lost Valley,9,match,
578,578,7/29/2024 0:00,7/29/2024,sleep,Zermatt Lost Valley,camping,1,579,7/30/2024 0:00,7/30/2024,sleep,Zermatt Triftweg 46,1,match,
579,579,7/30/2024 0:00,7/30/2024,sleep,Zermatt Triftweg 46,volunteering,1,580,7/31/2024 0:00,7/31/2024,waypoint,Zermatt Spiss,1,match,
580,580,7/31/2024 0:00,7/31/2024,waypoint,Zermatt Spiss,,0,581,7/31/2024 0:01,7/31/2024,waypoint,St Niklaus,0,not_sleep,
581,581,7/31/2024 0:01,7/31/2024,waypoint,St Niklaus,,0,582,7/31/2024 0:02,7/31/2024,sleep,Schlieren Parent's house,0,not_sleep,
582,582,7/31/2024 0:02,7/31/2024,sleep,Schlieren Parent's house,friends,8,583,7/31/2024 0:02,7/31/2024,sleep,Schlieren Parent's house,0,mismatch,-8
583,583,7/31/2024 0:02,7/31/2024,sleep,Schlieren Parent's house,friends,8,584,8/8/2024 0:00,8/8/2024,waypoint,Schlieren Highway Entrance,8,match,
584,584,8/8/2024 0:00,8/8/2024,waypoint,Schlieren Highway Entrance,,0,585,8/8/2024 0:01,8/8/2024,waypoint,Gisikon,0,not_sleep,
585,585,8/8/2024 0:01,8/8/2024,waypoint,Gisikon,,0,586,8/8/2024 0:02,8/8/2024,waypoint,Luzern,0,not_sleep,
586,586,8/8/2024 0:02,8/8/2024,waypoint,Luzern,,0,587,8/8/2024 0:04,8/8/2024,waypoint,Dallenwil,0,not_sleep,
587,587,8/8/2024 0:04,8/8/2024,waypoint,Dallenwil,,0,588,8/8/2024 0:05,8/8/2024,waypoint,Musenalp,0,not_sleep,
588,588,8/8/2024 0:05,8/8/2024,waypoint,Musenalp,,0,589,8/8/2024 0:06,8/8/2024,sleep,Musenalp,0,not_sleep,
589,589,8/8/2024 0:06,8/8/2024,sleep,Musenalp,camping,1,590,8/9/2024 0:00,8/9/2024,waypoint,Musenalp,1,match,
590,590,8/9/2024 0:00,8/9/2024,waypoint,Musenalp,,0,591,8/9/2024 0:01,8/9/2024,waypoint,Dallenwil,0,not_sleep,
591,591,8/9/2024 0:01,8/9/2024,waypoint,Dallenwil,,0,592,8/9/2024 0:02,8/9/2024,waypoint,Hergiswil,0,not_sleep,
592,592,8/9/2024 0:02,8/9/2024,waypoint,Hergiswil,,0,593,8/9/2024 0:03,8/9/2024,waypoint,Giswil,0,not_sleep,
593,593,8/9/2024 0:03,8/9/2024,waypoint,Giswil,,0,594,8/9/2024 0:05,8/9/2024,waypoint,Obi Reststop,0,not_sleep,
594,594,8/9/2024 0:05,8/9/2024,waypoint,Obi Reststop,,0,595,8/9/2024 0:06,8/9/2024,waypoint,Interlaken,0,not_sleep,
595,595,8/9/2024 0:06,8/9/2024,waypoint,Interlaken,,0,596,8/9/2024 0:07,8/9/2024,waypoint,Bern,0,not_sleep,
596,596,8/9/2024 0:07,8/9/2024,waypoint,Bern,,0,597,8/9/2024 0:08,8/9/2024,waypoint,Münsingen,0,not_sleep,
597,597,8/9/2024 0:08,8/9/2024,waypoint,Münsingen,,0,598,8/9/2024 0:09,8/9/2024,sleep,Münsingen,0,not_sleep,
598,598,8/9/2024 0:09,8/9/2024,sleep,Münsingen,camping,1,599,8/10/2024 0:00,8/10/2024,waypoint,Münsingen,1,match,
599,599,8/10/2024 0:00,8/10/2024,waypoint,Münsingen,,0,600,8/10/2024 0:01,8/10/2024,waypoint,Thun,0,not_sleep,
600,600,8/10/2024 0:01,8/10/2024,waypoint,Thun,,0,601,8/10/2024 0:02,8/10/2024,waypoint,Kandersteg,0,not_sleep,
601,601,8/10/2024 0:02,8/10/2024,waypoint,Kandersteg,,0,602,8/10/2024 0:03,8/10/2024,waypoint,Goppenstein,0,not_sleep,
602,602,8/10/2024 0:03,8/10/2024,waypoint,Goppenstein,,0,603,8/10/2024 0:05,8/10/2024,sleep,"Wiler, Lötschental",0,not_sleep,
603,603,8/10/2024 0:05,8/10/2024,sleep,"Wiler, Lötschental",airbnb,4,605,8/14/2024 0:00,8/14/2024,waypoint,Gampel,4,match,
604,605,8/14/2024 0:00,8/14/2024,waypoint,Gampel,,0,606,8/14/2024 0:01,8/14/2024,waypoint,Gampel-Steg,0,not_sleep,
605,606,8/14/2024 0:01,8/14/2024,waypoint,Gampel-Steg,,0,607,8/14/2024 0:02,8/14/2024,waypoint,Riddes,0,not_sleep,
606,607,8/14/2024 0:02,8/14/2024,waypoint,Riddes,,0,608,8/14/2024 0:04,8/14/2024,waypoint,Martigny,0,not_sleep,
607,608,8/14/2024 0:04,8/14/2024,waypoint,Martigny,,0,609,8/14/2024 0:05,8/14/2024,waypoint,Martigny,0,not_sleep,
608,609,8/14/2024 0:05,8/14/2024,waypoint,Martigny,,0,610,8/14/2024 0:06,8/14/2024,waypoint,Trient,0,not_sleep,
609,610,8/14/2024 0:06,8/14/2024,waypoint,Trient,,0,611,8/14/2024 0:07,8/14/2024,sleep,Peuty Camping,0,not_sleep,
610,611,8/14/2024 0:07,8/14/2024,sleep,Peuty Camping,camping,1,612,8/15/2024 0:00,8/15/2024,waypoint,Trient,1,match,
611,612,8/15/2024 0:00,8/15/2024,waypoint,Trient,,0,613,8/15/2024 0:01,8/15/2024,waypoint,Martigny,0,not_sleep,
612,613,8/15/2024 0:01,8/15/2024,waypoint,Martigny,,0,614,8/15/2024 0:03,8/15/2024,waypoint,Relais de St-Bernard,0,not_sleep,
613,614,8/15/2024 0:03,8/15/2024,waypoint,Relais de St-Bernard,,0,615,8/15/2024 0:04,8/15/2024,waypoint,Sierre,0,not_sleep,
614,615,8/15/2024 0:04,8/15/2024,waypoint,Sierre,,0,616,8/15/2024 0:06,8/15/2024,waypoint,Gampel,0,not_sleep,
615,616,8/15/2024 0:06,8/15/2024,waypoint,Gampel,,0,617,8/15/2024 0:07,8/15/2024,waypoint,Goppenstein,0,not_sleep,
616,617,8/15/2024 0:07,8/15/2024,waypoint,Goppenstein,,0,618,8/15/2024 0:08,8/15/2024,sleep,"Wiler, Lötschental",0,not_sleep,
617,618,8/15/2024 0:08,8/15/2024,sleep,"Wiler, Lötschental",airbnb,1,604,8/16/2024 0:00,8/16/2024,waypoint,Goppnstein,1,match,
618,604,8/16/2024 0:00,8/16/2024,waypoint,Goppnstein,,0,619,8/16/2024 0:01,8/16/2024,waypoint,Gampel-Steg,0,not_sleep,
619,619,8/16/2024 0:01,8/16/2024,waypoint,Gampel-Steg,,0,620,8/16/2024 0:03,8/16/2024,waypoint,Pfynwald,0,not_sleep,
620,620,8/16/2024 0:03,8/16/2024,waypoint,Pfynwald,,0,621,8/16/2024 0:04,8/16/2024,waypoint,Relais de St-Benard,0,not_sleep,
621,621,8/16/2024 0:04,8/16/2024,waypoint,Relais de St-Benard,,0,622,8/16/2024 0:06,8/16/2024,waypoint,Etoy,0,not_sleep,
622,622,8/16/2024 0:06,8/16/2024,waypoint,Etoy,,0,623,8/16/2024 0:07,8/16/2024,waypoint,Geneva Airport,0,not_sleep,
623,623,8/16/2024 0:07,8/16/2024,waypoint,Geneva Airport,,0,624,8/16/2024 0:08,8/16/2024,waypoint,Geneva,0,not_sleep,
624,624,8/16/2024 0:08,8/16/2024,waypoint,Geneva,,0,625,8/16/2024 0:09,8/16/2024,waypoint,Lausanne rest stop,0,not_sleep,
625,625,8/16/2024 0:09,8/16/2024,waypoint,Lausanne rest stop,,0,626,8/16/2024 0:10,8/16/2024,waypoint,Gruyere rest stop,0,not_sleep,
626,626,8/16/2024 0:10,8/16/2024,waypoint,Gruyere rest stop,,0,627,8/16/2024 0:11,8/16/2024,waypoint,Bern Grauholz rest stop,0,not_sleep,
627,627,8/16/2024 0:11,8/16/2024,waypoint,Bern Grauholz rest stop,,0,628,8/16/2024 1:12,8/16/2024,sleep,Bern Grauholz,0,not_sleep,
628,628,8/16/2024 1:12,8/16/2024,sleep,Bern Grauholz,camping,1,630,8/17/2024 0:00,8/17/2024,waypoint,Bern Grauholz rest stop,1,match,
629,630,8/17/2024 0:00,8/17/2024,waypoint,Bern Grauholz rest stop,,0,629,8/17/2024 0:01,8/17/2024,waypoint,Weil am Rhein,0,not_sleep,
630,629,8/17/2024 0:01,8/17/2024,waypoint,Weil am Rhein,,0,631,8/17/2024 0:02,8/17/2024,waypoint,Frankfurt Gräfingen rest stop ,0,not_sleep,
631,631,8/17/2024 0:02,8/17/2024,waypoint,Frankfurt Gräfingen rest stop ,,0,632,8/17/2024 0:05,8/17/2024,waypoint,Wetterau rest stop,0,not_sleep,
632,632,8/17/2024 0:05,8/17/2024,waypoint,Wetterau rest stop,,0,633,8/17/2024 0:08,8/17/2024,waypoint,Göttingen,0,not_sleep,
633,633,8/17/2024 0:08,8/17/2024,waypoint,Göttingen,,0,634,8/17/2024 0:10,8/17/2024,sleep,Göttingen Wald,0,not_sleep,
634,634,8/17/2024 0:10,8/17/2024,sleep,Göttingen Wald,camping,3,635,8/20/2024 0:00,8/20/2024,sleep,Berlin David's Home,3,match,
635,635,8/20/2024 0:00,8/20/2024,sleep,Berlin David's Home,friends,3,636,8/23/2024 0:00,8/23/2024,waypoint,Rest area Erfurt,3,match,
636,636,8/23/2024 0:00,8/23/2024,waypoint,Rest area Erfurt,,0,637,8/23/2024 0:01,8/23/2024,waypoint,Rest area Reinhardshain,0,not_sleep,
637,637,8/23/2024 0:01,8/23/2024,waypoint,Rest area Reinhardshain,,0,638,8/23/2024 0:02,8/23/2024,waypoint,Frankfurt rest area,0,not_sleep,
638,638,8/23/2024 0:02,8/23/2024,waypoint,Frankfurt rest area,,0,639,8/24/2024 0:00,8/24/2024,waypoint,Rest area Bruchsal,1,not_sleep,
639,639,8/24/2024 0:00,8/24/2024,waypoint,Rest area Bruchsal,,0,640,8/24/2024 0:01,8/24/2024,waypoint,Aire de la Porte d'Alsace,0,not_sleep,
640,640,8/24/2024 0:01,8/24/2024,waypoint,Aire de la Porte d'Alsace,,0,641,8/24/2024 0:03,8/24/2024,waypoint,Aire du Bois des Potets,0,not_sleep,
641,641,8/24/2024 0:03,8/24/2024,waypoint,Aire du Bois des Potets,,0,642,8/24/2024 0:04,8/24/2024,waypoint,Beaune rest stop,0,not_sleep,
642,642,8/24/2024 0:04,8/24/2024,waypoint,Beaune rest stop,,0,643,8/24/2024 0:05,8/24/2024,sleep,Etangs d'Or,0,not_sleep,
643,643,8/24/2024 0:05,8/24/2024,sleep,Etangs d'Or,camping,1,644,8/25/2024 0:00,8/25/2024,waypoint,Beaune rest stop,1,match,
644,644,8/25/2024 0:00,8/25/2024,waypoint,Beaune rest stop,,0,645,8/25/2024 0:01,8/25/2024,waypoint,Chalon-sur-Saone,0,not_sleep,
645,645,8/25/2024 0:01,8/25/2024,waypoint,Chalon-sur-Saone,,0,646,8/25/2024 0:01,8/25/2024,waypoint,Chalon-sur-Saone,0,not_sleep,
646,646,8/25/2024 0:01,8/25/2024,waypoint,Chalon-sur-Saone,,0,647,8/25/2024 0:03,8/25/2024,waypoint,Montchanin,0,not_sleep,
647,647,8/25/2024 0:03,8/25/2024,waypoint,Montchanin,,0,648,8/25/2024 0:04,8/25/2024,waypoint,Montceau-les-Mines,0,not_sleep,
648,648,8/25/2024 0:04,8/25/2024,waypoint,Montceau-les-Mines,,0,649,8/25/2024 0:05,8/25/2024,waypoint,Les Muratons,0,not_sleep,
649,649,8/25/2024 0:05,8/25/2024,waypoint,Les Muratons,,0,650,8/25/2024 0:06,8/25/2024,waypoint,Vieure,0,not_sleep,
650,650,8/25/2024 0:06,8/25/2024,waypoint,Vieure,,0,651,8/25/2024 0:07,8/25/2024,waypoint,Aire des Volcans,0,not_sleep,
651,651,8/25/2024 0:07,8/25/2024,waypoint,Aire des Volcans,,0,652,8/25/2024 0:08,8/25/2024,waypoint,Tulle,0,not_sleep,
652,652,8/25/2024 0:08,8/25/2024,waypoint,Tulle,,0,653,8/25/2024 0:09,8/25/2024,sleep,Curemont,0,not_sleep,
653,653,8/25/2024 0:09,8/25/2024,sleep,Curemont,house,1,654,8/26/2024 0:00,8/26/2024,waypoint,Souillac,1,match,
654,654,8/26/2024 0:00,8/26/2024,waypoint,Souillac,,0,655,8/26/2024 0:01,8/26/2024,waypoint,Peage,0,not_sleep,
655,655,8/26/2024 0:01,8/26/2024,waypoint,Peage,,0,656,8/26/2024 0:02,8/26/2024,waypoint,Caussade,0,not_sleep,
656,656,8/26/2024 0:02,8/26/2024,waypoint,Caussade,,0,657,8/26/2024 0:04,8/26/2024,waypoint,Peage Montauban,0,not_sleep,
657,657,8/26/2024 0:04,8/26/2024,waypoint,Peage Montauban,,0,658,8/26/2024 0:05,8/26/2024,waypoint,Peage Toulouse,0,not_sleep,
658,658,8/26/2024 0:05,8/26/2024,waypoint,Peage Toulouse,,0,659,8/26/2024 0:06,8/26/2024,waypoint,Lannemezan,0,not_sleep,
659,659,8/26/2024 0:06,8/26/2024,waypoint,Lannemezan,,0,660,8/26/2024 19:09,8/26/2024,waypoint,Barossa,0,not_sleep,
660,660,8/26/2024 19:09,8/26/2024,waypoint,Barossa,,0,661,8/26/2024 19:10,8/26/2024,sleep,Valle de Barossa,0,not_sleep,
661,661,8/26/2024 19:10,8/26/2024,sleep,Valle de Barossa,camping,1,662,8/27/2024 0:00,8/27/2024,waypoint,Barrosa,1,match,
662,662,8/27/2024 0:00,8/27/2024,waypoint,Barrosa,,0,663,8/27/2024 0:01,8/27/2024,waypoint,Bielsa,0,not_sleep,
663,663,8/27/2024 0:01,8/27/2024,waypoint,Bielsa,,0,664,8/27/2024 0:02,8/27/2024,waypoint,Ainsa,0,not_sleep,
664,664,8/27/2024 0:02,8/27/2024,waypoint,Ainsa,,0,665,8/27/2024 0:04,8/27/2024,waypoint,Boltana,0,not_sleep,
665,665,8/27/2024 0:04,8/27/2024,waypoint,Boltana,,0,666,8/27/2024 0:05,8/27/2024,waypoint,Javonas,0,not_sleep,
666,666,8/27/2024 0:05,8/27/2024,waypoint,Javonas,,0,667,8/27/2024 0:06,8/27/2024,waypoint,Sabinanigo,0,not_sleep,
667,667,8/27/2024 0:06,8/27/2024,waypoint,Sabinanigo,,0,668,8/27/2024 0:06,8/27/2024,waypoint,Sabinanigo,0,not_sleep,
668,668,8/27/2024 0:06,8/27/2024,waypoint,Sabinanigo,,0,669,8/27/2024 0:10,8/27/2024,waypoint,Zaragoza,0,not_sleep,
669,669,8/27/2024 0:10,8/27/2024,waypoint,Zaragoza,,0,670,8/27/2024 0:11,8/27/2024,sleep,Zaragoza,0,not_sleep,
670,670,8/27/2024 0:11,8/27/2024,sleep,Zaragoza,camping,1,671,8/28/2024 0:00,8/28/2024,waypoint,Zaragoza,1,match,
671,671,8/28/2024 0:00,8/28/2024,waypoint,Zaragoza,,0,672,8/28/2024 0:01,8/28/2024,waypoint,Zaragoza outskirts,0,not_sleep,
672,672,8/28/2024 0:01,8/28/2024,waypoint,Zaragoza outskirts,,0,673,8/28/2024 0:02,8/28/2024,waypoint,Madrid Legazpi,0,not_sleep,
673,673,8/28/2024 0:02,8/28/2024,waypoint,Madrid Legazpi,,0,674,8/28/2024 0:04,8/28/2024,sleep,Madrid OK Hostel,0,not_sleep,
674,674,8/28/2024 0:04,8/28/2024,sleep,Madrid OK Hostel,hostel,1,675,8/29/2024 0:00,8/29/2024,waypoint,Madrid Airport,1,match,
675,675,8/29/2024 0:00,8/29/2024,waypoint,Madrid Airport,,0,676,8/29/2024 0:01,8/29/2024,waypoint,Bogota airport,0,not_sleep,
676,676,8/29/2024 0:01,8/29/2024,waypoint,Bogota airport,,0,677,8/29/2024 0:04,8/29/2024,waypoint,Bogota,0,not_sleep,
677,677,8/29/2024 0:04,8/29/2024,waypoint,Bogota,,0,678,8/29/2024 0:05,8/29/2024,sleep,Bogota,0,not_sleep,
678,678,8/29/2024 0:05,8/29/2024,sleep,Bogota,house,1,679,8/30/2024 0:00,8/30/2024,waypoint,Bogota Portal Norte,1,match,
679,679,8/30/2024 0:00,8/30/2024,waypoint,Bogota Portal Norte,,0,680,8/30/2024 0:00,8/30/2024,waypoint,Bogota Portal Norte,0,not_sleep,
680,680,8/30/2024 0:00,8/30/2024,waypoint,Bogota Portal Norte,,0,681,8/30/2024 0:01,8/30/2024,waypoint,Bogota outskirts,0,not_sleep,
681,681,8/30/2024 0:01,8/30/2024,waypoint,Bogota outskirts,,0,682,8/30/2024 0:02,8/30/2024,waypoint,Bogota outskirts,0,not_sleep,
682,682,8/30/2024 0:02,8/30/2024,waypoint,Bogota outskirts,,0,683,8/30/2024 0:04,8/30/2024,waypoint,Bogota outskirts,0,not_sleep,
683,683,8/30/2024 0:04,8/30/2024,waypoint,Bogota outskirts,,0,684,8/30/2024 0:05,8/30/2024,sleep,Bogota outskirts,0,not_sleep,
684,684,8/30/2024 0:05,8/30/2024,sleep,Bogota outskirts,camping,1,685,8/30/2024 0:06,8/30/2024,waypoint,Bogota bus terminal,0,mismatch,-1
685,685,8/30/2024 0:06,8/30/2024,waypoint,Bogota bus terminal,,0,686,8/30/2024 0:07,8/30/2024,waypoint,Ruta 90,0,not_sleep,
686,686,8/30/2024 0:07,8/30/2024,waypoint,Ruta 90,,0,687,8/31/2024 0:00,8/31/2024,sleep,Costeno Beach Hostel,1,not_sleep,
687,687,8/31/2024 0:00,8/31/2024,sleep,Costeno Beach Hostel,volunteering,14,688,9/15/2024 0:00,9/15/2024,waypoint,Ruta 90,15,mismatch,1
688,688,9/15/2024 0:00,9/15/2024,waypoint,Ruta 90,,0,689,9/15/2024 0:01,9/15/2024,waypoint,Tayrona,0,not_sleep,
689,689,9/15/2024 0:01,9/15/2024,waypoint,Tayrona,,0,690,9/15/2024 0:02,9/15/2024,waypoint,Santa Marta ourskirts,0,not_sleep,
690,690,9/15/2024 0:02,9/15/2024,waypoint,Santa Marta ourskirts,,0,691,9/15/2024 0:03,9/15/2024,waypoint,Yucal,0,not_sleep,
691,691,9/15/2024 0:03,9/15/2024,waypoint,Yucal,,0,692,9/15/2024 0:04,9/15/2024,waypoint,Minca,0,not_sleep,
692,692,9/15/2024 0:04,9/15/2024,waypoint,Minca,,0,693,9/15/2024 0:06,9/15/2024,sleep,Minca,0,not_sleep,
693,693,9/15/2024 0:06,9/15/2024,sleep,Minca,camping,1,694,9/16/2024 0:00,9/16/2024,sleep,Eco Point Hostel,1,match,
694,694,9/16/2024 0:00,9/16/2024,sleep,Eco Point Hostel,hostel,2,695,9/18/2024 0:00,9/18/2024,waypoint,Way to Cerro Kennedy,2,match,
695,695,9/18/2024 0:00,9/18/2024,waypoint,Way to Cerro Kennedy,,0,696,9/18/2024 0:01,9/18/2024,waypoint,El Campano,0,not_sleep,
696,696,9/18/2024 0:01,9/18/2024,waypoint,El Campano,,0,697,9/18/2024 0:03,9/18/2024,waypoint,Tagua,0,not_sleep,
697,697,9/18/2024 0:03,9/18/2024,waypoint,Tagua,,0,698,9/18/2024 0:05,9/18/2024,sleep,Collegio,0,not_sleep,
698,698,9/18/2024 0:05,9/18/2024,sleep,Collegio,camping,1,699,9/19/2024 0:00,9/19/2024,sleep,Cerro Kennedy,1,match,
699,699,9/19/2024 0:00,9/19/2024,sleep,Cerro Kennedy,camping,1,700,9/20/2024 0:00,9/20/2024,sleep,Way to Cerro Kennedy,1,match,
700,700,9/20/2024 0:00,9/20/2024,sleep,Way to Cerro Kennedy,camping,1,701,9/21/2024 0:00,9/21/2024,waypoint,Tagua,1,match,
701,701,9/21/2024 0:00,9/21/2024,waypoint,Tagua,,0,702,9/21/2024 0:01,9/21/2024,waypoint,Minca,0,not_sleep,
702,702,9/21/2024 0:01,9/21/2024,waypoint,Minca,,0,703,9/21/2024 0:03,9/21/2024,waypoint,Santa Marta,0,not_sleep,
703,703,9/21/2024 0:03,9/21/2024,waypoint,Santa Marta,,0,704,9/21/2024 0:06,9/21/2024,sleep,Believer Hostal,0,not_sleep,
704,704,9/21/2024 0:06,9/21/2024,sleep,Believer Hostal,hostel,2,705,9/23/2024 0:00,9/23/2024,waypoint,Santa Marta,2,match,
705,705,9/23/2024 0:00,9/23/2024,waypoint,Santa Marta,,0,706,9/23/2024 0:01,9/23/2024,waypoint,Santa Marta outskirts,0,not_sleep,
706,706,9/23/2024 0:01,9/23/2024,waypoint,Santa Marta outskirts,,0,707,9/23/2024 0:03,9/23/2024,waypoint,Cienaga,0,not_sleep,
707,707,9/23/2024 0:03,9/23/2024,waypoint,Cienaga,,0,708,9/23/2024 0:05,9/23/2024,waypoint,Barranquilla outskirts,0,not_sleep,
708,708,9/23/2024 0:05,9/23/2024,waypoint,Barranquilla outskirts,,0,709,9/23/2024 0:06,9/23/2024,sleep,Barranquilla Couchsurfing,0,not_sleep,
709,709,9/23/2024 0:06,9/23/2024,sleep,Barranquilla Couchsurfing,couchsurfing,2,710,9/25/2024 0:00,9/25/2024,waypoint,Barranquilla,2,match,
710,710,9/25/2024 0:00,9/25/2024,waypoint,Barranquilla,,0,711,9/25/2024 0:01,9/25/2024,waypoint,Barranquilla outskirts,0,not_sleep,
711,711,9/25/2024 0:01,9/25/2024,waypoint,Barranquilla outskirts,,0,712,9/25/2024 0:03,9/25/2024,waypoint,Cienaga,0,not_sleep,
712,712,9/25/2024 0:03,9/25/2024,waypoint,Cienaga,,0,713,9/25/2024 0:05,9/25/2024,waypoint,Santa Marta ourkirts,0,not_sleep,
713,713,9/25/2024 0:05,9/25/2024,waypoint,Santa Marta ourkirts,,0,714,9/25/2024 0:06,9/25/2024,sleep,Santa Marta,0,not_sleep,
714,714,9/25/2024 0:06,9/25/2024,sleep,Santa Marta,airbnb,1,715,9/26/2024 0:00,9/26/2024,waypoint,Barrio 11 Noviembre,1,match,
715,715,9/26/2024 0:00,9/26/2024,waypoint,Barrio 11 Noviembre,,0,716,9/26/2024 0:01,9/26/2024,waypoint,Paso de Mango,0,not_sleep,
716,716,9/26/2024 0:01,9/26/2024,waypoint,Paso de Mango,,0,717,9/26/2024 0:04,9/26/2024,sleep,Caoba Farm,0,not_sleep,
717,717,9/26/2024 0:04,9/26/2024,sleep,Caoba Farm,camping,1,718,9/27/2024 0:00,9/27/2024,sleep,Jungle,1,match,
718,718,9/27/2024 0:00,9/27/2024,sleep,Jungle,camping,2,719,9/29/2024 0:00,9/29/2024,waypoint,Bonda,2,match,
719,719,9/29/2024 0:00,9/29/2024,waypoint,Bonda,,0,720,9/29/2024 0:01,9/29/2024,waypoint,Barrio 11 Noviembre,0,not_sleep,
720,720,9/29/2024 0:01,9/29/2024,waypoint,Barrio 11 Noviembre,,0,721,9/29/2024 0:04,9/29/2024,sleep,Believer Hostel,0,not_sleep,
721,721,9/29/2024 0:04,9/29/2024,sleep,Believer Hostel,hostel,1,722,9/30/2024 0:00,9/30/2024,waypoint,Ruta 90,1,match,
722,722,9/30/2024 0:00,9/30/2024,waypoint,Ruta 90,,0,723,9/30/2024 0:01,9/30/2024,sleep,Beach next to Costeno,0,not_sleep,
723,723,9/30/2024 0:01,9/30/2024,sleep,Beach next to Costeno,camping,2,724,10/2/2024 0:00,10/2/2024,waypoint,Ruta 90,2,match,
724,724,10/2/2024 0:00,10/2/2024,waypoint,Ruta 90,,0,725,10/2/2024 0:01,10/2/2024,waypoint,Mingueo,0,not_sleep,
725,725,10/2/2024 0:01,10/2/2024,waypoint,Mingueo,,0,726,10/2/2024 0:02,10/2/2024,sleep,Mingueo,0,not_sleep,
726,726,10/2/2024 0:02,10/2/2024,sleep,Mingueo,camping,1,728,10/3/2024 0:00,10/3/2024,waypoint,Mingueo,1,match,
727,728,10/3/2024 0:00,10/3/2024,waypoint,Mingueo,,0,727,10/3/2024 0:01,10/3/2024,waypoint,Maicao,0,not_sleep,
728,727,10/3/2024 0:01,10/3/2024,waypoint,Maicao,,0,729,10/3/2024 0:03,10/3/2024,sleep,Maicao outskirts,0,not_sleep,
729,729,10/3/2024 0:03,10/3/2024,sleep,Maicao outskirts,camping,1,730,10/4/2024 0:00,10/4/2024,waypoint,Police checkpoint,1,match,
730,730,10/4/2024 0:00,10/4/2024,waypoint,Police checkpoint,,0,731,10/4/2024 0:01,10/4/2024,waypoint,San Juan de Cesar,0,not_sleep,
731,731,10/4/2024 0:01,10/4/2024,waypoint,San Juan de Cesar,,0,732,10/4/2024 0:03,10/4/2024,waypoint,San Juan de Cesar,0,not_sleep,
732,732,10/4/2024 0:03,10/4/2024,waypoint,San Juan de Cesar,,0,733,10/4/2024 0:05,10/4/2024,waypoint,Valledupar,0,not_sleep,
733,733,10/4/2024 0:05,10/4/2024,waypoint,Valledupar,,0,734,10/4/2024 0:06,10/4/2024,sleep,Valledupar rio,0,not_sleep,
734,734,10/4/2024 0:06,10/4/2024,sleep,Valledupar rio,camping,3,735,10/7/2024 0:00,10/7/2024,sleep,Valledupar outskirts,3,match,
735,735,10/7/2024 0:00,10/7/2024,sleep,Valledupar outskirts,camping,1,736,10/8/2024 0:00,10/8/2024,sleep,Valledupar parque de la vida,1,match,
736,736,10/8/2024 0:00,10/8/2024,sleep,Valledupar parque de la vida,camping,1,737,10/9/2024 0:00,10/9/2024,waypoint,Valledupar,1,match,
737,737,10/9/2024 0:00,10/9/2024,waypoint,Valledupar,,0,738,10/9/2024 0:01,10/9/2024,waypoint,Valledupar outskirts,0,not_sleep,
738,738,10/9/2024 0:01,10/9/2024,waypoint,Valledupar outskirts,,0,739,10/9/2024 0:04,10/9/2024,waypoint,La paz,0,not_sleep,
739,739,10/9/2024 0:04,10/9/2024,waypoint,La paz,,0,740,10/9/2024 0:06,10/9/2024,sleep,"La paz, rio",0,not_sleep,
740,740,10/9/2024 0:06,10/9/2024,sleep,"La paz, rio",camping,1,741,10/10/2024 0:00,10/10/2024,waypoint,Manaure,1,match,
741,741,10/10/2024 0:00,10/10/2024,waypoint,Manaure,,0,742,10/10/2024 0:01,10/10/2024,sleep,Manaure,0,not_sleep,
742,742,10/10/2024 0:01,10/10/2024,sleep,Manaure,camping,1,743,10/11/2024 0:00,10/11/2024,sleep,Pozo Azul,1,match,
743,743,10/11/2024 0:00,10/11/2024,sleep,Pozo Azul,camping,1,744,10/12/2024 0:00,10/12/2024,sleep,Manaure,1,match,
744,744,10/12/2024 0:00,10/12/2024,sleep,Manaure,camping,2,745,10/14/2024 0:00,10/14/2024,waypoint,Manaure ,2,match,
745,745,10/14/2024 0:00,10/14/2024,waypoint,Manaure ,,0,746,10/14/2024 0:01,10/14/2024,waypoint,La Paz,0,not_sleep,
746,746,10/14/2024 0:01,10/14/2024,waypoint,La Paz,,0,747,10/14/2024 0:02,10/14/2024,sleep,La Paz,0,not_sleep,
747,747,10/14/2024 0:02,10/14/2024,sleep,La Paz,camping,1,748,10/15/2024 0:00,10/15/2024,waypoint,Urumita,1,match,
748,748,10/15/2024 0:00,10/15/2024,waypoint,Urumita,,0,749,10/15/2024 0:01,10/15/2024,waypoint,El Molino,0,not_sleep,
749,749,10/15/2024 0:01,10/15/2024,waypoint,El Molino,,0,750,10/15/2024 0:03,10/15/2024,waypoint,Barrancas,0,not_sleep,
750,750,10/15/2024 0:03,10/15/2024,waypoint,Barrancas,,0,751,10/15/2024 0:05,10/15/2024,waypoint,Papayal,0,not_sleep,
751,751,10/15/2024 0:05,10/15/2024,waypoint,Papayal,,0,752,10/15/2024 0:06,10/15/2024,sleep,Hatonuevo,0,not_sleep,
752,752,10/15/2024 0:06,10/15/2024,sleep,Hatonuevo,house,1,753,10/16/2024 0:00,10/16/2024,sleep,Maicao,1,match,
753,753,10/16/2024 0:00,10/16/2024,sleep,Maicao,hostel,1,754,10/17/2024 0:00,10/17/2024,waypoint,Border Colombia - Venezuela,1,match,
754,754,10/17/2024 0:00,10/17/2024,waypoint,Border Colombia - Venezuela,,0,755,10/17/2024 0:01,10/17/2024,sleep,Police station - Venezuela,0,not_sleep,
755,755,10/17/2024 0:01,10/17/2024,sleep,Police station - Venezuela,camping,1,756,10/18/2024 0:00,10/18/2024,waypoint,Police station,1,match,
756,756,10/18/2024 0:00,10/18/2024,waypoint,Police station,,0,757,10/18/2024 0:01,10/18/2024,waypoint,Maracaibo,0,not_sleep,
757,757,10/18/2024 0:01,10/18/2024,waypoint,Maracaibo,,0,758,10/18/2024 0:03,10/18/2024,sleep,Maracaibo,0,not_sleep,
758,758,10/18/2024 0:03,10/18/2024,sleep,Maracaibo,hostel,1,759,10/19/2024 0:00,10/19/2024,waypoint,Agua Viva,1,match,
759,759,10/19/2024 0:00,10/19/2024,waypoint,Agua Viva,,0,760,10/19/2024 0:01,10/19/2024,sleep,Agua Viva,0,not_sleep,
760,760,10/19/2024 0:01,10/19/2024,sleep,Agua Viva,camping,1,761,10/20/2024 0:00,10/20/2024,waypoint,Small town in Paramo,1,match,
761,761,10/20/2024 0:00,10/20/2024,waypoint,Small town in Paramo,,0,762,10/20/2024 0:02,10/20/2024,waypoint,Timotes,0,not_sleep,
762,762,10/20/2024 0:02,10/20/2024,waypoint,Timotes,,0,763,10/20/2024 0:04,10/20/2024,sleep,Timotes,0,not_sleep,
763,763,10/20/2024 0:04,10/20/2024,sleep,Timotes,camping,1,764,10/21/2024 0:00,10/21/2024,sleep,Timotes - Leidas house,1,match,
764,764,10/21/2024 0:00,10/21/2024,sleep,Timotes - Leidas house,camping,2,765,10/23/2024 0:00,10/23/2024,waypoint,Timotes,2,match,
765,765,10/23/2024 0:00,10/23/2024,waypoint,Timotes,,0,766,10/23/2024 0:01,10/23/2024,waypoint,Apartaderos,0,not_sleep,
766,766,10/23/2024 0:01,10/23/2024,waypoint,Apartaderos,,0,767,10/23/2024 0:03,10/23/2024,waypoint,Muchuchies,0,not_sleep,
767,767,10/23/2024 0:03,10/23/2024,waypoint,Muchuchies,,0,768,10/23/2024 0:05,10/23/2024,sleep,Mucuchies,0,not_sleep,
768,768,10/23/2024 0:05,10/23/2024,sleep,Mucuchies,camping,2,769,10/25/2024 0:00,10/25/2024,waypoint,Mucuchies,2,match,
769,769,10/25/2024 0:00,10/25/2024,waypoint,Mucuchies,,0,770,10/25/2024 0:01,10/25/2024,waypoint,Tabay,0,not_sleep,
770,770,10/25/2024 0:01,10/25/2024,waypoint,Tabay,,0,771,10/25/2024 0:03,10/25/2024,waypoint,Finca Mucuy de Tabay,0,not_sleep,
771,771,10/25/2024 0:03,10/25/2024,waypoint,Finca Mucuy de Tabay,,0,772,10/27/2024 0:00,10/27/2024,sleep,Merida - Luis house,2,not_sleep,
772,772,10/27/2024 0:00,10/27/2024,sleep,Merida - Luis house,couchsurfing,5,773,11/2/2024 0:00,11/2/2024,waypoint,La Culata,6,mismatch,1
773,773,11/2/2024 0:00,11/2/2024,waypoint,La Culata,,0,774,11/2/2024 0:01,11/2/2024,sleep,First Refugio,0,not_sleep,
774,774,11/2/2024 0:01,11/2/2024,sleep,First Refugio,camping,1,775,11/3/2024 0:00,11/3/2024,sleep,Cascada El duende,1,match,
775,775,11/3/2024 0:00,11/3/2024,sleep,Cascada El duende,camping,1,776,11/4/2024 0:00,11/4/2024,sleep,La Carbonera,1,match,
776,776,11/4/2024 0:00,11/4/2024,sleep,La Carbonera,camping,1,777,11/5/2024 0:00,11/5/2024,waypoint,Aguas termales Musuy,1,match,
777,777,11/5/2024 0:00,11/5/2024,waypoint,Aguas termales Musuy,,0,778,11/6/2024 0:00,11/6/2024,waypoint,Entrance hot springs,1,not_sleep,
778,778,11/6/2024 0:00,11/6/2024,waypoint,Entrance hot springs,,0,779,11/6/2024 0:01,11/6/2024,waypoint,Merida,0,not_sleep,
779,779,11/6/2024 0:01,11/6/2024,waypoint,Merida,,0,780,11/6/2024 0:02,11/6/2024,sleep,Merida - Luis house,0,not_sleep,
780,780,11/6/2024 0:02,11/6/2024,sleep,Merida - Luis house,couchsurfing,8,781,11/14/2024 0:00,11/14/2024,waypoint,Merida la vuelta,8,match,
781,781,11/14/2024 0:00,11/14/2024,waypoint,Merida la vuelta,,0,782,11/14/2024 0:01,11/14/2024,waypoint,Tabay,0,not_sleep,
782,782,11/14/2024 0:01,11/14/2024,waypoint,Tabay,,0,783,11/14/2024 0:02,11/14/2024,sleep,Parque Alberto Carnevalli,0,not_sleep,
783,783,11/14/2024 0:02,11/14/2024,sleep,Parque Alberto Carnevalli,camping,1,784,11/15/2024 0:00,11/15/2024,waypoint,Mucuchies,1,match,
784,784,11/15/2024 0:00,11/15/2024,waypoint,Mucuchies,,0,785,11/15/2024 0:01,11/15/2024,waypoint,Way to agua termales,0,not_sleep,
785,785,11/15/2024 0:01,11/15/2024,waypoint,Way to agua termales,,0,786,11/15/2024 0:03,11/15/2024,waypoint,Aguas termales entrance,0,not_sleep,
786,786,11/15/2024 0:03,11/15/2024,waypoint,Aguas termales entrance,,0,787,11/15/2024 0:04,11/15/2024,sleep,Aguas termales,0,not_sleep,
787,787,11/15/2024 0:04,11/15/2024,sleep,Aguas termales,camping,1,788,11/16/2024 0:00,11/16/2024,waypoint,Aguas termales entrance,1,match,
788,788,11/16/2024 0:00,11/16/2024,waypoint,Aguas termales entrance,,0,789,11/16/2024 0:01,11/16/2024,waypoint,Via to Mucuchies,0,not_sleep,
789,789,11/16/2024 0:01,11/16/2024,waypoint,Via to Mucuchies,,0,790,11/16/2024 0:04,11/16/2024,waypoint,Mucuchies,0,not_sleep,
790,790,11/16/2024 0:04,11/16/2024,waypoint,Mucuchies,,0,791,11/16/2024 0:06,11/16/2024,waypoint,Santo Domingo,0,not_sleep,
791,791,11/16/2024 0:06,11/16/2024,waypoint,Santo Domingo,,0,792,11/16/2024 0:07,11/16/2024,sleep,Santo Domingo El Cerrito,0,not_sleep,
792,792,11/16/2024 0:07,11/16/2024,sleep,Santo Domingo El Cerrito,camping,2,793,11/18/2024 0:00,11/18/2024,waypoint,Santp Domingo,2,match,
793,793,11/18/2024 0:00,11/18/2024,waypoint,Santp Domingo,,0,794,11/18/2024 0:00,11/18/2024,waypoint,Maracay,0,not_sleep,
794,794,11/18/2024 0:00,11/18/2024,waypoint,Maracay,,0,795,11/18/2024 0:04,11/18/2024,sleep,Maracay Bomberos,0,not_sleep,
795,795,11/18/2024 0:04,11/18/2024,sleep,Maracay Bomberos,house,1,796,11/19/2024 0:00,11/19/2024,waypoint,Choroni,1,match,
796,796,11/19/2024 0:00,11/19/2024,waypoint,Choroni,,0,797,11/19/2024 0:02,11/19/2024,sleep,Choroni - Tipire,0,not_sleep,
797,797,11/19/2024 0:02,11/19/2024,sleep,Choroni - Tipire,camping,8,798,11/27/2024 0:00,11/27/2024,waypoint,Choroni,8,match,
798,798,11/27/2024 0:00,11/27/2024,waypoint,Choroni,,0,799,11/27/2024 0:01,11/27/2024,sleep,Choroni - Rio,0,not_sleep,
799,799,11/27/2024 0:01,11/27/2024,sleep,Choroni - Rio,camping,1,800,11/28/2024 0:00,11/28/2024,waypoint,Choroni,1,match,
800,800,11/28/2024 0:00,11/28/2024,waypoint,Choroni,,0,801,11/28/2024 0:01,11/28/2024,sleep,Choroni - Tipire,0,not_sleep,
801,801,11/28/2024 0:01,11/28/2024,sleep,Choroni - Tipire,camping,2,802,11/30/2024 0:00,11/30/2024,sleep,Cuyagua,2,match,
802,802,11/30/2024 0:00,11/30/2024,sleep,Cuyagua,camping,10,803,12/10/2024 0:00,12/10/2024,waypoint,Maracay Terminal,10,match,
803,803,12/10/2024 0:00,12/10/2024,waypoint,Maracay Terminal,,0,804,12/10/2024 0:01,12/10/2024,waypoint,Valencia Terminal,0,not_sleep,
804,804,12/10/2024 0:01,12/10/2024,waypoint,Valencia Terminal,,0,805,12/10/2024 0:03,12/10/2024,sleep,Valencia,0,not_sleep,
805,805,12/10/2024 0:03,12/10/2024,sleep,Valencia,couchsurfing,3,806,12/13/2024 0:00,12/13/2024,waypoint,Valencia Terminal,3,match,
806,806,12/13/2024 0:00,12/13/2024,waypoint,Valencia Terminal,,0,807,12/13/2024 0:01,12/13/2024,waypoint,Maracay Terminal,0,not_sleep,
807,807,12/13/2024 0:01,12/13/2024,waypoint,Maracay Terminal,,0,808,12/13/2024 0:03,12/13/2024,sleep,Maracay Hotel Las Americas,0,not_sleep,
808,808,12/13/2024 0:03,12/13/2024,sleep,Maracay Hotel Las Americas,hostel,2,809,12/15/2024 0:00,12/15/2024,waypoint,Maracay,2,match,
809,809,12/15/2024 0:00,12/15/2024,waypoint,Maracay,,0,810,12/15/2024 0:02,12/15/2024,waypoint,Las Tejeras,0,not_sleep,
810,810,12/15/2024 0:02,12/15/2024,waypoint,Las Tejeras,,0,816,12/15/2024 0:02,12/15/2024,waypoint,La Victoria Center,0,not_sleep,
811,816,12/15/2024 0:02,12/15/2024,waypoint,La Victoria Center,,0,811,12/15/2024 0:03,12/15/2024,sleep,La Victoria,0,not_sleep,
812,811,12/15/2024 0:03,12/15/2024,sleep,La Victoria,camping,1,812,12/16/2024 0:00,12/16/2024,sleep,La Victoria,1,match,
813,812,12/16/2024 0:00,12/16/2024,sleep,La Victoria,hostel,1,813,12/17/2024 0:00,12/17/2024,waypoint,La Victoria,1,match,
814,813,12/17/2024 0:00,12/17/2024,waypoint,La Victoria,,0,814,12/17/2024 0:01,12/17/2024,waypoint,Caracas,0,not_sleep,
815,814,12/17/2024 0:01,12/17/2024,waypoint,Caracas,,0,815,12/17/2024 0:03,12/17/2024,sleep,Caracas,0,not_sleep,
816,815,12/17/2024 0:03,12/17/2024,sleep,Caracas,house,7,817,12/24/2024 0:00,12/24/2024,waypoint,Caracas Airport,7,match,
817,817,12/24/2024 0:00,12/24/2024,waypoint,Caracas Airport,,0,818,12/24/2024 0:01,12/24/2024,waypoint,Medellin Airport,0,not_sleep,
818,818,12/24/2024 0:01,12/24/2024,waypoint,Medellin Airport,,0,819,12/24/2024 10:04,12/24/2024,sleep,Medellin Aeropuerto,0,not_sleep,
819,819,12/24/2024 10:04,12/24/2024,sleep,Medellin Aeropuerto,camping,1,820,12/25/2024 0:00,12/25/2024,waypoint,Medellin airport,1,match,
820,820,12/25/2024 0:00,12/25/2024,waypoint,Medellin airport,,0,821,12/25/2024 0:01,12/25/2024,waypoint,Bogota airport,0,not_sleep,
821,821,12/25/2024 0:01,12/25/2024,waypoint,Bogota airport,,0,822,12/25/2024 0:03,12/25/2024,waypoint,Bogota,0,not_sleep,
822,822,12/25/2024 0:03,12/25/2024,waypoint,Bogota,,0,823,12/25/2024 0:05,12/25/2024,sleep,Bogota Santiagos apartment,0,not_sleep,
823,823,12/25/2024 0:05,12/25/2024,sleep,Bogota Santiagos apartment,couchsurfing,4,824,12/29/2024 0:00,12/29/2024,sleep,Jorges Apartment,4,match,
824,824,12/29/2024 0:00,12/29/2024,sleep,Jorges Apartment,house,1,825,12/30/2024 0:00,12/30/2024,sleep,Gun Glub Hotel,1,match,
825,825,12/30/2024 0:00,12/30/2024,sleep,Gun Glub Hotel,hostel,3,826,1/2/2025 0:00,1/2/2025,waypoint,Bogota airport,3,match,
826,826,1/2/2025 0:00,1/2/2025,waypoint,Bogota airport,,0,827,1/2/2025 0:01,1/2/2025,waypoint,Leticia airport,0,not_sleep,
827,827,1/2/2025 0:01,1/2/2025,waypoint,Leticia airport,,0,828,1/2/2025 0:03,1/2/2025,sleep,Tambo Hostel,0,not_sleep,
828,828,1/2/2025 0:03,1/2/2025,sleep,Tambo Hostel,hostel,1,829,1/3/2025 0:00,1/3/2025,sleep,Apartment of Thiago,1,match,
829,829,1/3/2025 0:00,1/3/2025,sleep,Apartment of Thiago,house,1,830,1/4/2025 0:00,1/4/2025,waypoint,Tabatinga port,1,match,
830,830,1/4/2025 0:00,1/4/2025,waypoint,Tabatinga port,,0,831,1/4/2025 0:01,1/4/2025,sleep,Amazonas Ferry,0,not_sleep,
831,831,1/4/2025 0:01,1/4/2025,sleep,Amazonas Ferry,boat,1,832,1/5/2025 0:00,1/5/2025,sleep,Amazon Ferry,1,match,
832,832,1/5/2025 0:00,1/5/2025,sleep,Amazon Ferry,boat,1,833,1/6/2025 0:00,1/6/2025,sleep,Amazon Ferry,1,match,
833,833,1/6/2025 0:00,1/6/2025,sleep,Amazon Ferry,boat,1,834,1/7/2025 0:00,1/7/2025,sleep,Amazon Ferry,1,match,
834,834,1/7/2025 0:00,1/7/2025,sleep,Amazon Ferry,boat,1,835,1/8/2025 0:00,1/8/2025,waypoint,Manaus port,1,match,
835,835,1/8/2025 0:00,1/8/2025,waypoint,Manaus port,,0,836,1/8/2025 0:01,1/8/2025,sleep,Ponta Negra Airbnb,0,not_sleep,
836,836,1/8/2025 0:01,1/8/2025,sleep,Ponta Negra Airbnb,airbnb,6,837,1/14/2025 0:00,1/14/2025,waypoint,Manaus port,6,match,
837,837,1/14/2025 0:00,1/14/2025,waypoint,Manaus port,,0,838,1/14/2025 0:01,1/14/2025,sleep,Madeira Ferry,0,not_sleep,
838,838,1/14/2025 0:01,1/14/2025,sleep,Madeira Ferry,boat,1,839,1/15/2025 0:00,1/15/2025,sleep,Madeira Ferry,1,match,
839,839,1/15/2025 0:00,1/15/2025,sleep,Madeira Ferry,boat,1,840,1/16/2025 0:00,1/16/2025,sleep,Madeira Ferry,1,match,
840,840,1/16/2025 0:00,1/16/2025,sleep,Madeira Ferry,boat,1,841,1/17/2025 0:00,1/17/2025,sleep,Madeira Ferry,1,match,
841,841,1/17/2025 0:00,1/17/2025,sleep,Madeira Ferry,boat,1,842,1/18/2025 0:00,1/18/2025,sleep,Madeira Ferry,1,match,
842,842,1/18/2025 0:00,1/18/2025,sleep,Madeira Ferry,boat,1,843,1/19/2025 0:00,1/19/2025,sleep,Madeira Ferry,1,match,
843,843,1/19/2025 0:00,1/19/2025,sleep,Madeira Ferry,boat,1,844,1/20/2025 0:00,1/20/2025,sleep,Port Porto Velho,1,match,
844,844,1/20/2025 0:00,1/20/2025,sleep,Port Porto Velho,boat,1,845,1/21/2025 0:00,1/21/2025,waypoint,Porto Velho port,1,match,
845,845,1/21/2025 0:00,1/21/2025,waypoint,Porto Velho port,,0,846,1/21/2025 0:01,1/21/2025,waypoint,Porto Velho,0,not_sleep,
846,846,1/21/2025 0:01,1/21/2025,waypoint,Porto Velho,,0,847,1/21/2025 0:03,1/21/2025,waypoint,Restaurant da Pedra,0,not_sleep,
847,847,1/21/2025 0:03,1/21/2025,waypoint,Restaurant da Pedra,,0,848,1/21/2025 0:04,1/21/2025,sleep,Restaurante Pedra,0,not_sleep,
848,848,1/21/2025 0:04,1/21/2025,sleep,Restaurante Pedra,camping,1,849,1/22/2025 0:00,1/22/2025,waypoint,Intersection to Bolivia,1,match,
849,849,1/22/2025 0:00,1/22/2025,waypoint,Intersection to Bolivia,,0,850,1/22/2025 0:02,1/22/2025,waypoint,Extrema,0,not_sleep,
850,850,1/22/2025 0:02,1/22/2025,waypoint,Extrema,,0,851,1/22/2025 0:04,1/22/2025,sleep,Extrema gas station,0,not_sleep,
851,851,1/22/2025 0:04,1/22/2025,sleep,Extrema gas station,camping,1,853,1/23/2025 0:00,1/23/2025,waypoint,Extrema gas station,1,match,
852,853,1/23/2025 0:00,1/23/2025,waypoint,Extrema gas station,,0,852,1/23/2025 0:01,1/23/2025,waypoint,Intersection to Bolivia,0,not_sleep,
853,852,1/23/2025 0:01,1/23/2025,waypoint,Intersection to Bolivia,,0,854,1/23/2025 0:02,1/23/2025,waypoint,Vista Alegre de Abuna,0,not_sleep,
854,854,1/23/2025 0:02,1/23/2025,waypoint,Vista Alegre de Abuna,,0,855,1/23/2025 0:05,1/23/2025,sleep,Vista Alegre do Abuna,0,not_sleep,
855,855,1/23/2025 0:05,1/23/2025,sleep,Vista Alegre do Abuna,camping,2,856,1/25/2025 0:00,1/25/2025,waypoint,Brasileia,2,match,
856,856,1/25/2025 0:00,1/25/2025,waypoint,Brasileia,,0,857,1/25/2025 0:02,1/25/2025,sleep,Brasileia,0,not_sleep,
857,857,1/25/2025 0:02,1/25/2025,sleep,Brasileia,camping,1,858,1/26/2025 0:00,1/26/2025,waypoint,Restaurante km 75,1,match,
858,858,1/26/2025 0:00,1/26/2025,waypoint,Restaurante km 75,,0,859,1/26/2025 0:02,1/26/2025,waypoint,Another restaurant,0,not_sleep,
859,859,1/26/2025 0:02,1/26/2025,waypoint,Another restaurant,,0,860,1/26/2025 0:04,1/26/2025,waypoint,In the middle of nowhere,0,not_sleep,
860,860,1/26/2025 0:04,1/26/2025,waypoint,In the middle of nowhere,,0,861,1/26/2025 0:06,1/26/2025,waypoint,In the middle of nowhere 2.0,0,not_sleep,
861,861,1/26/2025 0:06,1/26/2025,waypoint,In the middle of nowhere 2.0,,0,862,1/26/2025 0:07,1/26/2025,waypoint,Assis Brasil,0,not_sleep,
862,862,1/26/2025 0:07,1/26/2025,waypoint,Assis Brasil,,0,863,1/26/2025 0:08,1/26/2025,sleep,Inapari,0,not_sleep,
863,863,1/26/2025 0:08,1/26/2025,sleep,Inapari,camping,1,864,1/27/2025 0:00,1/27/2025,waypoint,Iberia,1,match,
864,864,1/27/2025 0:00,1/27/2025,waypoint,Iberia,,0,865,1/27/2025 0:01,1/27/2025,waypoint,Alerta,0,not_sleep,
865,865,1/27/2025 0:01,1/27/2025,waypoint,Alerta,,0,866,1/27/2025 0:04,1/27/2025,waypoint,Puerto Maldonado,0,not_sleep,
866,866,1/27/2025 0:04,1/27/2025,waypoint,Puerto Maldonado,,0,867,1/27/2025 0:05,1/27/2025,waypoint,Puerto Maldonado,0,not_sleep,
867,867,1/27/2025 0:05,1/27/2025,waypoint,Puerto Maldonado,,0,868,1/27/2025 0:07,1/27/2025,waypoint,Mazuko,0,not_sleep,
868,868,1/27/2025 0:07,1/27/2025,waypoint,Mazuko,,0,869,1/27/2025 0:09,1/27/2025,sleep,Mazuko,0,not_sleep,
869,869,1/27/2025 0:09,1/27/2025,sleep,Mazuko,camping,1,870,1/28/2025 0:00,1/28/2025,waypoint,Mazuko,1,match,
870,870,1/28/2025 0:00,1/28/2025,waypoint,Mazuko,,0,871,1/28/2025 0:01,1/28/2025,waypoint,Saylla,0,not_sleep,
871,871,1/28/2025 0:01,1/28/2025,waypoint,Saylla,,0,872,1/28/2025 0:03,1/28/2025,sleep,Saylla,0,not_sleep,
872,872,1/28/2025 0:03,1/28/2025,sleep,Saylla,camping,1,873,1/29/2025 0:00,1/29/2025,waypoint,Cusco,1,match,
873,873,1/29/2025 0:00,1/29/2025,waypoint,Cusco,,0,875,1/29/2025 0:02,1/29/2025,waypoint,Cusco center,0,not_sleep,
874,875,1/29/2025 0:02,1/29/2025,waypoint,Cusco center,,0,874,1/29/2025 0:03,1/29/2025,sleep,Bosque de Quenqo,0,not_sleep,
875,874,1/29/2025 0:03,1/29/2025,sleep,Bosque de Quenqo,camping,1,876,1/30/2025 0:00,1/30/2025,waypoint,Cusco,1,match,
876,876,1/30/2025 0:00,1/30/2025,waypoint,Cusco,,0,877,1/30/2025 0:02,1/30/2025,sleep,Pieros apartment,0,not_sleep,
877,877,1/30/2025 0:02,1/30/2025,sleep,Pieros apartment,house,1,878,1/31/2025 0:00,1/31/2025,sleep,Magic Cusco Hostel,1,match,
878,878,1/31/2025 0:00,1/31/2025,sleep,Magic Cusco Hostel,hostel,1,879,2/1/2025 0:00,2/1/2025,sleep,Pisac,1,match,
879,879,2/1/2025 0:00,2/1/2025,sleep,Pisac,camping,2,880,2/3/2025 0:00,2/3/2025,sleep,Cuyo Chico,2,match,
880,880,2/3/2025 0:00,2/3/2025,sleep,Cuyo Chico,camping,1,881,2/4/2025 0:00,2/4/2025,sleep,Magic Cusco Hostel,1,match,
881,881,2/4/2025 0:00,2/4/2025,sleep,Magic Cusco Hostel,hostel,2,882,2/6/2025 0:00,2/6/2025,waypoint,Poroy,2,match,
882,882,2/6/2025 0:00,2/6/2025,waypoint,Poroy,,0,883,2/6/2025 0:01,2/6/2025,waypoint,Anta,0,not_sleep,
883,883,2/6/2025 0:01,2/6/2025,waypoint,Anta,,0,884,2/6/2025 0:03,2/6/2025,sleep,Anta,0,not_sleep,
884,884,2/6/2025 0:03,2/6/2025,sleep,Anta,camping,1,885,2/7/2025 0:00,2/7/2025,waypoint,Anta,1,match,
885,885,2/7/2025 0:00,2/7/2025,waypoint,Anta,,0,886,2/7/2025 0:01,2/7/2025,waypoint,Inquillpata,0,not_sleep,
886,886,2/7/2025 0:01,2/7/2025,waypoint,Inquillpata,,0,887,2/7/2025 0:03,2/7/2025,waypoint,Outside of Abancay,0,not_sleep,
887,887,2/7/2025 0:03,2/7/2025,waypoint,Outside of Abancay,,0,888,2/7/2025 0:04,2/7/2025,waypoint,Andahuaylas,0,not_sleep,
888,888,2/7/2025 0:04,2/7/2025,waypoint,Andahuaylas,,0,889,2/7/2025 0:05,2/7/2025,sleep,Andahuaylas Mirador,0,not_sleep,
889,889,2/7/2025 0:05,2/7/2025,sleep,Andahuaylas Mirador,camping,1,890,2/8/2025 0:00,2/8/2025,waypoint,Talavera,1,match,
890,890,2/8/2025 0:00,2/8/2025,waypoint,Talavera,,0,892,2/8/2025 0:02,2/8/2025,waypoint,Talavera,0,not_sleep,
891,892,2/8/2025 0:02,2/8/2025,waypoint,Talavera,,0,891,2/8/2025 0:03,2/8/2025,waypoint,Quinta curva,0,not_sleep,
892,891,2/8/2025 0:03,2/8/2025,waypoint,Quinta curva,,0,893,2/8/2025 0:05,2/8/2025,waypoint,Santa Maria de Chicmo,0,not_sleep,
893,893,2/8/2025 0:05,2/8/2025,waypoint,Santa Maria de Chicmo,,0,894,2/8/2025 0:06,2/8/2025,waypoint,Uripa,0,not_sleep,
894,894,2/8/2025 0:06,2/8/2025,waypoint,Uripa,,0,895,2/8/2025 0:07,2/8/2025,waypoint,Chincheros,0,not_sleep,
895,895,2/8/2025 0:07,2/8/2025,waypoint,Chincheros,,0,896,2/8/2025 0:08,2/8/2025,sleep,Chincheros Cascada,0,not_sleep,
896,896,2/8/2025 0:08,2/8/2025,sleep,Chincheros Cascada,camping,1,897,2/9/2025 0:00,2/9/2025,waypoint,Chincheros,1,match,
897,897,2/9/2025 0:00,2/9/2025,waypoint,Chincheros,,0,898,2/9/2025 0:01,2/9/2025,waypoint,Ahuayro,0,not_sleep,
898,898,2/9/2025 0:01,2/9/2025,waypoint,Ahuayro,,0,899,2/9/2025 0:02,2/9/2025,waypoint,Ahuayro police checkpoint,0,not_sleep,
899,899,2/9/2025 0:02,2/9/2025,waypoint,Ahuayro police checkpoint,,0,900,2/9/2025 0:04,2/9/2025,waypoint,Ayacucho center,0,not_sleep,
900,900,2/9/2025 0:04,2/9/2025,waypoint,Ayacucho center,,0,901,2/9/2025 0:05,2/9/2025,sleep,Joshues house,0,not_sleep,
901,901,2/9/2025 0:05,2/9/2025,sleep,Joshues house,house,1,902,2/10/2025 0:00,2/10/2025,sleep,Aguas termales de Colpa,1,match,
902,902,2/10/2025 0:00,2/10/2025,sleep,Aguas termales de Colpa,camping,1,903,2/11/2025 0:00,2/11/2025,waypoint,Muyurina,1,match,
903,903,2/11/2025 0:00,2/11/2025,waypoint,Muyurina,,0,904,2/11/2025 0:02,2/11/2025,waypoint,Outside of Ayacucho,0,not_sleep,
904,904,2/11/2025 0:02,2/11/2025,waypoint,Outside of Ayacucho,,0,905,2/11/2025 0:04,2/11/2025,waypoint,La vega,0,not_sleep,
905,905,2/11/2025 0:04,2/11/2025,waypoint,La vega,,0,906,2/11/2025 0:05,2/11/2025,waypoint,Huanta,0,not_sleep,
906,906,2/11/2025 0:05,2/11/2025,waypoint,Huanta,,0,907,2/11/2025 0:06,2/11/2025,waypoint,Azangaro,0,not_sleep,
907,907,2/11/2025 0:06,2/11/2025,waypoint,Azangaro,,0,908,2/11/2025 0:07,2/11/2025,waypoint,Mayocc,0,not_sleep,
908,908,2/11/2025 0:07,2/11/2025,waypoint,Mayocc,,0,909,2/11/2025 0:08,2/11/2025,waypoint,La Esmeralda,0,not_sleep,
909,909,2/11/2025 0:08,2/11/2025,waypoint,La Esmeralda,,0,910,2/11/2025 0:09,2/11/2025,sleep,Quichuas,0,not_sleep,
910,910,2/11/2025 0:09,2/11/2025,sleep,Quichuas,camping,1,911,2/12/2025 0:00,2/12/2025,waypoint,Huancayo,1,match,
911,911,2/12/2025 0:00,2/12/2025,waypoint,Huancayo,,0,912,2/12/2025 0:01,2/12/2025,sleep,Chupaca,0,not_sleep,
912,912,2/12/2025 0:01,2/12/2025,sleep,Chupaca,couchsurfing,2,913,2/14/2025 0:00,2/14/2025,waypoint,Pilcomayo,2,match,
913,913,2/14/2025 0:00,2/14/2025,waypoint,Pilcomayo,,0,914,2/14/2025 0:01,2/14/2025,waypoint,Sicaya,0,not_sleep,
914,914,2/14/2025 0:01,2/14/2025,waypoint,Sicaya,,0,915,2/14/2025 0:03,2/14/2025,waypoint,Muquiyauyo,0,not_sleep,
915,915,2/14/2025 0:03,2/14/2025,waypoint,Muquiyauyo,,0,916,2/14/2025 0:04,2/14/2025,waypoint,Jauja,0,not_sleep,
916,916,2/14/2025 0:04,2/14/2025,waypoint,Jauja,,0,917,2/14/2025 0:05,2/14/2025,waypoint,Jauja,0,not_sleep,
917,917,2/14/2025 0:05,2/14/2025,waypoint,Jauja,,0,918,2/14/2025 0:06,2/14/2025,waypoint,Acolla,0,not_sleep,
918,918,2/14/2025 0:06,2/14/2025,waypoint,Acolla,,0,919,2/14/2025 0:07,2/14/2025,waypoint,Acolla center,0,not_sleep,
919,919,2/14/2025 0:07,2/14/2025,waypoint,Acolla center,,0,920,2/14/2025 0:09,2/14/2025,waypoint,Tarma,0,not_sleep,
920,920,2/14/2025 0:09,2/14/2025,waypoint,Tarma,,0,921,2/14/2025 0:10,2/14/2025,waypoint,Cruze,0,not_sleep,
921,921,2/14/2025 0:10,2/14/2025,waypoint,Cruze,,0,922,2/14/2025 0:11,2/14/2025,waypoint,Junin,0,not_sleep,
922,922,2/14/2025 0:11,2/14/2025,waypoint,Junin,,0,923,2/14/2025 0:12,2/14/2025,waypoint,Cerro de Pasco,0,not_sleep,
923,923,2/14/2025 0:12,2/14/2025,waypoint,Cerro de Pasco,,0,924,2/14/2025 0:13,2/14/2025,sleep,Cerro de Pasco Hotel,0,not_sleep,
924,924,2/14/2025 0:13,2/14/2025,sleep,Cerro de Pasco Hotel,hostel,1,925,2/15/2025 0:00,2/15/2025,waypoint,Outside of cerro de Pasco,1,match,
925,925,2/15/2025 0:00,2/15/2025,waypoint,Outside of cerro de Pasco,,0,926,2/15/2025 0:01,2/15/2025,waypoint,Outside of Cerro de Pasco,0,not_sleep,
926,926,2/15/2025 0:01,2/15/2025,waypoint,Outside of Cerro de Pasco,,0,927,2/15/2025 0:03,2/15/2025,waypoint,Yurajhuanca,0,not_sleep,
927,927,2/15/2025 0:03,2/15/2025,waypoint,Yurajhuanca,,0,939,2/15/2025 0:04,2/15/2025,waypoint,In the middle of nowhere,0,not_sleep,
928,939,2/15/2025 0:04,2/15/2025,waypoint,In the middle of nowhere,,0,928,2/15/2025 0:05,2/15/2025,waypoint,Oyon,0,not_sleep,
929,928,2/15/2025 0:05,2/15/2025,waypoint,Oyon,,0,929,2/15/2025 0:07,2/15/2025,sleep,Oyon,0,not_sleep,
930,929,2/15/2025 0:07,2/15/2025,sleep,Oyon,camping,1,930,2/16/2025 0:00,2/16/2025,waypoint,Oyon,1,match,
931,930,2/16/2025 0:00,2/16/2025,waypoint,Oyon,,0,931,2/16/2025 0:01,2/16/2025,waypoint,Outside of Oyon,0,not_sleep,
932,931,2/16/2025 0:01,2/16/2025,waypoint,Outside of Oyon,,0,932,2/16/2025 0:02,2/16/2025,waypoint,Quichas,0,not_sleep,
933,932,2/16/2025 0:02,2/16/2025,waypoint,Quichas,,0,933,2/16/2025 0:04,2/16/2025,waypoint,Nevado Santa Rosa,0,not_sleep,
934,933,2/16/2025 0:04,2/16/2025,waypoint,Nevado Santa Rosa,,0,934,2/16/2025 0:05,2/16/2025,waypoint,Mina Raura,0,not_sleep,
935,934,2/16/2025 0:05,2/16/2025,waypoint,Mina Raura,,0,935,2/16/2025 0:07,2/16/2025,waypoint,Mina Raura,0,not_sleep,
936,935,2/16/2025 0:07,2/16/2025,waypoint,Mina Raura,,0,936,2/16/2025 0:08,2/16/2025,waypoint,Banos,0,not_sleep,
937,936,2/16/2025 0:08,2/16/2025,waypoint,Banos,,0,937,2/16/2025 0:09,2/16/2025,waypoint,Banos hot springs,0,not_sleep,
938,937,2/16/2025 0:09,2/16/2025,waypoint,Banos hot springs,,0,938,2/16/2025 0:10,2/16/2025,sleep,Banos hot springs,0,not_sleep,
939,938,2/16/2025 0:10,2/16/2025,sleep,Banos hot springs,camping,1,940,2/17/2025 0:00,2/17/2025,waypoint,Banos hot springs,1,match,
940,940,2/17/2025 0:00,2/17/2025,waypoint,Banos hot springs,,0,941,2/17/2025 0:01,2/17/2025,waypoint,Banos,0,not_sleep,
941,941,2/17/2025 0:01,2/17/2025,waypoint,Banos,,0,942,2/17/2025 0:02,2/17/2025,waypoint,La Union,0,not_sleep,
942,942,2/17/2025 0:02,2/17/2025,waypoint,La Union,,0,943,2/17/2025 0:04,2/17/2025,waypoint,Huallanca,0,not_sleep,
943,943,2/17/2025 0:04,2/17/2025,waypoint,Huallanca,,0,944,2/17/2025 0:05,2/17/2025,waypoint,Cruze por Chiquian,0,not_sleep,
944,944,2/17/2025 0:05,2/17/2025,waypoint,Cruze por Chiquian,,0,945,2/17/2025 0:06,2/17/2025,sleep,Chiquian,0,not_sleep,
945,945,2/17/2025 0:06,2/17/2025,sleep,Chiquian,hostel,1,946,2/18/2025 0:00,2/18/2025,sleep,Pacllon,1,match,
946,946,2/18/2025 0:00,2/18/2025,sleep,Pacllon,hostel,1,947,2/19/2025 0:00,2/19/2025,sleep,Turpa,1,match,
947,947,2/19/2025 0:00,2/19/2025,sleep,Turpa,camping,1,948,2/20/2025 0:00,2/20/2025,sleep,Huatiaq,1,match,
948,948,2/20/2025 0:00,2/20/2025,sleep,Huatiaq,camping,1,949,2/21/2025 0:00,2/21/2025,sleep,Camp Elefante,1,match,
949,949,2/21/2025 0:00,2/21/2025,sleep,Camp Elefante,camping,1,950,2/22/2025 0:00,2/22/2025,sleep,Aguas termales Gunog,1,match,
950,950,2/22/2025 0:00,2/22/2025,sleep,Aguas termales Gunog,camping,1,951,2/23/2025 0:00,2/23/2025,sleep,Cajatambo,1,match,
951,951,2/23/2025 0:00,2/23/2025,sleep,Cajatambo,hostel,1,954,2/24/2025 0:00,2/24/2025,waypoint,Somewhere,1,match,
952,954,2/24/2025 0:00,2/24/2025,waypoint,Somewhere,,0,952,2/24/2025 0:01,2/24/2025,waypoint,Barranca,0,not_sleep,
953,952,2/24/2025 0:01,2/24/2025,waypoint,Barranca,,0,953,2/24/2025 0:02,2/24/2025,sleep,"Barranca, playa colorado",0,not_sleep,
954,953,2/24/2025 0:02,2/24/2025,sleep,"Barranca, playa colorado",camping,1,955,2/25/2025 0:00,2/25/2025,waypoint,Barranca,1,match,
955,955,2/25/2025 0:00,2/25/2025,waypoint,Barranca,,0,956,2/25/2025 0:01,2/25/2025,waypoint,Peaje,0,not_sleep,
956,956,2/25/2025 0:01,2/25/2025,waypoint,Peaje,,0,957,2/25/2025 0:03,2/25/2025,waypoint,Conococho,0,not_sleep,
957,957,2/25/2025 0:03,2/25/2025,waypoint,Conococho,,0,958,2/25/2025 0:05,2/25/2025,waypoint,Cruze por Chiquian,0,not_sleep,
958,958,2/25/2025 0:05,2/25/2025,waypoint,Cruze por Chiquian,,0,959,2/25/2025 0:06,2/25/2025,sleep,Chiquian,0,not_sleep,
959,959,2/25/2025 0:06,2/25/2025,sleep,Chiquian,hostel,1,960,2/26/2025 0:00,2/26/2025,waypoint,Conochocho,1,match,
960,960,2/26/2025 0:00,2/26/2025,waypoint,Conochocho,,0,961,2/26/2025 0:01,2/26/2025,waypoint,Huaraz,0,not_sleep,
961,961,2/26/2025 0:01,2/26/2025,waypoint,Huaraz,,0,962,2/26/2025 0:03,2/26/2025,sleep,Apartment of Elis,0,not_sleep,
962,962,2/26/2025 0:03,2/26/2025,sleep,Apartment of Elis,house,1,963,2/27/2025 0:00,2/27/2025,sleep,Cheap Hospedaje,1,match,
963,963,2/27/2025 0:00,2/27/2025,sleep,Cheap Hospedaje,hostel,1,964,2/28/2025 0:00,2/28/2025,sleep,Guest House of Steven,1,match,
964,964,2/28/2025 0:00,2/28/2025,sleep,Guest House of Steven,couchsurfing,2,965,3/2/2025 0:00,3/2/2025,sleep,Apartment of Elis,2,match,
965,965,3/2/2025 0:00,3/2/2025,sleep,Apartment of Elis,house,14,966,3/15/2025 0:00,3/15/2025,waypoint,Laguna Llaca,13,mismatch,-1
966,966,3/15/2025 0:00,3/15/2025,waypoint,Laguna Llaca,,0,967,3/15/2025 0:15,3/15/2025,sleep,Camp Morena,0,not_sleep,
967,967,3/15/2025 0:15,3/15/2025,sleep,Camp Morena,camping,1,968,3/16/2025 0:00,3/16/2025,waypoint,Nevado Vallunareju,1,match,
968,968,3/16/2025 0:00,3/16/2025,waypoint,Nevado Vallunareju,,0,970,3/16/2025 6:00,3/16/2025,waypoint,Laguna LLaca,0,not_sleep,
969,970,3/16/2025 6:00,3/16/2025,waypoint,Laguna LLaca,,0,969,3/16/2025 6:02,3/16/2025,sleep,Elis Apartment,0,not_sleep,
970,969,3/16/2025 6:02,3/16/2025,sleep,Elis Apartment,house,2,971,3/18/2025 0:00,3/18/2025,waypoint,Huaraz,2,match,
971,971,3/18/2025 0:00,3/18/2025,waypoint,Huaraz,,0,972,3/18/2025 0:01,3/18/2025,waypoint,Marcara,0,not_sleep,
972,972,3/18/2025 0:01,3/18/2025,waypoint,Marcara,,0,973,3/18/2025 0:02,3/18/2025,waypoint,Carhuaz,0,not_sleep,
973,973,3/18/2025 0:02,3/18/2025,waypoint,Carhuaz,,0,974,3/18/2025 0:04,3/18/2025,waypoint,Huallanca,0,not_sleep,
974,974,3/18/2025 0:04,3/18/2025,waypoint,Huallanca,,0,975,3/18/2025 0:05,3/18/2025,waypoint,Huallanca,0,not_sleep,
975,975,3/18/2025 0:05,3/18/2025,waypoint,Huallanca,,0,976,3/18/2025 0:06,3/18/2025,waypoint,Yuracmarca,0,not_sleep,
976,976,3/18/2025 0:06,3/18/2025,waypoint,Yuracmarca,,0,977,3/18/2025 0:07,3/18/2025,waypoint,La Pampa,0,not_sleep,
977,977,3/18/2025 0:07,3/18/2025,waypoint,La Pampa,,0,978,3/18/2025 0:08,3/18/2025,waypoint,Corongo,0,not_sleep,
978,978,3/18/2025 0:08,3/18/2025,waypoint,Corongo,,0,979,3/18/2025 0:09,3/18/2025,sleep,Banos termales Aticara,0,not_sleep,
979,979,3/18/2025 0:09,3/18/2025,sleep,Banos termales Aticara,camping,1,980,3/19/2025 0:00,3/19/2025,waypoint,Yupan,1,match,
980,980,3/19/2025 0:00,3/19/2025,waypoint,Yupan,,0,981,3/19/2025 0:01,3/19/2025,waypoint,Aticara,0,not_sleep,
981,981,3/19/2025 0:01,3/19/2025,waypoint,Aticara,,0,982,3/19/2025 0:02,3/19/2025,waypoint,La pampa,0,not_sleep,
982,982,3/19/2025 0:02,3/19/2025,waypoint,La pampa,,0,983,3/19/2025 0:04,3/19/2025,waypoint,Cruze to La Pampa,0,not_sleep,
983,983,3/19/2025 0:04,3/19/2025,waypoint,Cruze to La Pampa,,0,984,3/19/2025 0:06,3/19/2025,waypoint,Huarochiri,0,not_sleep,
984,984,3/19/2025 0:06,3/19/2025,waypoint,Huarochiri,,0,985,3/19/2025 0:07,3/19/2025,waypoint,Santa,0,not_sleep,
985,985,3/19/2025 0:07,3/19/2025,waypoint,Santa,,0,986,3/19/2025 0:09,3/19/2025,sleep,Santa,0,not_sleep,
986,986,3/19/2025 0:09,3/19/2025,sleep,Santa,camping,1,987,3/20/2025 0:00,3/20/2025,waypoint,Santa,1,match,
987,987,3/20/2025 0:00,3/20/2025,waypoint,Santa,,0,988,3/20/2025 0:01,3/20/2025,waypoint,Ciudad de dios,0,not_sleep,
988,988,3/20/2025 0:01,3/20/2025,waypoint,Ciudad de dios,,0,989,3/20/2025 0:03,3/20/2025,sleep,Cumbico,0,not_sleep,
989,989,3/20/2025 0:03,3/20/2025,sleep,Cumbico,house,1,990,3/21/2025 0:00,3/21/2025,waypoint,Cumbico,1,match,
990,990,3/21/2025 0:00,3/21/2025,waypoint,Cumbico,,0,991,3/21/2025 0:01,3/21/2025,waypoint,Cruze to Cumbe Mayo,0,not_sleep,
991,991,3/21/2025 0:01,3/21/2025,waypoint,Cruze to Cumbe Mayo,,0,992,3/21/2025 0:04,3/21/2025,waypoint,Close to Cumbe Mayo,0,not_sleep,
992,992,3/21/2025 0:04,3/21/2025,waypoint,Close to Cumbe Mayo,,0,993,3/21/2025 0:05,3/21/2025,waypoint,Cumbe Mayo,0,not_sleep,
993,993,3/21/2025 0:05,3/21/2025,waypoint,Cumbe Mayo,,0,994,3/21/2025 0:06,3/21/2025,waypoint,"Kinti Wasi, Banos de Inca",0,not_sleep,
994,994,3/21/2025 0:06,3/21/2025,waypoint,"Kinti Wasi, Banos de Inca",,0,995,3/21/2025 0:07,3/21/2025,sleep,Kinti Wasi,0,not_sleep,
995,995,3/21/2025 0:07,3/21/2025,sleep,Kinti Wasi,couchsurfing,4,996,3/25/2025 0:00,3/25/2025,waypoint,Choten,4,match,
996,996,3/25/2025 0:00,3/25/2025,waypoint,Choten,,0,997,3/25/2025 0:01,3/25/2025,sleep,Yumagual,0,not_sleep,
997,997,3/25/2025 0:01,3/25/2025,sleep,Yumagual,camping,1,998,3/26/2025 0:00,3/26/2025,waypoint,Choten,1,match,
998,998,3/26/2025 0:00,3/26/2025,waypoint,Choten,,0,999,3/26/2025 0:01,3/26/2025,sleep,Kinti Wasi,0,not_sleep,
999,999,3/26/2025 0:01,3/26/2025,sleep,Kinti Wasi,couchsurfing,1,1000,3/27/2025 0:00,3/27/2025,waypoint,Salida de Cajamarca,1,match,
1000,1000,3/27/2025 0:00,3/27/2025,waypoint,Salida de Cajamarca,,0,1001,3/27/2025 0:03,3/27/2025,waypoint,Cochabamba,0,not_sleep,
1001,1001,3/27/2025 0:03,3/27/2025,waypoint,Cochabamba,,0,1002,3/27/2025 0:04,3/27/2025,sleep,Mirador Cochabamba,0,not_sleep,
1002,1002,3/27/2025 0:04,3/27/2025,sleep,Mirador Cochabamba,camping,1,1003,3/28/2025 0:00,3/28/2025,waypoint,Cochabamba,1,match,
1003,1003,3/28/2025 0:00,3/28/2025,waypoint,Cochabamba,,0,1004,3/28/2025 0:02,3/28/2025,waypoint,Chiclayo,0,not_sleep,
1004,1004,3/28/2025 0:02,3/28/2025,waypoint,Chiclayo,,0,1005,3/28/2025 0:03,3/28/2025,waypoint,Chiclayo,0,not_sleep,
1005,1005,3/28/2025 0:03,3/28/2025,waypoint,Chiclayo,,0,1006,3/28/2025 0:04,3/28/2025,waypoint,Lambayeque,0,not_sleep,
1006,1006,3/28/2025 0:04,3/28/2025,waypoint,Lambayeque,,0,1007,3/28/2025 0:05,3/28/2025,sleep,Lambayeque,0,not_sleep,
1007,1007,3/28/2025 0:05,3/28/2025,sleep,Lambayeque,camping,1,1008,3/29/2025 0:00,3/29/2025,waypoint,Lambeyeque,1,match,
1008,1008,3/29/2025 0:00,3/29/2025,waypoint,Lambeyeque,,0,1009,3/29/2025 0:02,3/29/2025,waypoint,Morrope,0,not_sleep,
1009,1009,3/29/2025 0:02,3/29/2025,waypoint,Morrope,,0,1010,3/29/2025 0:04,3/29/2025,waypoint,San Juan,0,not_sleep,
1010,1010,3/29/2025 0:04,3/29/2025,waypoint,San Juan,,0,1011,3/29/2025 0:05,3/29/2025,waypoint,Piura,0,not_sleep,
1011,1011,3/29/2025 0:05,3/29/2025,waypoint,Piura,,0,1012,3/29/2025 0:06,3/29/2025,sleep,"Piura, Apartment of Gabriela",0,not_sleep,
1012,1012,3/29/2025 0:06,3/29/2025,sleep,"Piura, Apartment of Gabriela",house,1,1013,3/30/2025 0:00,3/30/2025,waypoint,Piura Eppo,1,match,
1013,1013,3/30/2025 0:00,3/30/2025,waypoint,Piura Eppo,,0,1014,3/30/2025 0:01,3/30/2025,waypoint,Talara Eppo,0,not_sleep,
1014,1014,3/30/2025 0:01,3/30/2025,waypoint,Talara Eppo,,0,1015,3/30/2025 0:02,3/30/2025,waypoint,Talara,0,not_sleep,
1015,1015,3/30/2025 0:02,3/30/2025,waypoint,Talara,,0,1016,3/30/2025 0:04,3/30/2025,waypoint,Lobitos,0,not_sleep,
1016,1016,3/30/2025 0:04,3/30/2025,waypoint,Lobitos,,0,1017,3/30/2025 0:05,3/30/2025,sleep,Surfcamp El Muelle,0,not_sleep,
1017,1017,3/30/2025 0:05,3/30/2025,sleep,Surfcamp El Muelle,campingPaid,11,1018,4/10/2025 0:00,4/10/2025,waypoint,Talara,11,match,
1018,1018,4/10/2025 0:00,4/10/2025,waypoint,Talara,,0,1019,4/10/2025 0:01,4/10/2025,waypoint,La Campana,0,not_sleep,
1019,1019,4/10/2025 0:01,4/10/2025,waypoint,La Campana,,0,1020,4/10/2025 0:03,4/10/2025,waypoint,Mancora,0,not_sleep,
1020,1020,4/10/2025 0:03,4/10/2025,waypoint,Mancora,,0,1021,4/10/2025 0:05,4/10/2025,waypoint,Zorritos,0,not_sleep,
1021,1021,4/10/2025 0:05,4/10/2025,waypoint,Zorritos,,0,1022,4/10/2025 0:06,4/10/2025,sleep,Zorritos,0,not_sleep,
1022,1022,4/10/2025 0:06,4/10/2025,sleep,Zorritos,camping,1,1023,4/11/2025 0:00,4/11/2025,waypoint,Zorritos,1,match,
1023,1023,4/11/2025 0:00,4/11/2025,waypoint,Zorritos,,0,1024,4/11/2025 0:01,4/11/2025,waypoint,Zarumilla,0,not_sleep,
1024,1024,4/11/2025 0:01,4/11/2025,waypoint,Zarumilla,,0,1025,4/11/2025 0:02,4/11/2025,waypoint,Zarumilla,0,not_sleep,
1025,1025,4/11/2025 0:02,4/11/2025,waypoint,Zarumilla,,0,1026,4/11/2025 0:04,4/11/2025,waypoint,CEBAF Peru,0,not_sleep,
1026,1026,4/11/2025 0:04,4/11/2025,waypoint,CEBAF Peru,,0,1027,4/11/2025 0:05,4/11/2025,waypoint,CEBAF Ecuador,0,not_sleep,
1027,1027,4/11/2025 0:05,4/11/2025,waypoint,CEBAF Ecuador,,0,1028,4/11/2025 0:06,4/11/2025,waypoint,Jesus Maria,0,not_sleep,
1028,1028,4/11/2025 0:06,4/11/2025,waypoint,Jesus Maria,,0,1029,4/11/2025 0:07,4/11/2025,waypoint,Cuenca entrada,0,not_sleep,
1029,1029,4/11/2025 0:07,4/11/2025,waypoint,Cuenca entrada,,0,1030,4/11/2025 0:08,4/11/2025,sleep,Apartment of Royer,0,not_sleep,
1030,1030,4/11/2025 0:08,4/11/2025,sleep,Apartment of Royer,house,1,1031,4/12/2025 0:00,4/12/2025,sleep,Apartment of Luis,1,match,
1031,1031,4/12/2025 0:00,4/12/2025,sleep,Apartment of Luis,couchsurfing,1,1032,4/13/2025 0:00,4/13/2025,sleep,Cafecito Hostel,1,match,
1032,1032,4/13/2025 0:00,4/13/2025,sleep,Cafecito Hostel,hostel,7,1033,4/20/2025 0:00,4/20/2025,waypoint,Cuenca salida,7,match,
1033,1033,4/20/2025 0:00,4/20/2025,waypoint,Cuenca salida,,0,1034,4/20/2025 0:01,4/20/2025,waypoint,Cuenca intersection,0,not_sleep,
1034,1034,4/20/2025 0:01,4/20/2025,waypoint,Cuenca intersection,,0,1035,4/20/2025 0:02,4/20/2025,waypoint,Zhud,0,not_sleep,
1035,1035,4/20/2025 0:02,4/20/2025,waypoint,Zhud,,0,1036,4/20/2025 0:03,4/20/2025,waypoint,Calpi,0,not_sleep,
1036,1036,4/20/2025 0:03,4/20/2025,waypoint,Calpi,,0,1037,4/20/2025 0:04,4/20/2025,sleep,Calpi,0,not_sleep,
1037,1037,4/20/2025 0:04,4/20/2025,sleep,Calpi,camping,1,1038,4/21/2025 0:00,4/21/2025,waypoint,Calpi salida,1,match,
1038,1038,4/21/2025 0:00,4/21/2025,waypoint,Calpi salida,,0,1039,4/21/2025 0:01,4/21/2025,waypoint,Chimborazo entrada,0,not_sleep,
1039,1039,4/21/2025 0:01,4/21/2025,waypoint,Chimborazo entrada,,0,1040,4/21/2025 0:03,4/21/2025,waypoint,Refugio Carrel,0,not_sleep,
1040,1040,4/21/2025 0:03,4/21/2025,waypoint,Refugio Carrel,,0,1041,4/21/2025 0:05,4/21/2025,sleep,Chimborazo Entrada,0,not_sleep,
1041,1041,4/21/2025 0:05,4/21/2025,sleep,Chimborazo Entrada,camping,1,1042,4/22/2025 0:05,4/22/2025,waypoint,Guanujo,1,match,
1042,1042,4/22/2025 0:05,4/22/2025,waypoint,Guanujo,,0,1043,4/22/2025 0:06,4/22/2025,waypoint,Middle of nowhere,0,not_sleep,
1043,1043,4/22/2025 0:06,4/22/2025,waypoint,Middle of nowhere,,0,1044,4/22/2025 0:07,4/22/2025,waypoint,Middle of nowhere 2.0,0,not_sleep,
1044,1044,4/22/2025 0:07,4/22/2025,waypoint,Middle of nowhere 2.0,,0,1045,4/22/2025 0:08,4/22/2025,waypoint,Hot springs,0,not_sleep,
1045,1045,4/22/2025 0:08,4/22/2025,waypoint,Hot springs,,0,1046,4/22/2025 0:09,4/22/2025,sleep,Hot springs,0,not_sleep,
1046,1046,4/22/2025 0:09,4/22/2025,sleep,Hot springs,camping,1,1047,4/23/2025 0:00,4/23/2025,waypoint,El Salado,1,match,
1047,1047,4/23/2025 0:00,4/23/2025,waypoint,El Salado,,0,1048,4/23/2025 0:01,4/23/2025,waypoint,Ambato,0,not_sleep,
1048,1048,4/23/2025 0:01,4/23/2025,waypoint,Ambato,,0,1049,4/23/2025 0:04,4/23/2025,sleep,Hotel Emperador,0,not_sleep,
1049,1049,4/23/2025 0:04,4/23/2025,sleep,Hotel Emperador,hostel,1,1050,4/24/2025 0:00,4/24/2025,waypoint,Ambato salida,1,match,
1050,1050,4/24/2025 0:00,4/24/2025,waypoint,Ambato salida,,0,1051,4/24/2025 0:02,4/24/2025,waypoint,Ambato salida 2.0,0,not_sleep,
1051,1051,4/24/2025 0:02,4/24/2025,waypoint,Ambato salida 2.0,,0,1052,4/24/2025 0:03,4/24/2025,waypoint,Banos,0,not_sleep,
1052,1052,4/24/2025 0:03,4/24/2025,waypoint,Banos,,0,1053,4/24/2025 0:06,4/24/2025,sleep,Montano Camping,0,not_sleep,
1053,1053,4/24/2025 0:06,4/24/2025,sleep,Montano Camping,hostel,5,1054,4/29/2025 0:00,4/29/2025,waypoint,Puyo,5,match,
1054,1054,4/29/2025 0:00,4/29/2025,waypoint,Puyo,,0,1055,4/29/2025 0:02,4/29/2025,sleep,Puyo Motocross track,0,not_sleep,
1055,1055,4/29/2025 0:02,4/29/2025,sleep,Puyo Motocross track,camping,1,1056,4/30/2025 0:00,4/30/2025,sleep,Puyo,1,match,
1056,1056,4/30/2025 0:00,4/30/2025,sleep,Puyo,hostel,1,1057,5/1/2025 0:00,5/1/2025,waypoint,Puyo Salida,1,match,
1057,1057,5/1/2025 0:00,5/1/2025,waypoint,Puyo Salida,,0,1058,5/1/2025 0:01,5/1/2025,waypoint,Archidona,0,not_sleep,
1058,1058,5/1/2025 0:01,5/1/2025,waypoint,Archidona,,0,1059,5/1/2025 0:02,5/1/2025,waypoint,Archidona,0,not_sleep,
1059,1059,5/1/2025 0:02,5/1/2025,waypoint,Archidona,,0,1060,5/1/2025 0:03,5/1/2025,sleep,Batan Cocha balneario,0,not_sleep,
1060,1060,5/1/2025 0:03,5/1/2025,sleep,Batan Cocha balneario,camping,1,1061,5/2/2025 0:00,5/2/2025,waypoint,Archidona,1,match,
1061,1061,5/2/2025 0:00,5/2/2025,waypoint,Archidona,,0,1062,5/2/2025 0:01,5/2/2025,waypoint,Cruza to Coca,0,not_sleep,
1062,1062,5/2/2025 0:01,5/2/2025,waypoint,Cruza to Coca,,0,1063,5/2/2025 0:03,5/2/2025,waypoint,Conocoto,0,not_sleep,
1063,1063,5/2/2025 0:03,5/2/2025,waypoint,Conocoto,,0,1064,5/2/2025 0:04,5/2/2025,sleep,Conocoto - House of Mateo,0,not_sleep,
1064,1064,5/2/2025 0:04,5/2/2025,sleep,Conocoto - House of Mateo,couchsurfing,4,1065,5/6/2025 0:00,5/6/2025,waypoint,Triangulo,4,match,
1065,1065,5/6/2025 0:00,5/6/2025,waypoint,Triangulo,,0,1066,5/6/2025 0:01,5/6/2025,waypoint,Tambillo,0,not_sleep,
1066,1066,5/6/2025 0:01,5/6/2025,waypoint,Tambillo,,0,1067,5/6/2025 0:02,5/6/2025,waypoint,Cruze por Santa Domingo,0,not_sleep,
1067,1067,5/6/2025 0:02,5/6/2025,waypoint,Cruze por Santa Domingo,,0,1068,5/6/2025 0:03,5/6/2025,waypoint,Santa Domingo,0,not_sleep,
1068,1068,5/6/2025 0:03,5/6/2025,waypoint,Santa Domingo,,0,1069,5/6/2025 0:04,5/6/2025,waypoint,El Carmen,0,not_sleep,
1069,1069,5/6/2025 0:04,5/6/2025,waypoint,El Carmen,,0,1070,5/6/2025 0:05,5/6/2025,waypoint,El Carmen,0,not_sleep,
1070,1070,5/6/2025 0:05,5/6/2025,waypoint,El Carmen,,0,1071,5/6/2025 0:06,5/6/2025,waypoint,El Carmen,0,not_sleep,
1071,1071,5/6/2025 0:06,5/6/2025,waypoint,El Carmen,,0,1072,5/6/2025 0:07,5/6/2025,waypoint,Chone,0,not_sleep,
1072,1072,5/6/2025 0:07,5/6/2025,waypoint,Chone,,0,1073,5/6/2025 0:08,5/6/2025,sleep,Chone,0,not_sleep,
1073,1073,5/6/2025 0:08,5/6/2025,sleep,Chone,hostel,1,1074,5/7/2025 0:00,5/7/2025,waypoint,San Antonio,1,match,
1074,1074,5/7/2025 0:00,5/7/2025,waypoint,San Antonio,,0,1075,5/7/2025 0:01,5/7/2025,waypoint,San Vicente,0,not_sleep,
1075,1075,5/7/2025 0:01,5/7/2025,waypoint,San Vicente,,0,1076,5/7/2025 0:02,5/7/2025,waypoint,San Vicente Salida,0,not_sleep,
1076,1076,5/7/2025 0:02,5/7/2025,waypoint,San Vicente Salida,,0,1077,5/7/2025 0:03,5/7/2025,waypoint,Canoa,0,not_sleep,
1077,1077,5/7/2025 0:03,5/7/2025,waypoint,Canoa,,0,1078,5/7/2025 0:04,5/7/2025,sleep,Tramonto Camping,0,not_sleep,
1078,1078,5/7/2025 0:04,5/7/2025,sleep,Tramonto Camping,hostel,4,1079,5/11/2025 10:00,5/11/2025,waypoint,Canoa ,4,match,
1079,1079,5/11/2025 10:00,5/11/2025,waypoint,Canoa ,,0,1080,5/11/2025 10:01,5/11/2025,waypoint,Jama,0,not_sleep,
1080,1080,5/11/2025 10:01,5/11/2025,waypoint,Jama,,0,1081,5/11/2025 10:02,5/11/2025,waypoint,Pedernales,0,not_sleep,
1081,1081,5/11/2025 10:02,5/11/2025,waypoint,Pedernales,,0,1082,5/11/2025 10:04,5/11/2025,waypoint,La Concordia,0,not_sleep,
1082,1082,5/11/2025 10:04,5/11/2025,waypoint,La Concordia,,0,1083,5/11/2025 10:05,5/11/2025,waypoint,Santo Domingo,0,not_sleep,
1083,1083,5/11/2025 10:05,5/11/2025,waypoint,Santo Domingo,,0,1084,5/11/2025 10:06,5/11/2025,waypoint,Santo Domingo,0,not_sleep,
1084,1084,5/11/2025 10:06,5/11/2025,waypoint,Santo Domingo,,0,1085,5/11/2025 10:07,5/11/2025,waypoint,Alluriquin,0,not_sleep,
1085,1085,5/11/2025 10:07,5/11/2025,waypoint,Alluriquin,,0,1086,5/11/2025 10:08,5/11/2025,waypoint,Aloag,0,not_sleep,
1086,1086,5/11/2025 10:08,5/11/2025,waypoint,Aloag,,0,1087,5/11/2025 10:09,5/11/2025,waypoint,Machachi,0,not_sleep,
1087,1087,5/11/2025 10:09,5/11/2025,waypoint,Machachi,,0,1088,5/11/2025 10:10,5/11/2025,waypoint,Machachi,0,not_sleep,
1088,1088,5/11/2025 10:10,5/11/2025,waypoint,Machachi,,0,1089,5/11/2025 10:11,5/11/2025,waypoint,On the way to cotopaxi,0,not_sleep,
1089,1089,5/11/2025 10:11,5/11/2025,waypoint,On the way to cotopaxi,,0,1090,5/11/2025 10:12,5/11/2025,sleep,Santa Ana,0,not_sleep,
1090,1090,5/11/2025 10:12,5/11/2025,sleep,Santa Ana,camping,1,1091,5/12/2025 10:00,5/12/2025,sleep,Park entrance Cotopaxi,1,match,
1091,1091,5/12/2025 10:00,5/12/2025,sleep,Park entrance Cotopaxi,camping,1,1092,5/13/2025 0:00,5/13/2025,waypoint,Cotopaxi parking,1,match,
1092,1092,5/13/2025 0:00,5/13/2025,waypoint,Cotopaxi parking,,0,1093,5/13/2025 0:01,5/13/2025,waypoint,Cotopaxi,0,not_sleep,
1093,1093,5/13/2025 0:01,5/13/2025,waypoint,Cotopaxi,,0,1094,5/13/2025 0:04,5/13/2025,waypoint,Cotopaxi Refugio,0,not_sleep,
1094,1094,5/13/2025 0:04,5/13/2025,waypoint,Cotopaxi Refugio,,0,1095,5/13/2025 0:05,5/13/2025,waypoint,Cotopaxi Parking,0,not_sleep,
1095,1095,5/13/2025 0:05,5/13/2025,waypoint,Cotopaxi Parking,,0,1096,5/13/2025 0:06,5/13/2025,waypoint,Cotopaxi,0,not_sleep,
1096,1096,5/13/2025 0:06,5/13/2025,waypoint,Cotopaxi,,0,1097,5/13/2025 0:08,5/13/2025,waypoint,Entrance Cotopaxi,0,not_sleep,
1097,1097,5/13/2025 0:08,5/13/2025,waypoint,Entrance Cotopaxi,,0,1098,5/13/2025 0:09,5/13/2025,waypoint,Santa Ana,0,not_sleep,
1098,1098,5/13/2025 0:09,5/13/2025,waypoint,Santa Ana,,0,1099,5/13/2025 0:10,5/13/2025,waypoint,Machachi,0,not_sleep,
1099,1099,5/13/2025 0:10,5/13/2025,waypoint,Machachi,,0,1100,5/13/2025 0:11,5/13/2025,waypoint,Tambillo,0,not_sleep,
1100,1100,5/13/2025 0:11,5/13/2025,waypoint,Tambillo,,0,1101,5/13/2025 0:12,5/13/2025,waypoint,Tambillo,0,not_sleep,
1101,1101,5/13/2025 0:12,5/13/2025,waypoint,Tambillo,,0,1102,5/13/2025 0:13,5/13/2025,waypoint,El Colibri,0,not_sleep,
1102,1102,5/13/2025 0:13,5/13/2025,waypoint,El Colibri,,0,1103,5/13/2025 0:14,5/13/2025,waypoint,Triangulo,0,not_sleep,
1103,1103,5/13/2025 0:14,5/13/2025,waypoint,Triangulo,,0,1104,5/13/2025 0:15,5/13/2025,sleep,House of Mateo,0,not_sleep,
1104,1104,5/13/2025 0:15,5/13/2025,sleep,House of Mateo,couchsurfing,3,1105,5/16/2025 0:00,5/16/2025,waypoint,El Colobri,3,match,
1105,1105,5/16/2025 0:00,5/16/2025,waypoint,El Colobri,,0,1106,5/16/2025 0:01,5/16/2025,waypoint,Peaje,0,not_sleep,
1106,1106,5/16/2025 0:01,5/16/2025,waypoint,Peaje,,0,1107,5/16/2025 0:02,5/16/2025,waypoint,Pifo,0,not_sleep,
1107,1107,5/16/2025 0:02,5/16/2025,waypoint,Pifo,,0,1108,5/16/2025 0:04,5/16/2025,waypoint,Baeza,0,not_sleep,
1108,1108,5/16/2025 0:04,5/16/2025,waypoint,Baeza,,0,1109,5/16/2025 0:06,5/16/2025,waypoint,El Chaco,0,not_sleep,
1109,1109,5/16/2025 0:06,5/16/2025,waypoint,El Chaco,,0,1110,5/16/2025 0:07,5/16/2025,waypoint,Nueva Loja,0,not_sleep,
1110,1110,5/16/2025 0:07,5/16/2025,waypoint,Nueva Loja,,0,1111,5/16/2025 0:08,5/16/2025,sleep,Nueva Loja,0,not_sleep,
1111,1111,5/16/2025 0:08,5/16/2025,sleep,Nueva Loja,hostel,1,1112,5/17/2025 0:00,5/17/2025,waypoint,"Nueva Loja, salida",1,match,
1112,1112,5/17/2025 0:00,5/17/2025,waypoint,"Nueva Loja, salida",,0,1113,5/17/2025 0:01,5/17/2025,waypoint,La Hormiga,0,not_sleep,
1113,1113,5/17/2025 0:01,5/17/2025,waypoint,La Hormiga,,0,1114,5/17/2025 0:03,5/17/2025,waypoint,Yarumo,0,not_sleep,
1114,1114,5/17/2025 0:03,5/17/2025,waypoint,Yarumo,,0,1115,5/17/2025 0:04,5/17/2025,waypoint,Villagarzon,0,not_sleep,
1115,1115,5/17/2025 0:04,5/17/2025,waypoint,Villagarzon,,0,1116,5/17/2025 0:06,5/17/2025,waypoint,Mocoa,0,not_sleep,
1116,1116,5/17/2025 0:06,5/17/2025,waypoint,Mocoa,,0,1117,5/17/2025 0:08,5/17/2025,sleep,House of Jose,0,not_sleep,
1117,1117,5/17/2025 0:08,5/17/2025,sleep,House of Jose,house,1,1118,5/18/2025 0:00,5/18/2025,waypoint,Mocoa Salida,1,match,
1118,1118,5/18/2025 0:00,5/18/2025,waypoint,Mocoa Salida,,0,1119,5/18/2025 0:01,5/18/2025,waypoint,Mocoa Police Stop,0,not_sleep,
1119,1119,5/18/2025 0:01,5/18/2025,waypoint,Mocoa Police Stop,,0,1120,5/18/2025 0:02,5/18/2025,waypoint,Pitalito,0,not_sleep,
1120,1120,5/18/2025 0:02,5/18/2025,waypoint,Pitalito,,0,1121,5/18/2025 0:04,5/18/2025,waypoint,Pitalito Salida,0,not_sleep,
1121,1121,5/18/2025 0:04,5/18/2025,waypoint,Pitalito Salida,,0,1122,5/18/2025 0:05,5/18/2025,waypoint,Neiva,0,not_sleep,
1122,1122,5/18/2025 0:05,5/18/2025,waypoint,Neiva,,0,1123,5/18/2025 0:07,5/18/2025,sleep,Neiva Hostal,0,not_sleep,
1123,1123,5/18/2025 0:07,5/18/2025,sleep,Neiva Hostal,hostel,1,1124,5/19/2025 0:00,5/19/2025,waypoint,Neiva,1,match,
1124,1124,5/19/2025 0:00,5/19/2025,waypoint,Neiva,,0,1125,5/19/2025 0:01,5/19/2025,waypoint,Neiva Peaje,0,not_sleep,
1125,1125,5/19/2025 0:01,5/19/2025,waypoint,Neiva Peaje,,0,1126,5/19/2025 0:03,5/19/2025,waypoint,Espinal,0,not_sleep,
1126,1126,5/19/2025 0:03,5/19/2025,waypoint,Espinal,,0,1127,5/19/2025 0:03,5/19/2025,waypoint,Espinal salida,0,not_sleep,
1127,1127,5/19/2025 0:03,5/19/2025,waypoint,Espinal salida,,0,1128,5/19/2025 0:04,5/19/2025,waypoint,Espinal Peaje,0,not_sleep,
1128,1128,5/19/2025 0:04,5/19/2025,waypoint,Espinal Peaje,,0,1129,5/19/2025 0:05,5/19/2025,waypoint,Bogota,0,not_sleep,
1129,1129,5/19/2025 0:05,5/19/2025,waypoint,Bogota,,0,1130,5/19/2025 0:06,5/19/2025,waypoint,Bogota Station Trans Milenio,0,not_sleep,
1130,1130,5/19/2025 0:06,5/19/2025,waypoint,Bogota Station Trans Milenio,,0,1131,5/19/2025 0:07,5/19/2025,sleep,House of Charie,0,not_sleep,
1131,1131,5/19/2025 0:07,5/19/2025,sleep,House of Charie,house,1,1132,5/20/2025 0:00,5/20/2025,sleep,Hotel El Encanto,1,match,
1132,1132,5/20/2025 0:00,5/20/2025,sleep,Hotel El Encanto,hostel,1,1133,5/21/2025 0:00,5/21/2025,waypoint,Bogota airport,1,match,
1133,1133,5/21/2025 0:00,5/21/2025,waypoint,Bogota airport,,0,1134,5/22/2025 0:01,5/22/2025,waypoint,Madrid Airport,1,not_sleep,
1134,1134,5/22/2025 0:01,5/22/2025,waypoint,Madrid Airport,,0,1135,5/22/2025 0:02,5/22/2025,waypoint,Atocha,0,not_sleep,
1135,1135,5/22/2025 0:02,5/22/2025,waypoint,Atocha,,0,1136,5/22/2025 0:04,5/22/2025,sleep,Roberto apartment,0,not_sleep,
1136,1136,5/22/2025 0:04,5/22/2025,sleep,Roberto apartment,couchsurfing,2,1137,5/24/2025 0:00,5/24/2025,waypoint,Madrid Gas station,2,match,
1137,1137,5/24/2025 0:00,5/24/2025,waypoint,Madrid Gas station,,0,1138,5/24/2025 0:02,5/24/2025,waypoint,Mostoles,0,not_sleep,
1138,1138,5/24/2025 0:02,5/24/2025,waypoint,Mostoles,,0,1139,5/24/2025 0:04,5/24/2025,waypoint,Rest area Madrid,0,not_sleep,
1139,1139,5/24/2025 0:04,5/24/2025,waypoint,Rest area Madrid,,0,1140,5/24/2025 0:05,5/24/2025,waypoint,Arroyomolino,0,not_sleep,
1140,1140,5/24/2025 0:05,5/24/2025,waypoint,Arroyomolino,,0,1141,5/24/2025 0:06,5/24/2025,waypoint,Coimbra,0,not_sleep,
1141,1141,5/24/2025 0:06,5/24/2025,waypoint,Coimbra,,0,1142,5/24/2025 0:08,5/24/2025,waypoint,Rest area las Esparteras,0,not_sleep,
1142,1142,5/24/2025 0:08,5/24/2025,waypoint,Rest area las Esparteras,,0,1143,5/24/2025 0:09,5/24/2025,sleep,Campo,0,not_sleep,
1143,1143,5/24/2025 0:09,5/24/2025,sleep,Campo,camping,1,1144,5/25/2025 0:00,5/25/2025,waypoint,Rest area las Esperteras,1,match,
1144,1144,5/25/2025 0:00,5/25/2025,waypoint,Rest area las Esperteras,,0,1145,5/25/2025 0:01,5/25/2025,waypoint,Navalmoral de la Mata,0,not_sleep,
1145,1145,5/25/2025 0:01,5/25/2025,waypoint,Navalmoral de la Mata,,0,1146,5/25/2025 0:02,5/25/2025,waypoint,Rest area before Trujilo,0,not_sleep,
1146,1146,5/25/2025 0:02,5/25/2025,waypoint,Rest area before Trujilo,,0,1147,5/25/2025 0:04,5/25/2025,waypoint,A bit before Caceres,0,not_sleep,
1147,1147,5/25/2025 0:04,5/25/2025,waypoint,A bit before Caceres,,0,1148,5/25/2025 0:06,5/25/2025,sleep,Albergue Caceres,0,not_sleep,
1148,1148,5/25/2025 0:06,5/25/2025,sleep,Albergue Caceres,hostel,1,1149,5/26/2025 0:00,5/26/2025,sleep,Casar de Caceres,1,match,
1149,1149,5/26/2025 0:00,5/26/2025,sleep,Casar de Caceres,camping,1,1150,5/27/2025 0:00,5/27/2025,sleep,Canaveral,1,match,
1150,1150,5/27/2025 0:00,5/27/2025,sleep,Canaveral,camping,1,1151,5/28/2025 0:00,5/28/2025,sleep,Galisteo,1,match,
1151,1151,5/28/2025 0:00,5/28/2025,sleep,Galisteo,camping,1,1152,5/29/2025 0:00,5/29/2025,waypoint,Olivia de Plasencia,1,match,
1152,1152,5/29/2025 0:00,5/29/2025,waypoint,Olivia de Plasencia,,0,1153,5/29/2025 0:02,5/29/2025,waypoint,Gas station,0,not_sleep,
1153,1153,5/29/2025 0:02,5/29/2025,waypoint,Gas station,,0,1154,5/29/2025 0:03,5/29/2025,waypoint,Ermita,0,not_sleep,
1154,1154,5/29/2025 0:03,5/29/2025,waypoint,Ermita,,0,1155,5/29/2025 0:05,5/29/2025,waypoint,Villar de Plasencia,0,not_sleep,
1155,1155,5/29/2025 0:05,5/29/2025,waypoint,Villar de Plasencia,,0,1156,5/29/2025 0:07,5/29/2025,sleep,Villars de Plasencia,0,not_sleep,
1156,1156,5/29/2025 0:07,5/29/2025,sleep,Villars de Plasencia,house,1,1157,5/30/2025 0:00,5/30/2025,waypoint,"Villar de Plasencia, highway entrance",1,match,
1157,1157,5/30/2025 0:00,5/30/2025,waypoint,"Villar de Plasencia, highway entrance",,0,1158,5/30/2025 0:01,5/30/2025,waypoint,Aldeanueva del Camino,0,not_sleep,
1158,1158,5/30/2025 0:01,5/30/2025,waypoint,Aldeanueva del Camino,,0,1159,5/30/2025 0:04,5/30/2025,waypoint,Banos de Montemayor,0,not_sleep,
1159,1159,5/30/2025 0:04,5/30/2025,waypoint,Banos de Montemayor,,0,1160,5/30/2025 0:24,5/30/2025,sleep,Puerto de Bejar,0,not_sleep,
1160,1160,5/30/2025 0:24,5/30/2025,sleep,Puerto de Bejar,camping,1,1161,5/31/2025 0:00,5/31/2025,sleep,Fuenteroble de Salvatierra,1,match,
1161,1161,5/31/2025 0:00,5/31/2025,sleep,Fuenteroble de Salvatierra,camping,1,1162,6/1/2025 0:00,6/1/2025,sleep,San Pedro de Rozados,1,match,
1162,1162,6/1/2025 0:00,6/1/2025,sleep,San Pedro de Rozados,camping,1,1163,6/2/2025 0:00,6/2/2025,sleep,Albergue Salamanca,1,match,
1163,1163,6/2/2025 0:00,6/2/2025,sleep,Albergue Salamanca,hostel,1,1164,6/3/2025 0:00,6/3/2025,waypoint,Salamanca train station,1,match,
1164,1164,6/3/2025 0:00,6/3/2025,waypoint,Salamanca train station,,0,1165,6/3/2025 0:01,6/3/2025,sleep,Robertos apartment,0,not_sleep,
1165,1165,6/3/2025 0:01,6/3/2025,sleep,Robertos apartment,couchsurfing,1,1166,6/4/2025 0:00,6/4/2025,waypoint,Atocha,1,match,
1166,1166,6/4/2025 0:00,6/4/2025,waypoint,Atocha,,0,1167,6/4/2025 0:01,6/4/2025,waypoint,Alcala de Henares,0,not_sleep,
1167,1167,6/4/2025 0:01,6/4/2025,waypoint,Alcala de Henares,,0,1168,6/4/2025 0:03,6/4/2025,waypoint,Alcala de Henares,0,not_sleep,
1168,1168,6/4/2025 0:03,6/4/2025,waypoint,Alcala de Henares,,0,1169,6/4/2025 0:04,6/4/2025,waypoint,Meco,0,not_sleep,
1169,1169,6/4/2025 0:04,6/4/2025,waypoint,Meco,,0,1170,6/4/2025 0:05,6/4/2025,waypoint,Rest area,0,not_sleep,
1170,1170,6/4/2025 0:05,6/4/2025,waypoint,Rest area,,0,1171,6/4/2025 0:06,6/4/2025,waypoint,Rest Area,0,not_sleep,
1171,1171,6/4/2025 0:06,6/4/2025,waypoint,Rest Area,,0,1172,6/4/2025 0:07,6/4/2025,waypoint,Rest area puerto de Barcelona,0,not_sleep,
1172,1172,6/4/2025 0:07,6/4/2025,waypoint,Rest area puerto de Barcelona,,0,1173,6/4/2025 0:08,6/4/2025,waypoint,Barcelona,0,not_sleep,
1173,1173,6/4/2025 0:08,6/4/2025,waypoint,Barcelona,,0,1174,6/4/2025 0:10,6/4/2025,sleep,Rocket Hostel Barcelona,0,not_sleep,
1174,1174,6/4/2025 0:10,6/4/2025,sleep,Rocket Hostel Barcelona,hostel,1,1175,6/5/2025 0:00,6/5/2025,waypoint,Cerdanyola del Valles,1,match,
1175,1175,6/5/2025 0:00,6/5/2025,waypoint,Cerdanyola del Valles,,0,1176,6/5/2025 0:03,6/5/2025,waypoint,Cerdanyola,0,not_sleep,
1176,1176,6/5/2025 0:03,6/5/2025,waypoint,Cerdanyola,,0,1177,6/5/2025 0:04,6/5/2025,sleep,Rest area Barcelona,0,not_sleep,
1177,1177,6/5/2025 0:04,6/5/2025,sleep,Rest area Barcelona,camping,1,1178,6/6/2025 0:00,6/6/2025,waypoint,Rest area,1,match,
1178,1178,6/6/2025 0:00,6/6/2025,waypoint,Rest area,,0,1179,6/6/2025 0:01,6/6/2025,waypoint,Verges,0,not_sleep,
1179,1179,6/6/2025 0:01,6/6/2025,waypoint,Verges,,0,1180,6/6/2025 0:02,6/6/2025,waypoint,Perpignan Peage,0,not_sleep,
1180,1180,6/6/2025 0:02,6/6/2025,waypoint,Perpignan Peage,,0,1181,6/6/2025 0:03,6/6/2025,waypoint,Narbonne peage,0,not_sleep,
1181,1181,6/6/2025 0:03,6/6/2025,waypoint,Narbonne peage,,0,1182,6/6/2025 0:05,6/6/2025,waypoint,Narbonne peage 2,0,not_sleep,
1182,1182,6/6/2025 0:05,6/6/2025,waypoint,Narbonne peage 2,,0,1183,6/6/2025 0:05,6/6/2025,waypoint,Bezier,0,not_sleep,
1183,1183,6/6/2025 0:05,6/6/2025,waypoint,Bezier,,0,1184,6/6/2025 0:06,6/6/2025,waypoint,Crossing to Sete,0,not_sleep,
1184,1184,6/6/2025 0:06,6/6/2025,waypoint,Crossing to Sete,,0,1185,6/6/2025 0:08,6/6/2025,waypoint,Aire Montpellier,0,not_sleep,
1185,1185,6/6/2025 0:08,6/6/2025,waypoint,Aire Montpellier,,0,1186,6/6/2025 0:10,6/6/2025,waypoint,Montpellier,0,not_sleep,
1186,1186,6/6/2025 0:10,6/6/2025,waypoint,Montpellier,,0,1187,6/6/2025 0:11,6/6/2025,waypoint,Aubais,0,not_sleep,
1187,1187,6/6/2025 0:11,6/6/2025,waypoint,Aubais,,0,1188,6/6/2025 0:12,6/6/2025,sleep,Chloes house,0,not_sleep,
1188,1188,6/6/2025 0:12,6/6/2025,sleep,Chloes house,friends,1,1189,6/7/2025 0:00,6/7/2025,sleep,Salad Festival,1,match,
1189,1189,6/7/2025 0:00,6/7/2025,sleep,Salad Festival,camping,1,1190,6/8/2025 0:00,6/8/2025,sleep,Chloes house,1,match,
1190,1190,6/8/2025 0:00,6/8/2025,sleep,Chloes house,friends,1,1191,6/9/2025 0:00,6/9/2025,waypoint,Aire Ambrussum,1,match,
1191,1191,6/9/2025 0:00,6/9/2025,waypoint,Aire Ambrussum,,0,1192,6/9/2025 0:01,6/9/2025,waypoint,Aire close to Orange,0,not_sleep,
1192,1192,6/9/2025 0:01,6/9/2025,waypoint,Aire close to Orange,,0,1193,6/9/2025 0:02,6/9/2025,waypoint,Grenoble Peage ,0,not_sleep,
1193,1193,6/9/2025 0:02,6/9/2025,waypoint,Grenoble Peage ,,0,1194,6/9/2025 0:03,6/9/2025,waypoint,Allevard,0,not_sleep,
1194,1194,6/9/2025 0:03,6/9/2025,waypoint,Allevard,,0,1195,6/9/2025 0:05,6/9/2025,sleep,Juliettes apartment,0,not_sleep,
1195,1195,6/9/2025 0:05,6/9/2025,sleep,Juliettes apartment,friends,7,1196,6/16/2025 0:00,6/16/2025,waypoint,Allevard,7,match,
1196,1196,6/16/2025 0:00,6/16/2025,waypoint,Allevard,,0,1197,6/16/2025 0:01,6/16/2025,waypoint,Crets en Belledonne,0,not_sleep,
1197,1197,6/16/2025 0:01,6/16/2025,waypoint,Crets en Belledonne,,0,1198,6/16/2025 0:02,6/16/2025,waypoint,Peage Chambery,0,not_sleep,
1198,1198,6/16/2025 0:02,6/16/2025,waypoint,Peage Chambery,,0,1199,6/16/2025 0:03,6/16/2025,waypoint,Aire de l'Abis,0,not_sleep,
1199,1199,6/16/2025 0:03,6/16/2025,waypoint,Aire de l'Abis,,0,1200,6/16/2025 0:04,6/16/2025,waypoint,Border France Switzerland,0,not_sleep,
1200,1200,6/16/2025 0:04,6/16/2025,waypoint,Border France Switzerland,,0,1201,6/16/2025 0:05,6/16/2025,waypoint,Geneva,0,not_sleep,
1201,1201,6/16/2025 0:05,6/16/2025,waypoint,Geneva,,0,1202,6/16/2025 0:06,6/16/2025,waypoint,Geneve ourskirts,0,not_sleep,
1202,1202,6/16/2025 0:06,6/16/2025,waypoint,Geneve ourskirts,,0,1203,6/16/2025 0:07,6/16/2025,sleep,Plage Perroy,0,not_sleep,
1203,1203,6/16/2025 0:07,6/16/2025,sleep,Plage Perroy,camping,1,1204,6/17/2025 0:00,6/17/2025,waypoint,Le Pre Neuf,1,match,
1204,1204,6/17/2025 0:00,6/17/2025,waypoint,Le Pre Neuf,,0,1205,6/17/2025 0:01,6/17/2025,waypoint,Vevey,0,not_sleep,
1205,1205,6/17/2025 0:01,6/17/2025,waypoint,Vevey,,0,1206,6/17/2025 0:03,6/17/2025,waypoint,Bern,0,not_sleep,
1206,1206,6/17/2025 0:03,6/17/2025,waypoint,Bern,,0,1207,6/17/2025 0:05,6/17/2025,waypoint,Bern Grauholz,0,not_sleep,
1207,1207,6/17/2025 0:05,6/17/2025,waypoint,Bern Grauholz,,0,1208,6/17/2025 0:06,6/17/2025,waypoint,Dietikon,0,not_sleep,
1208,1208,6/17/2025 0:06,6/17/2025,waypoint,Dietikon,,0,1209,6/17/2025 0:07,6/17/2025,sleep,Parents home,0,not_sleep,
1209,1209,6/17/2025 0:07,6/17/2025,sleep,Parents home,friends,9,1210,6/26/2025 0:00,6/26/2025,waypoint,Urdorf,9,match,
1210,1210,6/26/2025 0:00,6/26/2025,waypoint,Urdorf,,0,1211,6/26/2025 0:01,6/26/2025,waypoint,Affoltern am Albis,0,not_sleep,
1211,1211,6/26/2025 0:01,6/26/2025,waypoint,Affoltern am Albis,,0,1212,6/26/2025 0:02,6/26/2025,waypoint,Stansstad,0,not_sleep,
1212,1212,6/26/2025 0:02,6/26/2025,waypoint,Stansstad,,0,1213,6/26/2025 0:04,6/26/2025,waypoint,Stans,0,not_sleep,
1213,1213,6/26/2025 0:04,6/26/2025,waypoint,Stans,,0,1214,6/26/2025 0:05,6/26/2025,waypoint,Oberdorf,0,not_sleep,
1214,1214,6/26/2025 0:05,6/26/2025,waypoint,Oberdorf,,0,1215,6/26/2025 0:06,6/26/2025,waypoint,Wolfenschiessen,0,not_sleep,
1215,1215,6/26/2025 0:06,6/26/2025,waypoint,Wolfenschiessen,,0,1216,6/26/2025 0:07,6/26/2025,waypoint,Oberrickenbach,0,not_sleep,
1216,1216,6/26/2025 0:07,6/26/2025,waypoint,Oberrickenbach,,0,1217,6/26/2025 0:08,6/26/2025,waypoint,Chrüzhütte,0,not_sleep,
1217,1217,6/26/2025 0:08,6/26/2025,waypoint,Chrüzhütte,,0,1218,6/26/2025 0:09,6/26/2025,sleep,Chaiserstuel,0,not_sleep,
1218,1218,6/26/2025 0:09,6/26/2025,sleep,Chaiserstuel,camping,1,1219,6/27/2025 0:00,6/27/2025,sleep,?,1,match,
1219,1219,6/27/2025 0:00,6/27/2025,sleep,?,camping,1,1220,6/28/2025 0:00,6/28/2025,waypoint,Engelberg Brunnibahn,1,match,
1220,1220,6/28/2025 0:00,6/28/2025,waypoint,Engelberg Brunnibahn,,0,1221,6/28/2025 0:03,6/28/2025,waypoint,Fürenalpbahn,0,not_sleep,
1221,1221,6/28/2025 0:03,6/28/2025,waypoint,Fürenalpbahn,,0,1222,6/28/2025 0:04,6/28/2025,waypoint,Fürenalp,0,not_sleep,
1222,1222,6/28/2025 0:04,6/28/2025,waypoint,Fürenalp,,0,1223,6/28/2025 0:05,6/28/2025,sleep,Wissenberg,0,not_sleep,
1223,1223,6/28/2025 0:05,6/28/2025,sleep,Wissenberg,camping,1,1224,6/29/2025 0:00,6/29/2025,waypoint,Fürenalp,1,match,
1224,1224,6/29/2025 0:00,6/29/2025,waypoint,Fürenalp,,0,1225,6/29/2025 0:01,6/29/2025,waypoint,Fürenalp Bahn,0,not_sleep,
1225,1225,6/29/2025 0:01,6/29/2025,waypoint,Fürenalp Bahn,,0,1226,6/29/2025 0:02,6/29/2025,waypoint,Luzern Allmend,0,not_sleep,
1226,1226,6/29/2025 0:02,6/29/2025,waypoint,Luzern Allmend,,0,1227,6/29/2025 0:04,6/29/2025,waypoint,Luzern,0,not_sleep,
1227,1227,6/29/2025 0:04,6/29/2025,waypoint,Luzern,,0,1228,6/29/2025 0:05,6/29/2025,waypoint,Raststätte St Katharina,0,not_sleep,
1228,1228,6/29/2025 0:05,6/29/2025,waypoint,Raststätte St Katharina,,0,1229,6/29/2025 0:06,6/29/2025,waypoint,Schlieren,0,not_sleep,
1229,1229,6/29/2025 0:06,6/29/2025,waypoint,Schlieren,,0,1230,6/29/2025 0:07,6/29/2025,waypoint,Mülligen,0,not_sleep,
1230,1230,6/29/2025 0:07,6/29/2025,waypoint,Mülligen,,0,1231,6/29/2025 0:08,6/29/2025,sleep,Parents home,0,not_sleep,
1231,1231,6/29/2025 0:08,6/29/2025,sleep,Parents home,friends,1,1232,6/30/2025 0:00,6/30/2025,waypoint,Border Germany Switzerland,1,match,
1232,1232,6/30/2025 0:00,6/30/2025,waypoint,Border Germany Switzerland,,0,1233,6/30/2025 0:02,6/30/2025,waypoint,Raststatt Bühl,0,not_sleep,
1233,1233,6/30/2025 0:02,6/30/2025,waypoint,Raststatt Bühl,,0,1234,6/30/2025 0:04,6/30/2025,waypoint,Raststatt Bruchsal,0,not_sleep,
1234,1234,6/30/2025 0:04,6/30/2025,waypoint,Raststatt Bruchsal,,0,1235,6/30/2025 0:06,6/30/2025,waypoint,Close to Giessen,0,not_sleep,
1235,1235,6/30/2025 0:06,6/30/2025,waypoint,Close to Giessen,,0,1236,6/30/2025 0:07,6/30/2025,waypoint,Lützellinden,0,not_sleep,
1236,1236,6/30/2025 0:07,6/30/2025,waypoint,Lützellinden,,0,1237,6/30/2025 0:08,6/30/2025,waypoint,Dutenhofen,0,not_sleep,
1237,1237,6/30/2025 0:08,6/30/2025,waypoint,Dutenhofen,,0,1238,6/30/2025 0:09,6/30/2025,sleep,Dutenhofener See,0,not_sleep,
1238,1238,6/30/2025 0:09,6/30/2025,sleep,Dutenhofener See,camping,1,1239,7/1/2025 0:00,7/1/2025,waypoint,Dutenhofen,1,match,
1239,1239,7/1/2025 0:00,7/1/2025,waypoint,Dutenhofen,,0,1240,7/1/2025 0:01,7/1/2025,waypoint,Close to Giessen,0,not_sleep,
1240,1240,7/1/2025 0:01,7/1/2025,waypoint,Close to Giessen,,0,1241,7/1/2025 0:02,7/1/2025,waypoint,Reststop,0,not_sleep,
1241,1241,7/1/2025 0:02,7/1/2025,waypoint,Reststop,,0,1242,7/1/2025 0:03,7/1/2025,waypoint,Düsseldorf,0,not_sleep,
1242,1242,7/1/2025 0:03,7/1/2025,waypoint,Düsseldorf,,0,1243,7/1/2025 0:06,7/1/2025,sleep,Lolas home,0,not_sleep,
1243,1243,7/1/2025 0:06,7/1/2025,sleep,Lolas home,friends,2,1244,7/3/2025 0:00,7/3/2025,waypoint,Düsseldorf,2,match,
1244,1244,7/3/2025 0:00,7/3/2025,waypoint,Düsseldorf,,0,1245,7/3/2025 0:01,7/3/2025,waypoint,Essen,0,not_sleep,
1245,1245,7/3/2025 0:01,7/3/2025,waypoint,Essen,,0,1246,7/3/2025 0:03,7/3/2025,waypoint,Dortmund,0,not_sleep,
1246,1246,7/3/2025 0:03,7/3/2025,waypoint,Dortmund,,0,1247,7/3/2025 0:04,7/3/2025,waypoint,Raststätte bei Werl,0,not_sleep,
1247,1247,7/3/2025 0:04,7/3/2025,waypoint,Raststätte bei Werl,,0,1248,7/3/2025 0:05,7/3/2025,waypoint,Rest area,0,not_sleep,
1248,1248,7/3/2025 0:05,7/3/2025,waypoint,Rest area,,0,1249,7/3/2025 0:06,7/3/2025,waypoint,Dresden,0,not_sleep,
1249,1249,7/3/2025 0:06,7/3/2025,waypoint,Dresden,,0,1250,7/3/2025 0:08,7/3/2025,waypoint,Bautzen,0,not_sleep,
1250,1250,7/3/2025 0:08,7/3/2025,waypoint,Bautzen,,0,1251,7/3/2025 0:09,7/3/2025,waypoint,Rumburk,0,not_sleep,
1251,1251,7/3/2025 0:09,7/3/2025,waypoint,Rumburk,,0,1252,7/3/2025 0:10,7/3/2025,waypoint,Jiretin,0,not_sleep,
1252,1252,7/3/2025 0:10,7/3/2025,waypoint,Jiretin,,0,1253,7/3/2025 0:11,7/3/2025,waypoint,Svor,0,not_sleep,
1253,1253,7/3/2025 0:11,7/3/2025,waypoint,Svor,,0,1254,7/3/2025 0:12,7/3/2025,waypoint,Liberec,0,not_sleep,
1254,1254,7/3/2025 0:12,7/3/2025,waypoint,Liberec,,0,1255,7/3/2025 0:13,7/3/2025,sleep,Jablonec,0,not_sleep,
1255,1255,7/3/2025 0:13,7/3/2025,sleep,Jablonec,camping,1,1256,7/4/2025 0:00,7/4/2025,sleep,Pec pod Snezkou,1,match,
1256,1256,7/4/2025 0:00,7/4/2025,sleep,Pec pod Snezkou,camping,1,1257,7/5/2025 0:00,7/5/2025,sleep,Bukowa Lake,1,match,
1257,1257,7/5/2025 0:00,7/5/2025,sleep,Bukowa Lake,camping,1,1258,7/6/2025 0:00,7/6/2025,sleep,Gosias house,1,match,
1258,1258,7/6/2025 0:00,7/6/2025,sleep,Gosias house,friends,1,1259,7/7/2025 0:00,7/7/2025,sleep,Lake House Gosia,1,match,
1259,1259,7/7/2025 0:00,7/7/2025,sleep,Lake House Gosia,house,1,1260,7/8/2025 0:00,7/8/2025,sleep,Gosias house,1,match,
1260,1260,7/8/2025 0:00,7/8/2025,sleep,Gosias house,house,1,1261,7/9/2025 0:00,7/9/2025,sleep,Park in Gdansk,1,match,
1261,1261,7/9/2025 0:00,7/9/2025,sleep,Park in Gdansk,camping,1,1262,7/10/2025 0:00,7/10/2025,sleep,Gosias house,1,match,
1262,1262,7/10/2025 0:00,7/10/2025,sleep,Gosias house,house,1,1263,7/11/2025 0:00,7/11/2025,waypoint,Rest area close to Gdansk,1,match,
1263,1263,7/11/2025 0:00,7/11/2025,waypoint,Rest area close to Gdansk,,0,1264,7/11/2025 0:01,7/11/2025,waypoint,Koszalin,0,not_sleep,
1264,1264,7/11/2025 0:01,7/11/2025,waypoint,Koszalin,,0,1265,7/11/2025 0:02,7/11/2025,waypoint,Koszalin,0,not_sleep,
1265,1265,7/11/2025 0:02,7/11/2025,waypoint,Koszalin,,0,1266,7/11/2025 0:03,7/11/2025,waypoint,Szczecin,0,not_sleep,
1266,1266,7/11/2025 0:03,7/11/2025,waypoint,Szczecin,,0,1267,7/11/2025 0:04,7/11/2025,waypoint,Berlin,0,not_sleep,
1267,1267,7/11/2025 0:04,7/11/2025,waypoint,Berlin,,0,1268,7/11/2025 0:05,7/11/2025,sleep,Davids parents,0,not_sleep,
1268,1268,7/11/2025 0:05,7/11/2025,sleep,Davids parents,house,3,1269,7/14/2025 0:00,7/14/2025,waypoint,Berlin Wannsee,3,match,
1269,1269,7/14/2025 0:00,7/14/2025,waypoint,Berlin Wannsee,,0,1270,7/14/2025 0:01,7/14/2025,waypoint,Berlin,0,not_sleep,
1270,1270,7/14/2025 0:01,7/14/2025,waypoint,Berlin,,0,1271,7/14/2025 0:02,7/14/2025,waypoint,Berlin,0,not_sleep,
1271,1271,7/14/2025 0:02,7/14/2025,waypoint,Berlin,,0,1272,7/14/2025 0:04,7/14/2025,waypoint,Gescher,0,not_sleep,
1272,1272,7/14/2025 0:04,7/14/2025,waypoint,Gescher,,0,1273,7/14/2025 0:05,7/14/2025,sleep,Lola and Raul,0,not_sleep,
1273,1273,7/14/2025 0:05,7/14/2025,sleep,Lola and Raul,friends,2,1274,7/16/2025 0:00,7/16/2025,waypoint,Raststätte,2,match,
1274,1274,7/16/2025 0:00,7/16/2025,waypoint,Raststätte,,0,1276,7/16/2025 0:01,7/16/2025,waypoint,Duisburg,0,not_sleep,
1275,1276,7/16/2025 0:01,7/16/2025,waypoint,Duisburg,,0,1275,7/16/2025 0:02,7/16/2025,waypoint,Heek,0,not_sleep,
1276,1275,7/16/2025 0:02,7/16/2025,waypoint,Heek,,0,1277,7/16/2025 0:03,7/16/2025,waypoint,Epe,0,not_sleep,
1277,1277,7/16/2025 0:03,7/16/2025,waypoint,Epe,,0,1278,7/16/2025 0:04,7/16/2025,waypoint,Gronau,0,not_sleep,
1278,1278,7/16/2025 0:04,7/16/2025,waypoint,Gronau,,0,1279,7/16/2025 0:05,7/16/2025,waypoint,Lucia,0,not_sleep,
1279,1279,7/16/2025 0:05,7/16/2025,waypoint,Lucia,,0,1280,7/16/2025 0:06,7/16/2025,waypoint,Enschede,0,not_sleep,
1280,1280,7/16/2025 0:06,7/16/2025,waypoint,Enschede,,0,1281,7/16/2025 0:07,7/16/2025,sleep,Enschede - Marie,0,not_sleep,
1281,1281,7/16/2025 0:07,7/16/2025,sleep,Enschede - Marie,friends,1,1282,7/17/2025 0:00,7/17/2025,sleep,"Liege, Maries parents",1,match,
1282,1282,7/17/2025 0:00,7/17/2025,sleep,"Liege, Maries parents",friends,1,1283,7/18/2025 0:00,7/18/2025,waypoint,Aire de Tignee,1,match,
1283,1283,7/18/2025 0:00,7/18/2025,waypoint,Aire de Tignee,,0,1284,7/18/2025 0:01,7/18/2025,waypoint,Marc,0,not_sleep,
1284,1284,7/18/2025 0:01,7/18/2025,waypoint,Marc,,0,1285,7/18/2025 0:02,7/18/2025,waypoint,Aire de Verlaine,0,not_sleep,
1285,1285,7/18/2025 0:02,7/18/2025,waypoint,Aire de Verlaine,,0,1286,7/18/2025 0:04,7/18/2025,waypoint,Aire de Spy,0,not_sleep,
1286,1286,7/18/2025 0:04,7/18/2025,waypoint,Aire de Spy,,0,1287,7/18/2025 0:05,7/18/2025,waypoint,Aire de Saint Ghislain,0,not_sleep,
1287,1287,7/18/2025 0:05,7/18/2025,waypoint,Aire de Saint Ghislain,,0,1288,7/18/2025 0:06,7/18/2025,waypoint,Saint Ghislain,0,not_sleep,
1288,1288,7/18/2025 0:06,7/18/2025,waypoint,Saint Ghislain,,0,1289,7/18/2025 0:07,7/18/2025,waypoint,Vilerot,0,not_sleep,
1289,1289,7/18/2025 0:07,7/18/2025,waypoint,Vilerot,,0,1290,7/18/2025 0:08,7/18/2025,sleep,Saint Ghislain,0,not_sleep,
1290,1290,7/18/2025 0:08,7/18/2025,sleep,Saint Ghislain,camping,1,1291,7/19/2025 0:00,7/19/2025,waypoint,Aire de Saint Ghislain,1,match,
1291,1291,7/19/2025 0:00,7/19/2025,waypoint,Aire de Saint Ghislain,,0,1292,7/19/2025 0:01,7/19/2025,waypoint,Caen,0,not_sleep,
1292,1292,7/19/2025 0:01,7/19/2025,waypoint,Caen,,0,1293,7/19/2025 0:03,7/19/2025,waypoint,Caen,0,not_sleep,
1293,1293,7/19/2025 0:03,7/19/2025,waypoint,Caen,,0,1294,7/19/2025 0:05,7/19/2025,waypoint,Carpiquet,0,not_sleep,
1294,1294,7/19/2025 0:05,7/19/2025,waypoint,Carpiquet,,0,1295,7/19/2025 0:06,7/19/2025,waypoint,Centre commercial,0,not_sleep,
1295,1295,7/19/2025 0:06,7/19/2025,waypoint,Centre commercial,,0,1296,7/19/2025 0:07,7/19/2025,waypoint,Bayeux,0,not_sleep,
1296,1296,7/19/2025 0:07,7/19/2025,waypoint,Bayeux,,0,1297,7/19/2025 0:08,7/19/2025,waypoint,Colleville,0,not_sleep,
1297,1297,7/19/2025 0:08,7/19/2025,waypoint,Colleville,,0,1298,7/19/2025 0:09,7/19/2025,sleep,Omaha beach,0,not_sleep,
1298,1298,7/19/2025 0:09,7/19/2025,sleep,Omaha beach,camping,1,1299,7/20/2025 0:00,7/20/2025,waypoint,American cemetery,1,match,
1299,1299,7/20/2025 0:00,7/20/2025,waypoint,American cemetery,,0,1300,7/20/2025 0:01,7/20/2025,waypoint,Le cavee,0,not_sleep,
1300,1300,7/20/2025 0:01,7/20/2025,waypoint,Le cavee,,0,1301,7/20/2025 0:02,7/20/2025,waypoint,Bayeux,0,not_sleep,
1301,1301,7/20/2025 0:02,7/20/2025,waypoint,Bayeux,,0,1302,7/20/2025 0:03,7/20/2025,waypoint,Subles,0,not_sleep,
1302,1302,7/20/2025 0:03,7/20/2025,waypoint,Subles,,0,1303,7/20/2025 0:05,7/20/2025,waypoint,La masse,0,not_sleep,
1303,1303,7/20/2025 0:05,7/20/2025,waypoint,La masse,,0,1304,7/20/2025 0:06,7/20/2025,waypoint,Saint Lo,0,not_sleep,
1304,1304,7/20/2025 0:06,7/20/2025,waypoint,Saint Lo,,0,1305,7/20/2025 0:06,7/20/2025,waypoint,Aire de la Vallee de la Vire Gouvets,0,not_sleep,
1305,1305,7/20/2025 0:06,7/20/2025,waypoint,Aire de la Vallee de la Vire Gouvets,,0,1306,7/20/2025 0:07,7/20/2025,waypoint,Guingamp,0,not_sleep,
1306,1306,7/20/2025 0:07,7/20/2025,waypoint,Guingamp,,0,1307,7/20/2025 0:09,7/20/2025,waypoint,Lannion,0,not_sleep,
1307,1307,7/20/2025 0:09,7/20/2025,waypoint,Lannion,,0,1308,7/20/2025 0:10,7/20/2025,sleep,"Lannion, house of Denis and Yannick",0,not_sleep,
1308,1308,7/20/2025 0:10,7/20/2025,sleep,"Lannion, house of Denis and Yannick",camping,1,1309,7/21/2025 0:00,7/21/2025,sleep,Trebeurden,1,match,
1309,1309,7/21/2025 0:00,7/21/2025,sleep,Trebeurden,camping,1,1310,7/22/2025 0:00,7/22/2025,sleep,"Lannion, house of Yann",1,match,
1310,1310,7/22/2025 0:00,7/22/2025,sleep,"Lannion, house of Yann",house,1,1311,7/23/2025 0:00,7/23/2025,waypoint,Trebeurden,1,match,
1311,1311,7/23/2025 0:00,7/23/2025,waypoint,Trebeurden,,0,1312,7/23/2025 0:01,7/23/2025,sleep,Tregastel,0,not_sleep,
1312,1312,7/23/2025 0:01,7/23/2025,sleep,Tregastel,camping,1,1313,7/24/2025 0:00,7/24/2025,sleep,Tregastel,1,match,
1313,1313,7/24/2025 0:00,7/24/2025,sleep,Tregastel,camping,1,1314,7/25/2025 0:00,7/25/2025,sleep,Perros Guirec,1,match,
1314,1314,7/25/2025 0:00,7/25/2025,sleep,Perros Guirec,camping,1,1315,7/26/2025 0:00,7/26/2025,waypoint,Nantouar,1,match,
1315,1315,7/26/2025 0:00,7/26/2025,waypoint,Nantouar,,0,1316,7/26/2025 0:01,7/26/2025,waypoint,Louannec,0,not_sleep,
1316,1316,7/26/2025 0:01,7/26/2025,waypoint,Louannec,,0,1317,7/26/2025 0:03,7/26/2025,waypoint,Penvenan,0,not_sleep,
1317,1317,7/26/2025 0:03,7/26/2025,waypoint,Penvenan,,0,1318,7/26/2025 0:04,7/26/2025,waypoint,Port Blanc,0,not_sleep,
1318,1318,7/26/2025 0:04,7/26/2025,waypoint,Port Blanc,,0,1319,7/26/2025 0:05,7/26/2025,sleep,Port Blanc,0,not_sleep,
1319,1319,7/26/2025 0:05,7/26/2025,sleep,Port Blanc,camping,1,1320,7/27/2025 0:00,7/27/2025,waypoint,Port Blanc,1,match,
1320,1320,7/27/2025 0:00,7/27/2025,waypoint,Port Blanc,,0,1321,7/27/2025 0:01,7/27/2025,waypoint,Penvenan,0,not_sleep,
1321,1321,7/27/2025 0:01,7/27/2025,waypoint,Penvenan,,0,1322,7/27/2025 0:02,7/27/2025,waypoint,Porz Scaff,0,not_sleep,
1322,1322,7/27/2025 0:02,7/27/2025,waypoint,Porz Scaff,,0,1323,7/27/2025 0:03,7/27/2025,waypoint,Keravel,0,not_sleep,
1323,1323,7/27/2025 0:03,7/27/2025,waypoint,Keravel,,0,1324,7/27/2025 0:04,7/27/2025,waypoint,Treguier,0,not_sleep,
1324,1324,7/27/2025 0:04,7/27/2025,waypoint,Treguier,,0,1325,7/27/2025 0:05,7/27/2025,waypoint,Treguier,0,not_sleep,
1325,1325,7/27/2025 0:05,7/27/2025,waypoint,Treguier,,0,1326,7/27/2025 0:06,7/27/2025,waypoint,Lannion,0,not_sleep,
1326,1326,7/27/2025 0:06,7/27/2025,waypoint,Lannion,,0,1327,7/27/2025 0:07,7/27/2025,waypoint,"Lannion, house of Denis and Yannick",0,not_sleep,
1327,1327,7/27/2025 0:07,7/27/2025,waypoint,"Lannion, house of Denis and Yannick",,0,1328,7/28/2025 0:00,7/28/2025,waypoint,Lannion,1,not_sleep,
1328,1328,7/28/2025 0:00,7/28/2025,waypoint,Lannion,,0,1329,7/28/2025 0:01,7/28/2025,waypoint,Begard,0,not_sleep,
1329,1329,7/28/2025 0:01,7/28/2025,waypoint,Begard,,0,1330,7/28/2025 0:02,7/28/2025,waypoint,Saint Brieuc,0,not_sleep,
1330,1330,7/28/2025 0:02,7/28/2025,waypoint,Saint Brieuc,,0,1331,7/28/2025 0:04,7/28/2025,waypoint,Saint Alban,0,not_sleep,
1331,1331,7/28/2025 0:04,7/28/2025,waypoint,Saint Alban,,0,1333,7/28/2025 0:04,7/28/2025,waypoint,La Croix des Landes,0,not_sleep,
1332,1333,7/28/2025 0:04,7/28/2025,waypoint,La Croix des Landes,,0,1334,7/28/2025 0:04,7/28/2025,waypoint,La Couture,0,not_sleep,
1333,1334,7/28/2025 0:04,7/28/2025,waypoint,La Couture,,0,1332,7/28/2025 0:05,7/28/2025,waypoint,Erqui,0,not_sleep,
1334,1332,7/28/2025 0:05,7/28/2025,waypoint,Erqui,,0,1335,7/28/2025 0:06,7/28/2025,waypoint,Matignon,0,not_sleep,
1335,1335,7/28/2025 0:06,7/28/2025,waypoint,Matignon,,0,1336,7/28/2025 0:07,7/28/2025,waypoint,Tregon,0,not_sleep,
1336,1336,7/28/2025 0:07,7/28/2025,waypoint,Tregon,,0,1337,7/28/2025 0:08,7/28/2025,waypoint,St Malo,0,not_sleep,
1337,1337,7/28/2025 0:08,7/28/2025,waypoint,St Malo,,0,1338,7/28/2025 0:09,7/28/2025,waypoint,Les Portes Rouges,0,not_sleep,
1338,1338,7/28/2025 0:09,7/28/2025,waypoint,Les Portes Rouges,,0,1339,7/28/2025 0:10,7/28/2025,waypoint,Le Vivier sur Mer,0,not_sleep,
1339,1339,7/28/2025 0:10,7/28/2025,waypoint,Le Vivier sur Mer,,0,1340,7/28/2025 0:11,7/28/2025,waypoint,L'Hebergement,0,not_sleep,
1340,1340,7/28/2025 0:11,7/28/2025,waypoint,L'Hebergement,,0,1341,7/28/2025 0:12,7/28/2025,waypoint,La Fontaine au Jeune,0,not_sleep,
1341,1341,7/28/2025 0:12,7/28/2025,waypoint,La Fontaine au Jeune,,0,1342,7/28/2025 0:13,7/28/2025,waypoint,Ponterson,0,not_sleep,
1342,1342,7/28/2025 0:13,7/28/2025,waypoint,Ponterson,,0,1343,7/28/2025 0:14,7/28/2025,waypoint,Mont St Michel,0,not_sleep,
1343,1343,7/28/2025 0:14,7/28/2025,waypoint,Mont St Michel,,0,1344,7/28/2025 0:15,7/28/2025,waypoint,La Greve,0,not_sleep,
1344,1344,7/28/2025 0:15,7/28/2025,waypoint,La Greve,,0,1345,7/28/2025 0:16,7/28/2025,sleep,La Greve,0,not_sleep,
1345,1345,7/28/2025 0:16,7/28/2025,sleep,La Greve,camping,1,1346,7/29/2025 0:00,7/29/2025,waypoint,La Greve,1,match,
1346,1346,7/29/2025 0:00,7/29/2025,waypoint,La Greve,,0,1347,7/29/2025 0:01,7/29/2025,waypoint,Ponterson,0,not_sleep,
1347,1347,7/29/2025 0:01,7/29/2025,waypoint,Ponterson,,0,1348,7/29/2025 0:02,7/29/2025,waypoint,Janze,0,not_sleep,
1348,1348,7/29/2025 0:02,7/29/2025,waypoint,Janze,,0,1349,7/29/2025 0:03,7/29/2025,waypoint,Retiers,0,not_sleep,
1349,1349,7/29/2025 0:03,7/29/2025,waypoint,Retiers,,0,1350,7/29/2025 0:05,7/29/2025,waypoint,Martigny Ferchaud,0,not_sleep,
1350,1350,7/29/2025 0:05,7/29/2025,waypoint,Martigny Ferchaud,,0,1351,7/29/2025 0:06,7/29/2025,waypoint,Chateaubriant,0,not_sleep,
1351,1351,7/29/2025 0:06,7/29/2025,waypoint,Chateaubriant,,0,1352,7/29/2025 0:07,7/29/2025,waypoint,La Chapelle-Glain,0,not_sleep,
1352,1352,7/29/2025 0:07,7/29/2025,waypoint,La Chapelle-Glain,,0,1353,7/29/2025 0:08,7/29/2025,waypoint,Angers,0,not_sleep,
1353,1353,7/29/2025 0:08,7/29/2025,waypoint,Angers,,0,1354,7/29/2025 0:09,7/29/2025,waypoint,Peage de Restigne,0,not_sleep,
1354,1354,7/29/2025 0:09,7/29/2025,waypoint,Peage de Restigne,,0,1355,7/29/2025 0:10,7/29/2025,waypoint,Aire de Bourges,0,not_sleep,
1355,1355,7/29/2025 0:10,7/29/2025,waypoint,Aire de Bourges,,0,1356,7/29/2025 0:12,7/29/2025,waypoint,Peage de Vienne,0,not_sleep,
1356,1356,7/29/2025 0:12,7/29/2025,waypoint,Peage de Vienne,,0,1357,7/29/2025 0:13,7/29/2025,sleep,Peage de Vienne,0,not_sleep,
1357,1357,7/29/2025 0:13,7/29/2025,sleep,Peage de Vienne,camping,1,1358,7/30/2025 0:00,7/30/2025,waypoint,Chanas,1,match,
1358,1358,7/30/2025 0:00,7/30/2025,waypoint,Chanas,,0,1359,7/30/2025 0:01,7/30/2025,waypoint,Bouge Chambalud,0,not_sleep,
1359,1359,7/30/2025 0:01,7/30/2025,waypoint,Bouge Chambalud,,0,1360,7/30/2025 0:02,7/30/2025,waypoint,Beaurepaire,0,not_sleep,
1360,1360,7/30/2025 0:02,7/30/2025,waypoint,Beaurepaire,,0,1361,7/30/2025 0:04,7/30/2025,waypoint,Voreppe,0,not_sleep,
1361,1361,7/30/2025 0:04,7/30/2025,waypoint,Voreppe,,0,1362,7/30/2025 0:05,7/30/2025,waypoint,Aire before Grenoble,0,not_sleep,
1362,1362,7/30/2025 0:05,7/30/2025,waypoint,Aire before Grenoble,,0,1363,7/30/2025 0:06,7/30/2025,waypoint,Goncelin,0,not_sleep,
1363,1363,7/30/2025 0:06,7/30/2025,waypoint,Goncelin,,0,1364,7/30/2025 0:07,7/30/2025,waypoint,Allevard,0,not_sleep,
1364,1364,7/30/2025 0:07,7/30/2025,waypoint,Allevard,,0,1365,7/30/2025 0:08,7/30/2025,sleep,Allevard,0,not_sleep,
1365,1365,7/30/2025 0:08,7/30/2025,sleep,Allevard,camping,1,1366,7/31/2025 0:00,7/31/2025,waypoint,Allevard,1,match,
1366,1366,7/31/2025 0:00,7/31/2025,waypoint,Allevard,,0,1367,7/31/2025 0:01,7/31/2025,waypoint,Crets en Belledonne,0,not_sleep,
1367,1367,7/31/2025 0:01,7/31/2025,waypoint,Crets en Belledonne,,0,1368,7/31/2025 0:02,7/31/2025,waypoint,Goncelin,0,not_sleep,
1368,1368,7/31/2025 0:02,7/31/2025,waypoint,Goncelin,,0,1369,7/31/2025 0:04,7/31/2025,waypoint,Peage before Chambery,0,not_sleep,
1369,1369,7/31/2025 0:04,7/31/2025,waypoint,Peage before Chambery,,0,1370,7/31/2025 0:05,7/31/2025,waypoint,Aix les Bains,0,not_sleep,
1370,1370,7/31/2025 0:05,7/31/2025,waypoint,Aix les Bains,,0,1371,7/31/2025 0:08,7/31/2025,waypoint,Annemasse,0,not_sleep,
1371,1371,7/31/2025 0:08,7/31/2025,waypoint,Annemasse,,0,1372,7/31/2025 0:09,7/31/2025,waypoint,Geneva,0,not_sleep,
1372,1372,7/31/2025 0:09,7/31/2025,waypoint,Geneva,,0,1373,7/31/2025 0:10,7/31/2025,sleep,Maries place,0,not_sleep,
1373,1373,7/31/2025 0:10,7/31/2025,sleep,Maries place,friends,1,1374,8/1/2025 0:00,8/1/2025,sleep,Parents home,1,match,
1374,1374,8/1/2025 0:00,8/1/2025,sleep,Parents home,friends,7,1375,8/8/2025 0:00,8/8/2025,waypoint,Brunau,7,match,
1375,1375,8/8/2025 0:00,8/8/2025,waypoint,Brunau,,0,1376,8/8/2025 0:01,8/8/2025,waypoint,Sargans,0,not_sleep,
1376,1376,8/8/2025 0:01,8/8/2025,waypoint,Sargans,,0,1377,8/8/2025 0:02,8/8/2025,waypoint,Buchs,0,not_sleep,
1377,1377,8/8/2025 0:02,8/8/2025,waypoint,Buchs,,0,1378,8/8/2025 0:04,8/8/2025,waypoint,Voralp,0,not_sleep,
1378,1378,8/8/2025 0:04,8/8/2025,waypoint,Voralp,,0,1379,8/8/2025 0:05,8/8/2025,sleep,Voralpsee,0,not_sleep,
1379,1379,8/8/2025 0:05,8/8/2025,sleep,Voralpsee,camping,1,1380,8/9/2025 0:00,8/9/2025,waypoint,Voralp,1,match,
1380,1380,8/9/2025 0:00,8/9/2025,waypoint,Voralp,,0,1381,8/9/2025 0:01,8/9/2025,waypoint,Buchs,0,not_sleep,
1381,1381,8/9/2025 0:01,8/9/2025,waypoint,Buchs,,0,1382,8/9/2025 0:03,8/9/2025,waypoint,Heidiland,0,not_sleep,
1382,1382,8/9/2025 0:03,8/9/2025,waypoint,Heidiland,,0,1383,8/9/2025 0:04,8/9/2025,waypoint,Weesen,0,not_sleep,
1383,1383,8/9/2025 0:04,8/9/2025,waypoint,Weesen,,0,1384,8/9/2025 0:06,8/9/2025,sleep,Parents home,0,not_sleep,
1384,1384,8/9/2025 0:06,8/9/2025,sleep,Parents home,friends,3,1385,8/12/2025 0:00,8/12/2025,waypoint,Wald,3,match,
1385,1385,8/12/2025 0:00,8/12/2025,waypoint,Wald,,0,1386,8/12/2025 0:01,8/12/2025,waypoint,Wald,0,not_sleep,
1386,1386,8/12/2025 0:01,8/12/2025,waypoint,Wald,,0,1388,8/12/2025 0:03,8/12/2025,waypoint,Hüebli,0,not_sleep,
1387,1388,8/12/2025 0:03,8/12/2025,waypoint,Hüebli,,0,1387,8/12/2025 0:04,8/12/2025,waypoint,Scheidegg,0,not_sleep,
1388,1387,8/12/2025 0:04,8/12/2025,waypoint,Scheidegg,,0,1389,8/12/2025 0:05,8/12/2025,sleep,Hüttchopf,0,not_sleep,
1389,1389,8/12/2025 0:05,8/12/2025,sleep,Hüttchopf,camping,1,1390,8/13/2025 0:00,8/13/2025,waypoint,Scheidegg,1,match,
1390,1390,8/13/2025 0:00,8/13/2025,waypoint,Scheidegg,,0,1391,8/13/2025 0:01,8/13/2025,waypoint,Wald,0,not_sleep,
1391,1391,8/13/2025 0:01,8/13/2025,waypoint,Wald,,0,1392,8/13/2025 0:04,8/13/2025,waypoint,Wald,0,not_sleep,
1392,1392,8/13/2025 0:04,8/13/2025,waypoint,Wald,,0,1393,8/13/2025 0:05,8/13/2025,sleep,Parents home,0,not_sleep,
1393,1393,8/13/2025 0:05,8/13/2025,sleep,Parents home,friends,2,1394,8/15/2025 0:00,8/15/2025,waypoint,Thun,2,match,
1394,1394,8/15/2025 0:00,8/15/2025,waypoint,Thun,,0,1395,8/15/2025 0:01,8/15/2025,waypoint,Thunerseespiele,0,not_sleep,
1395,1395,8/15/2025 0:01,8/15/2025,waypoint,Thunerseespiele,,0,1396,8/15/2025 0:02,8/15/2025,waypoint,Bonstetterpark,0,not_sleep,
1396,1396,8/15/2025 0:02,8/15/2025,waypoint,Bonstetterpark,,0,1397,8/15/2025 0:04,8/15/2025,sleep,Bonstetterpark,0,not_sleep,
1397,1397,8/15/2025 0:04,8/15/2025,sleep,Bonstetterpark,camping,1,1398,8/16/2025 0:00,8/16/2025,waypoint,Bonstetterpark,1,match,
1398,1398,8/16/2025 0:00,8/16/2025,waypoint,Bonstetterpark,,0,1402,8/16/2025 0:00,8/16/2025,waypoint,Verkehrshaus,0,not_sleep,
1399,1402,8/16/2025 0:00,8/16/2025,waypoint,Verkehrshaus,,0,1399,8/16/2025 0:01,8/16/2025,waypoint,Spiez,0,not_sleep,
1400,1399,8/16/2025 0:01,8/16/2025,waypoint,Spiez,,0,1400,8/16/2025 0:02,8/16/2025,waypoint,Interlaken,0,not_sleep,
1401,1400,8/16/2025 0:02,8/16/2025,waypoint,Interlaken,,0,1401,8/16/2025 0:05,8/16/2025,waypoint,Luzern,0,not_sleep,
1402,1401,8/16/2025 0:05,8/16/2025,waypoint,Luzern,,0,1403,8/16/2025 0:06,8/16/2025,waypoint,Kindhausen,0,not_sleep,
1403,1403,8/16/2025 0:06,8/16/2025,waypoint,Kindhausen,,0,1404,8/16/2025 0:07,8/16/2025,sleep,Egelsee,0,not_sleep,
1404,1404,8/16/2025 0:07,8/16/2025,sleep,Egelsee,camping,1,1405,8/17/2025 0:00,8/17/2025,waypoint,Widen,1,match,
1405,1405,8/17/2025 0:00,8/17/2025,waypoint,Widen,,0,1406,8/17/2025 0:01,8/17/2025,sleep,Parents home,0,not_sleep,
1406,1406,8/17/2025 0:01,8/17/2025,sleep,Parents home,friends,1,1407,8/18/2025 0:00,8/18/2025,sleep,Limmat,1,match,
1407,1407,8/18/2025 0:00,8/18/2025,sleep,Limmat,camping,1,1408,8/19/2025 0:00,8/19/2025,waypoint,Dietikon,1,match,
1408,1408,8/19/2025 0:00,8/19/2025,waypoint,Dietikon,,0,1409,8/19/2025 0:01,8/19/2025,waypoint,Basel Border,0,not_sleep,
1409,1409,8/19/2025 0:01,8/19/2025,waypoint,Basel Border,,0,1410,8/19/2025 0:02,8/19/2025,waypoint,Mulhouse,0,not_sleep,
1410,1410,8/19/2025 0:02,8/19/2025,waypoint,Mulhouse,,0,1411,8/19/2025 0:03,8/19/2025,waypoint,Besancon,0,not_sleep,
1411,1411,8/19/2025 0:03,8/19/2025,waypoint,Besancon,,0,1412,8/19/2025 0:05,8/19/2025,waypoint,Dole,0,not_sleep,
1412,1412,8/19/2025 0:05,8/19/2025,waypoint,Dole,,0,1413,8/19/2025 0:06,8/19/2025,waypoint,Dole center,0,not_sleep,
1413,1413,8/19/2025 0:06,8/19/2025,waypoint,Dole center,,0,1414,8/19/2025 0:08,8/19/2025,sleep,Dole,0,not_sleep,
1414,1414,8/19/2025 0:08,8/19/2025,sleep,Dole,camping,1,1415,8/20/2025 0:00,8/20/2025,waypoint,Dole,1,match,
1415,1415,8/20/2025 0:00,8/20/2025,waypoint,Dole,,0,1416,8/20/2025 0:01,8/20/2025,waypoint,Dole peage,0,not_sleep,
1416,1416,8/20/2025 0:01,8/20/2025,waypoint,Dole peage,,0,1417,8/20/2025 0:02,8/20/2025,waypoint,Dijon,0,not_sleep,
1417,1417,8/20/2025 0:02,8/20/2025,waypoint,Dijon,,0,1418,8/20/2025 0:03,8/20/2025,waypoint,Peage A6,0,not_sleep,
1418,1418,8/20/2025 0:03,8/20/2025,waypoint,Peage A6,,0,1419,8/20/2025 0:04,8/20/2025,waypoint,Auxerre,0,not_sleep,
1419,1419,8/20/2025 0:04,8/20/2025,waypoint,Auxerre,,0,1420,8/20/2025 0:05,8/20/2025,waypoint,Villeneuve Saint-Georges,0,not_sleep,
1420,1420,8/20/2025 0:05,8/20/2025,waypoint,Villeneuve Saint-Georges,,0,1421,8/20/2025 0:09,8/20/2025,sleep,Yann home,0,not_sleep,
1421,1421,8/20/2025 0:09,8/20/2025,sleep,Yann home,friends,2,1422,8/22/2025 0:00,8/22/2025,waypoint,Airtport Paris,2,match,
1422,1422,8/22/2025 0:00,8/22/2025,waypoint,Airtport Paris,,0,1423,8/22/2025 0:01,8/22/2025,waypoint,Keflavik Airport,0,not_sleep,
1423,1423,8/22/2025 0:01,8/22/2025,waypoint,Keflavik Airport,,0,1424,8/22/2025 0:03,8/22/2025,sleep,Mariannas place,0,not_sleep,
1424,1424,8/22/2025 0:03,8/22/2025,sleep,Mariannas place,campingPaid,4,1425,8/26/2025 0:00,8/26/2025,sleep,Western Fjords,4,match,
1425,1425,8/26/2025 0:00,8/26/2025,sleep,Western Fjords,camping,1,1426,8/27/2025 0:00,8/27/2025,sleep,Hot Springs,1,match,
1426,1426,8/27/2025 0:00,8/27/2025,sleep,Hot Springs,camping,1,1427,8/28/2025 0:00,8/28/2025,sleep,Tree planting place,1,match,
1427,1427,8/28/2025 0:00,8/28/2025,sleep,Tree planting place,camping,2,1428,8/30/2025 0:00,8/30/2025,waypoint,Bifröst,2,match,
1428,1428,8/30/2025 0:00,8/30/2025,waypoint,Bifröst,,0,1429,8/30/2025 0:01,8/30/2025,sleep,Campspot next to a river,0,not_sleep,
1429,1429,8/30/2025 0:01,8/30/2025,sleep,Campspot next to a river,camping,1,1430,8/31/2025 0:00,8/31/2025,waypoint,Bifröst,1,match,
1430,1430,8/31/2025 0:00,8/31/2025,waypoint,Bifröst,,0,1431,8/31/2025 0:00,8/31/2025,waypoint,Borganes,0,not_sleep,
1431,1431,8/31/2025 0:00,8/31/2025,waypoint,Borganes,,0,1432,8/31/2025 0:00,8/31/2025,sleep,Mariannas Place,0,not_sleep,
1432,1432,8/31/2025 0:00,8/31/2025,sleep,Mariannas Place,campingPaid,1,1433,8/31/2025 0:01,8/31/2025,waypoint,Hitchhike trip #1,0,mismatch,-1
1433,1433,8/31/2025 0:01,8/31/2025,waypoint,Hitchhike trip #1,,0,1434,8/31/2025 0:01,8/31/2025,waypoint,Hitchhike trip #2,0,not_sleep,
1434,1434,8/31/2025 0:01,8/31/2025,waypoint,Hitchhike trip #2,,0,1435,8/31/2025 0:02,8/31/2025,waypoint,Hitchhike trip #3,0,not_sleep,
1435,1435,8/31/2025 0:02,8/31/2025,waypoint,Hitchhike trip #3,,0,1436,8/31/2025 0:04,8/31/2025,waypoint,Hitchhike trip #4,0,not_sleep,
1436,1436,8/31/2025 0:04,8/31/2025,waypoint,Hitchhike trip #4,,0,1437,8/31/2025 0:06,8/31/2025,waypoint,Hitchhike trip #5,0,not_sleep,
1437,1437,8/31/2025 0:06,8/31/2025,waypoint,Hitchhike trip #5,,0,1438,8/31/2025 0:07,8/31/2025,waypoint,Hitchike trip #6,0,not_sleep,
1438,1438,8/31/2025 0:07,8/31/2025,waypoint,Hitchike trip #6,,0,1439,8/31/2025 0:08,8/31/2025,sleep,Mariannas place,0,not_sleep,
1439,1439,8/31/2025 0:08,8/31/2025,sleep,Mariannas place,campingPaid,1,1440,9/1/2025 0:00,9/1/2025,waypoint,Borganes,1,match,
1440,1440,9/1/2025 0:00,9/1/2025,waypoint,Borganes,,0,1441,9/1/2025 0:01,9/1/2025,waypoint,Grundarfoss,0,not_sleep,
1441,1441,9/1/2025 0:01,9/1/2025,waypoint,Grundarfoss,,0,1442,9/1/2025 0:02,9/1/2025,waypoint,Grundarfjördur,0,not_sleep,
1442,1442,9/1/2025 0:02,9/1/2025,waypoint,Grundarfjördur,,0,1443,9/1/2025 0:03,9/1/2025,waypoint,Kirkjufell Mountain,0,not_sleep,
1443,1443,9/1/2025 0:03,9/1/2025,waypoint,Kirkjufell Mountain,,0,1444,9/1/2025 0:04,9/1/2025,waypoint,Olafsvik,0,not_sleep,
1444,1444,9/1/2025 0:04,9/1/2025,waypoint,Olafsvik,,0,1445,9/1/2025 0:05,9/1/2025,waypoint,Laxafoss,0,not_sleep,
1445,1445,9/1/2025 0:05,9/1/2025,waypoint,Laxafoss,,0,1446,9/1/2025 0:06,9/1/2025,waypoint,Laxafoss,0,not_sleep,
1446,1446,9/1/2025 0:06,9/1/2025,waypoint,Laxafoss,,0,1447,9/1/2025 0:07,9/1/2025,waypoint,Laxafoss,0,not_sleep,
1447,1447,9/1/2025 0:07,9/1/2025,waypoint,Laxafoss,,0,1448,9/1/2025 0:08,9/1/2025,waypoint,Hellissandur,0,not_sleep,
1448,1448,9/1/2025 0:08,9/1/2025,waypoint,Hellissandur,,0,1449,9/1/2025 0:09,9/1/2025,waypoint,Olafsvik,0,not_sleep,
1449,1449,9/1/2025 0:09,9/1/2025,waypoint,Olafsvik,,0,1450,9/1/2025 0:10,9/1/2025,waypoint,Borganes,0,not_sleep,
1450,1450,9/1/2025 0:10,9/1/2025,waypoint,Borganes,,0,1451,9/1/2025 0:11,9/1/2025,waypoint,Road to Glymur,0,not_sleep,
1451,1451,9/1/2025 0:11,9/1/2025,waypoint,Road to Glymur,,0,1452,9/1/2025 0:12,9/1/2025,waypoint,Mariannas place,0,not_sleep,
1452,1452,9/1/2025 0:12,9/1/2025,waypoint,Mariannas place,,0,1453,9/2/2025 0:00,9/2/2025,waypoint,Parking,1,not_sleep,
1453,1453,9/2/2025 0:00,9/2/2025,waypoint,Parking,,0,1454,9/2/2025 0:01,9/2/2025,waypoint,Thingvellir National Park,0,not_sleep,
1454,1454,9/2/2025 0:01,9/2/2025,waypoint,Thingvellir National Park,,0,1455,9/2/2025 0:02,9/2/2025,waypoint,Geysers,0,not_sleep,
1455,1455,9/2/2025 0:02,9/2/2025,waypoint,Geysers,,0,1456,9/2/2025 0:03,9/2/2025,sleep,Kerlingarfjöll,0,not_sleep,
1456,1456,9/2/2025 0:03,9/2/2025,sleep,Kerlingarfjöll,camping,1,1457,9/3/2025 0:00,9/3/2025,waypoint,Laugarvatn,1,match,
1457,1457,9/3/2025 0:00,9/3/2025,waypoint,Laugarvatn,,0,1458,9/3/2025 0:01,9/3/2025,waypoint,Parking,0,not_sleep,
1458,1458,9/3/2025 0:01,9/3/2025,waypoint,Parking,,0,1459,9/3/2025 0:03,9/3/2025,sleep,Mariannas place,0,not_sleep,
1459,1459,9/3/2025 0:03,9/3/2025,sleep,Mariannas place,campingPaid,3,1460,9/6/2025 0:00,9/6/2025,sleep,Keflavik,3,match,
1460,1460,9/6/2025 0:00,9/6/2025,sleep,Keflavik,camping,1,1461,9/7/2025 0:00,9/7/2025,waypoint,Keflavik Airport,1,match,
1461,1461,9/7/2025 0:00,9/7/2025,waypoint,Keflavik Airport,,0,1462,9/7/2025 0:01,9/7/2025,waypoint,Paris Airport,0,not_sleep,
1462,1462,9/7/2025 0:01,9/7/2025,waypoint,Paris Airport,,0,1463,9/7/2025 0:02,9/7/2025,sleep,Yann home,0,not_sleep,
1463,1463,9/7/2025 0:02,9/7/2025,sleep,Yann home,friends,1,1464,9/8/2025 0:00,9/8/2025,waypoint,Le Bourget,1,match,
1464,1464,9/8/2025 0:00,9/8/2025,waypoint,Le Bourget,,0,1465,9/8/2025 0:01,9/8/2025,waypoint,Peage,0,not_sleep,
1465,1465,9/8/2025 0:01,9/8/2025,waypoint,Peage,,0,1466,9/8/2025 0:02,9/8/2025,waypoint,Noyon,0,not_sleep,
1466,1466,9/8/2025 0:02,9/8/2025,waypoint,Noyon,,0,1467,9/8/2025 0:03,9/8/2025,waypoint,Tergnier Auchan,0,not_sleep,
1467,1467,9/8/2025 0:03,9/8/2025,waypoint,Tergnier Auchan,,0,1468,9/8/2025 0:04,9/8/2025,waypoint,La Frette,0,not_sleep,
1468,1468,9/8/2025 0:04,9/8/2025,waypoint,La Frette,,0,1469,9/8/2025 0:06,9/8/2025,sleep,Tergnier,0,not_sleep,
1469,1469,9/8/2025 0:06,9/8/2025,sleep,Tergnier,camping,1,1470,9/9/2025 0:00,9/9/2025,waypoint,Tergnier,1,match,
1470,1470,9/9/2025 0:00,9/9/2025,waypoint,Tergnier,,0,1471,9/9/2025 0:01,9/9/2025,waypoint,Beautor,0,not_sleep,
1471,1471,9/9/2025 0:01,9/9/2025,waypoint,Beautor,,0,1472,9/9/2025 0:03,9/9/2025,waypoint,Saint Gobain,0,not_sleep,
1472,1472,9/9/2025 0:03,9/9/2025,waypoint,Saint Gobain,,0,1473,9/9/2025 0:04,9/9/2025,waypoint,La Frette,0,not_sleep,
1473,1473,9/9/2025 0:04,9/9/2025,waypoint,La Frette,,0,1474,9/9/2025 0:07,9/9/2025,sleep,Tergnier,0,not_sleep,
1474,1474,9/9/2025 0:07,9/9/2025,sleep,Tergnier,camping,1,1475,9/10/2025 0:00,9/10/2025,waypoint,Tergnier Center,1,match,
1475,1475,9/10/2025 0:00,9/10/2025,waypoint,Tergnier Center,,0,1476,9/10/2025 0:01,9/10/2025,waypoint,Tergnier Auchan,0,not_sleep,
1476,1476,9/10/2025 0:01,9/10/2025,waypoint,Tergnier Auchan,,0,1477,9/10/2025 0:02,9/10/2025,waypoint,Saint Quentin,0,not_sleep,
1477,1477,9/10/2025 0:02,9/10/2025,waypoint,Saint Quentin,,0,1478,9/10/2025 0:03,9/10/2025,waypoint,Saint Quentin Decathlon,0,not_sleep,
1478,1478,9/10/2025 0:03,9/10/2025,waypoint,Saint Quentin Decathlon,,0,1479,9/10/2025 0:04,9/10/2025,waypoint,Peage,0,not_sleep,
1479,1479,9/10/2025 0:04,9/10/2025,waypoint,Peage,,0,1480,9/10/2025 0:04,9/10/2025,waypoint,Arques,0,not_sleep,
1480,1480,9/10/2025 0:04,9/10/2025,waypoint,Arques,,0,1481,9/10/2025 0:05,9/10/2025,sleep,Arques,0,not_sleep,
1481,1481,9/10/2025 0:05,9/10/2025,sleep,Arques,camping,1,1482,9/11/2025 0:00,9/11/2025,waypoint,Arques,1,match,
1482,1482,9/11/2025 0:00,9/11/2025,waypoint,Arques,,0,1483,9/11/2025 0:01,9/11/2025,waypoint,Arques,0,not_sleep,
1483,1483,9/11/2025 0:01,9/11/2025,waypoint,Arques,,0,1484,9/11/2025 0:02,9/11/2025,waypoint,Annezin Lidl,0,not_sleep,
1484,1484,9/11/2025 0:02,9/11/2025,waypoint,Annezin Lidl,,0,1485,9/11/2025 0:03,9/11/2025,waypoint,Bethune,0,not_sleep,
1485,1485,9/11/2025 0:03,9/11/2025,waypoint,Bethune,,0,1486,9/11/2025 0:04,9/11/2025,waypoint,Cambrin,0,not_sleep,
1486,1486,9/11/2025 0:04,9/11/2025,waypoint,Cambrin,,0,1487,9/11/2025 0:05,9/11/2025,waypoint,Lille,0,not_sleep,
1487,1487,9/11/2025 0:05,9/11/2025,waypoint,Lille,,0,1488,9/11/2025 0:06,9/11/2025,sleep,Lille Alicias apartment,0,not_sleep,
1488,1488,9/11/2025 0:06,9/11/2025,sleep,Lille Alicias apartment,friends,1,1489,9/12/2025 0:00,9/12/2025,waypoint,Lille,1,match,
1489,1489,9/12/2025 0:00,9/12/2025,waypoint,Lille,,0,1490,9/12/2025 0:01,9/12/2025,waypoint,Aire de Hellebecq,0,not_sleep,
1490,1490,9/12/2025 0:01,9/12/2025,waypoint,Aire de Hellebecq,,0,1491,9/12/2025 0:02,9/12/2025,waypoint,Enghien,0,not_sleep,
1491,1491,9/12/2025 0:02,9/12/2025,waypoint,Enghien,,0,1492,9/12/2025 0:03,9/12/2025,waypoint,Le Roeulx,0,not_sleep,
1492,1492,9/12/2025 0:03,9/12/2025,waypoint,Le Roeulx,,0,1493,9/12/2025 0:04,9/12/2025,waypoint,La Louviere,0,not_sleep,
1493,1493,9/12/2025 0:04,9/12/2025,waypoint,La Louviere,,0,1494,9/12/2025 0:05,9/12/2025,waypoint,Chapelle lez Herlaimont,0,not_sleep,
1494,1494,9/12/2025 0:05,9/12/2025,waypoint,Chapelle lez Herlaimont,,0,1495,9/12/2025 0:06,9/12/2025,waypoint,Aire de Verlaine,0,not_sleep,
1495,1495,9/12/2025 0:06,9/12/2025,waypoint,Aire de Verlaine,,0,1496,9/12/2025 0:07,9/12/2025,sleep,La Sabliere,0,not_sleep,
1496,1496,9/12/2025 0:07,9/12/2025,sleep,La Sabliere,camping,1,1497,9/13/2025 0:00,9/13/2025,waypoint,Aire de Verlaine,1,match,
1497,1497,9/13/2025 0:00,9/13/2025,waypoint,Aire de Verlaine,,0,1498,9/13/2025 0:01,9/13/2025,waypoint,Aire de Tignee,0,not_sleep,
1498,1498,9/13/2025 0:01,9/13/2025,waypoint,Aire de Tignee,,0,1499,9/13/2025 0:02,9/13/2025,waypoint,Düsseldorf,0,not_sleep,
1499,1499,9/13/2025 0:02,9/13/2025,waypoint,Düsseldorf,,0,1500,9/13/2025 0:04,9/13/2025,sleep,Lola and Raul home,0,not_sleep,
1500,1500,9/13/2025 0:04,9/13/2025,sleep,Lola and Raul home,friends,4,1501,9/17/2025 0:00,9/17/2025,waypoint,Düsseldorf Gas station,4,match,
1501,1501,9/17/2025 0:00,9/17/2025,waypoint,Düsseldorf Gas station,,0,1502,9/17/2025 0:01,9/17/2025,waypoint,Rest area close to Düsseldorf,0,not_sleep,
1502,1502,9/17/2025 0:01,9/17/2025,waypoint,Rest area close to Düsseldorf,,0,1503,9/17/2025 0:03,9/17/2025,waypoint,Rest area Fernthal,0,not_sleep,
1503,1503,9/17/2025 0:03,9/17/2025,waypoint,Rest area Fernthal,,0,1504,9/17/2025 0:04,9/17/2025,waypoint,Rest area Bad Camberg,0,not_sleep,
1504,1504,9/17/2025 0:04,9/17/2025,waypoint,Rest area Bad Camberg,,0,1505,9/17/2025 0:05,9/17/2025,waypoint,Beuerbach,0,not_sleep,
1505,1505,9/17/2025 0:05,9/17/2025,waypoint,Beuerbach,,0,1506,9/17/2025 0:06,9/17/2025,sleep,Beuerbacher See,0,not_sleep,
1506,1506,9/17/2025 0:06,9/17/2025,sleep,Beuerbacher See,camping,1,1507,9/18/2025 0:00,9/18/2025,waypoint,Beuerbach,1,match,
1507,1507,9/18/2025 0:00,9/18/2025,waypoint,Beuerbach,,0,1508,9/18/2025 0:01,9/18/2025,waypoint,Rest area Bad Camberg,0,not_sleep,
1508,1508,9/18/2025 0:01,9/18/2025,waypoint,Rest area Bad Camberg,,0,1509,9/18/2025 0:02,9/18/2025,waypoint,Rest area Alsbach,0,not_sleep,
1509,1509,9/18/2025 0:02,9/18/2025,waypoint,Rest area Alsbach,,0,1510,9/18/2025 0:03,9/18/2025,waypoint,Rest area Sindelfingen,0,not_sleep,
1510,1510,9/18/2025 0:03,9/18/2025,waypoint,Rest area Sindelfingen,,0,1511,9/18/2025 0:04,9/18/2025,waypoint,Kirchheim,0,not_sleep,
1511,1511,9/18/2025 0:04,9/18/2025,waypoint,Kirchheim,,0,1512,9/18/2025 0:05,9/18/2025,waypoint,Bürgersee,0,not_sleep,
1512,1512,9/18/2025 0:05,9/18/2025,waypoint,Bürgersee,,0,1513,9/18/2025 0:06,9/18/2025,sleep,Bürgersee,0,not_sleep,
1513,1513,9/18/2025 0:06,9/18/2025,sleep,Bürgersee,camping,1,1514,9/19/2025 0:00,9/19/2025,waypoint,Bürgersee,1,match,
1514,1514,9/19/2025 0:00,9/19/2025,waypoint,Bürgersee,,0,1515,9/19/2025 0:01,9/19/2025,waypoint,Kirchheim,0,not_sleep,
1515,1515,9/19/2025 0:01,9/19/2025,waypoint,Kirchheim,,0,1516,9/19/2025 0:02,9/19/2025,waypoint,Kempten,0,not_sleep,
1516,1516,9/19/2025 0:02,9/19/2025,waypoint,Kempten,,0,1517,9/19/2025 0:04,9/19/2025,sleep,"Kempten, Jonis home",0,not_sleep,
1517,1517,9/19/2025 0:04,9/19/2025,sleep,"Kempten, Jonis home",friends,5,1518,9/24/2025 0:00,9/24/2025,waypoint,Kempten,5,match,
1518,1518,9/24/2025 0:00,9/24/2025,waypoint,Kempten,,0,1519,9/24/2025 0:01,9/24/2025,waypoint,Rest area Allgäuer Tor,0,not_sleep,
1519,1519,9/24/2025 0:01,9/24/2025,waypoint,Rest area Allgäuer Tor,,0,1520,9/24/2025 0:03,9/24/2025,waypoint,Mannheim,0,not_sleep,
1520,1520,9/24/2025 0:03,9/24/2025,waypoint,Mannheim,,0,1521,9/24/2025 0:04,9/24/2025,sleep,Mannheim Irenes home,0,not_sleep,
1521,1521,9/24/2025 0:04,9/24/2025,sleep,Mannheim Irenes home,friends,2,1522,9/26/2025 0:00,9/26/2025,waypoint,Mannheim Europaplatz,2,match,
1522,1522,9/26/2025 0:00,9/26/2025,waypoint,Mannheim Europaplatz,,0,1523,9/26/2025 0:01,9/26/2025,waypoint,Rest area Wunnenstein,0,not_sleep,
1523,1523,9/26/2025 0:01,9/26/2025,waypoint,Rest area Wunnenstein,,0,1524,9/26/2025 0:02,9/26/2025,waypoint,Rest area Sindelfingen,0,not_sleep,
1524,1524,9/26/2025 0:02,9/26/2025,waypoint,Rest area Sindelfingen,,0,1525,9/26/2025 0:04,9/26/2025,waypoint,Rest area Illertal,0,not_sleep,
1525,1525,9/26/2025 0:04,9/26/2025,waypoint,Rest area Illertal,,0,1526,9/26/2025 0:05,9/26/2025,sleep,"Kempten, Jonis home",0,not_sleep,
1526,1526,9/26/2025 0:05,9/26/2025,sleep,"Kempten, Jonis home",friends,2,1527,9/28/2025 0:00,9/28/2025,sleep,"Kempten, Javis home",2,match,
1527,1527,9/28/2025 0:00,9/28/2025,sleep,"Kempten, Javis home",house,3,1528,10/1/2025 0:00,10/1/2025,waypoint,Kempten,3,match,
1528,1528,10/1/2025 0:00,10/1/2025,waypoint,Kempten,,0,1529,10/1/2025 0:01,10/1/2025,waypoint,Wagenbühl,0,not_sleep,
1529,1529,10/1/2025 0:01,10/1/2025,waypoint,Wagenbühl,,0,1530,10/1/2025 0:02,10/1/2025,waypoint,Eglofs,0,not_sleep,
1530,1530,10/1/2025 0:02,10/1/2025,waypoint,Eglofs,,0,1531,10/1/2025 0:03,10/1/2025,waypoint,Neuravensburg,0,not_sleep,
1531,1531,10/1/2025 0:03,10/1/2025,waypoint,Neuravensburg,,0,1532,10/1/2025 0:04,10/1/2025,waypoint,Lindau,0,not_sleep,
1532,1532,10/1/2025 0:04,10/1/2025,waypoint,Lindau,,0,1533,10/1/2025 0:05,10/1/2025,waypoint,Friedrichshafen,0,not_sleep,
1533,1533,10/1/2025 0:05,10/1/2025,waypoint,Friedrichshafen,,0,1534,10/1/2025 0:06,10/1/2025,waypoint,Immenstaad,0,not_sleep,
1534,1534,10/1/2025 0:06,10/1/2025,waypoint,Immenstaad,,0,1535,10/1/2025 0:07,10/1/2025,waypoint,Meersburg,0,not_sleep,
1535,1535,10/1/2025 0:07,10/1/2025,waypoint,Meersburg,,0,1536,10/1/2025 0:08,10/1/2025,waypoint,Konstanz,0,not_sleep,
1536,1536,10/1/2025 0:08,10/1/2025,waypoint,Konstanz,,0,1537,10/1/2025 0:09,10/1/2025,waypoint,Konstanz,0,not_sleep,
1537,1537,10/1/2025 0:09,10/1/2025,waypoint,Konstanz,,0,1538,10/1/2025 0:10,10/1/2025,waypoint,Border Germany - Switzerland,0,not_sleep,
1538,1538,10/1/2025 0:10,10/1/2025,waypoint,Border Germany - Switzerland,,0,1539,10/1/2025 0:11,10/1/2025,waypoint,Weiningen,0,not_sleep,
1539,1539,10/1/2025 0:11,10/1/2025,waypoint,Weiningen,,0,1540,10/1/2025 0:13,10/1/2025,waypoint,Mülligen,0,not_sleep,
1540,1540,10/1/2025 0:13,10/1/2025,waypoint,Mülligen,,0,1541,10/1/2025 0:14,10/1/2025,sleep,"Schlieren, Gardenhouse",0,not_sleep,
1541,1541,10/1/2025 0:14,10/1/2025,sleep,"Schlieren, Gardenhouse",friends,1,1542,10/2/2025 0:00,10/2/2025,waypoint,Altstetten,1,match,
1542,1542,10/2/2025 0:00,10/2/2025,waypoint,Altstetten,,0,1543,10/2/2025 0:01,10/2/2025,waypoint,Wald Bahnhof,0,not_sleep,
1543,1543,10/2/2025 0:01,10/2/2025,waypoint,Wald Bahnhof,,0,1544,10/2/2025 0:03,10/2/2025,sleep,"Wald, Parents home",0,not_sleep,
1544,1544,10/2/2025 0:03,10/2/2025,sleep,"Wald, Parents home",friends,1,1545,10/3/2025 0:00,10/3/2025,waypoint,Wald,1,match,
1545,1545,10/3/2025 0:00,10/3/2025,waypoint,Wald,,0,1546,10/3/2025 0:01,10/3/2025,waypoint,Altstetten,0,not_sleep,
1546,1546,10/3/2025 0:01,10/3/2025,waypoint,Altstetten,,0,1547,10/3/2025 0:02,10/3/2025,sleep,"Schlieren, Gardenhouse",0,not_sleep,
1547,1547,10/3/2025 0:02,10/3/2025,sleep,"Schlieren, Gardenhouse",friends,3,1548,10/6/2025 0:00,10/6/2025,waypoint,Wipkingen,3,match,
1548,1548,10/6/2025 0:00,10/6/2025,waypoint,Wipkingen,,0,1549,10/6/2025 0:01,10/6/2025,waypoint,Kempthal,0,not_sleep,
1549,1549,10/6/2025 0:01,10/6/2025,waypoint,Kempthal,,0,1550,10/6/2025 0:02,10/6/2025,waypoint,Henggart,0,not_sleep,
1550,1550,10/6/2025 0:02,10/6/2025,waypoint,Henggart,,0,1551,10/6/2025 0:03,10/6/2025,waypoint,Hettlingen,0,not_sleep,
1551,1551,10/6/2025 0:03,10/6/2025,waypoint,Hettlingen,,0,1552,10/6/2025 0:04,10/6/2025,waypoint,Hettlingen,0,not_sleep,
1552,1552,10/6/2025 0:04,10/6/2025,waypoint,Hettlingen,,0,1553,10/6/2025 0:05,10/6/2025,waypoint,Winterthur,0,not_sleep,
1553,1553,10/6/2025 0:05,10/6/2025,waypoint,Winterthur,,0,1554,10/6/2025 0:06,10/6/2025,waypoint,Winterthur Seen,0,not_sleep,
1554,1554,10/6/2025 0:06,10/6/2025,waypoint,Winterthur Seen,,0,1555,10/6/2025 0:07,10/6/2025,waypoint,Turbenthal,0,not_sleep,
1555,1555,10/6/2025 0:07,10/6/2025,waypoint,Turbenthal,,0,1556,10/6/2025 0:08,10/6/2025,waypoint,Bauma,0,not_sleep,
1556,1556,10/6/2025 0:08,10/6/2025,waypoint,Bauma,,0,1557,10/6/2025 0:09,10/6/2025,sleep,"Wald, parents home",0,not_sleep,
1557,1557,10/6/2025 0:09,10/6/2025,sleep,"Wald, parents home",friends,2,1558,10/8/2025 0:00,10/8/2025,sleep,"Schlieren, Gardenhouse",2,match,
1558,1558,10/8/2025 0:00,10/8/2025,sleep,"Schlieren, Gardenhouse",friends,1,1559,10/9/2025 0:00,10/9/2025,waypoint,Dietikon,1,match,
1559,1559,10/9/2025 0:00,10/9/2025,waypoint,Dietikon,,0,1560,10/9/2025 0:01,10/9/2025,waypoint,Silbern,0,not_sleep,
1560,1560,10/9/2025 0:01,10/9/2025,waypoint,Silbern,,0,1561,10/9/2025 0:02,10/9/2025,waypoint,Würenlos,0,not_sleep,
1561,1561,10/9/2025 0:02,10/9/2025,waypoint,Würenlos,,0,1562,10/9/2025 0:03,10/9/2025,waypoint,Oftringen,0,not_sleep,
1562,1562,10/9/2025 0:03,10/9/2025,waypoint,Oftringen,,0,1563,10/9/2025 0:04,10/9/2025,waypoint,Gunzgen,0,not_sleep,
1563,1563,10/9/2025 0:04,10/9/2025,waypoint,Gunzgen,,0,1564,10/9/2025 0:05,10/9/2025,waypoint,Grauholz,0,not_sleep,
1564,1564,10/9/2025 0:05,10/9/2025,waypoint,Grauholz,,0,1565,10/9/2025 0:06,10/9/2025,waypoint,"Grauholz, other side",0,not_sleep,
1565,1565,10/9/2025 0:06,10/9/2025,waypoint,"Grauholz, other side",,0,1566,10/9/2025 0:07,10/9/2025,waypoint,Biel,0,not_sleep,
1566,1566,10/9/2025 0:07,10/9/2025,waypoint,Biel,,0,1567,10/9/2025 0:07,10/9/2025,waypoint,Neuchatel,0,not_sleep,
1567,1567,10/9/2025 0:07,10/9/2025,waypoint,Neuchatel,,0,1568,10/9/2025 0:08,10/9/2025,waypoint,Les Verrieres,0,not_sleep,
1568,1568,10/9/2025 0:08,10/9/2025,waypoint,Les Verrieres,,0,1569,10/9/2025 0:10,10/9/2025,sleep,Les Cotes,0,not_sleep,
1569,1569,10/9/2025 0:10,10/9/2025,sleep,Les Cotes,camping,1,1570,10/10/2025 0:00,10/10/2025,waypoint,Border Switzerland - France,1,match,
1570,1570,10/10/2025 0:00,10/10/2025,waypoint,Border Switzerland - France,,0,1571,10/10/2025 0:01,10/10/2025,waypoint,Les Anges,0,not_sleep,
1571,1571,10/10/2025 0:01,10/10/2025,waypoint,Les Anges,,0,1572,10/10/2025 0:02,10/10/2025,waypoint,Pontarlier,0,not_sleep,
1572,1572,10/10/2025 0:02,10/10/2025,waypoint,Pontarlier,,0,1573,10/10/2025 0:04,10/10/2025,waypoint,Chaffois,0,not_sleep,
1573,1573,10/10/2025 0:04,10/10/2025,waypoint,Chaffois,,0,1574,10/10/2025 0:05,10/10/2025,waypoint,Censeau,0,not_sleep,
1574,1574,10/10/2025 0:05,10/10/2025,waypoint,Censeau,,0,1575,10/10/2025 0:06,10/10/2025,waypoint,Chalon-sur Saone,0,not_sleep,
1575,1575,10/10/2025 0:06,10/10/2025,waypoint,Chalon-sur Saone,,0,1576,10/10/2025 0:07,10/10/2025,waypoint,Chalon-sur-Saone,0,not_sleep,
1576,1576,10/10/2025 0:07,10/10/2025,waypoint,Chalon-sur-Saone,,0,1577,10/10/2025 0:08,10/10/2025,waypoint,Montseau-les-Mines,0,not_sleep,
1577,1577,10/10/2025 0:08,10/10/2025,waypoint,Montseau-les-Mines,,0,1578,10/10/2025 0:09,10/10/2025,waypoint,Digoin,0,not_sleep,
1578,1578,10/10/2025 0:09,10/10/2025,waypoint,Digoin,,0,1579,10/10/2025 0:10,10/10/2025,waypoint,Aire des Volcans,0,not_sleep,
1579,1579,10/10/2025 0:10,10/10/2025,waypoint,Aire des Volcans,,0,1580,10/10/2025 0:11,10/10/2025,sleep,Aire des Volcans,0,not_sleep,
1580,1580,10/10/2025 0:11,10/10/2025,sleep,Aire des Volcans,camping,1,1581,10/11/2025 0:00,10/11/2025,waypoint,Aire des Volcans,1,match,
1581,1581,10/11/2025 0:00,10/11/2025,waypoint,Aire des Volcans,,0,1582,10/11/2025 0:01,10/11/2025,waypoint,Aire de Bourges,0,not_sleep,
1582,1582,10/11/2025 0:01,10/11/2025,waypoint,Aire de Bourges,,0,1583,10/11/2025 0:02,10/11/2025,waypoint,Tours peage,0,not_sleep,
1583,1583,10/11/2025 0:02,10/11/2025,waypoint,Tours peage,,0,1584,10/11/2025 0:04,10/11/2025,waypoint,Tours centre,0,not_sleep,
1584,1584,10/11/2025 0:04,10/11/2025,waypoint,Tours centre,,0,1585,10/11/2025 0:04,10/11/2025,waypoint,Saint-Pierre-des-Corps,0,not_sleep,
1585,1585,10/11/2025 0:04,10/11/2025,waypoint,Saint-Pierre-des-Corps,,0,1586,10/11/2025 0:06,10/11/2025,sleep,Juliette parents home,0,not_sleep,
1586,1586,10/11/2025 0:06,10/11/2025,sleep,Juliette parents home,friends,3,1587,10/14/2025 0:00,10/14/2025,waypoint,Tours,3,match,
1587,1587,10/14/2025 0:00,10/14/2025,waypoint,Tours,,0,1588,10/14/2025 0:01,10/14/2025,waypoint,Blois Peage,0,not_sleep,
1588,1588,10/14/2025 0:01,10/14/2025,waypoint,Blois Peage,,0,1589,10/14/2025 0:03,10/14/2025,waypoint,Blois,0,not_sleep,
1589,1589,10/14/2025 0:03,10/14/2025,waypoint,Blois,,0,1590,10/14/2025 0:04,10/14/2025,waypoint,La Chapelle Vendomoise,0,not_sleep,
1590,1590,10/14/2025 0:04,10/14/2025,waypoint,La Chapelle Vendomoise,,0,1591,10/14/2025 0:05,10/14/2025,waypoint,Vendome,0,not_sleep,
1591,1591,10/14/2025 0:05,10/14/2025,waypoint,Vendome,,0,1592,10/14/2025 0:06,10/14/2025,waypoint,Epuisay,0,not_sleep,
1592,1592,10/14/2025 0:06,10/14/2025,waypoint,Epuisay,,0,1593,10/14/2025 0:07,10/14/2025,waypoint,La Ferte Bernard,0,not_sleep,
1593,1593,10/14/2025 0:07,10/14/2025,waypoint,La Ferte Bernard,,0,1594,10/14/2025 0:08,10/14/2025,waypoint,Rennes,0,not_sleep,
1594,1594,10/14/2025 0:08,10/14/2025,waypoint,Rennes,,0,1595,10/14/2025 0:09,10/14/2025,waypoint,Brest Train station,0,not_sleep,
1595,1595,10/14/2025 0:09,10/14/2025,waypoint,Brest Train station,,0,1596,10/14/2025 0:10,10/14/2025,waypoint,Brest Marina,0,not_sleep,
1596,1596,10/14/2025 0:10,10/14/2025,waypoint,Brest Marina,,0,1597,10/14/2025 0:11,10/14/2025,sleep,Bay of Biscay,0,not_sleep,
1597,1597,10/14/2025 0:11,10/14/2025,sleep,Bay of Biscay,boat,1,1598,10/15/2025 0:00,10/15/2025,sleep,Bay of Biscay,1,match,
1598,1598,10/15/2025 0:00,10/15/2025,sleep,Bay of Biscay,boat,1,1599,10/16/2025 0:00,10/16/2025,sleep,Bay of Biscay,1,match,
1599,1599,10/16/2025 0:00,10/16/2025,sleep,Bay of Biscay,boat,1,1600,10/17/2025 0:00,10/17/2025,sleep,Camarinas,1,match,
1600,1600,10/17/2025 0:00,10/17/2025,sleep,Camarinas,boat,1,1601,10/18/2025 0:00,10/18/2025,sleep,Baiona,1,match,
1601,1601,10/18/2025 0:00,10/18/2025,sleep,Baiona,boat,2,1602,10/20/2025 0:00,10/20/2025,sleep,Porto,2,match,
1602,1602,10/20/2025 0:00,10/20/2025,sleep,Porto,boat,2,1603,10/22/2025 0:00,10/22/2025,sleep,Porto,2,match,
1603,1603,10/22/2025 0:00,10/22/2025,sleep,Porto,hostel,1,1604,10/22/2025 0:00,10/22/2025,sleep,Porto,0,mismatch,-1
1604,1604,10/22/2025 0:00,10/22/2025,sleep,Porto,hostel,1,1605,10/23/2025 0:00,10/23/2025,waypoint,Porto,1,match,
1605,1605,10/23/2025 0:00,10/23/2025,waypoint,Porto,,0,1606,10/23/2025 0:01,10/23/2025,waypoint,Porto rest area,0,not_sleep,
1606,1606,10/23/2025 0:01,10/23/2025,waypoint,Porto rest area,,0,1607,10/23/2025 0:02,10/23/2025,waypoint,Rest area Coimbra,0,not_sleep,
1607,1607,10/23/2025 0:02,10/23/2025,waypoint,Rest area Coimbra,,0,1608,10/23/2025 0:03,10/23/2025,waypoint,Rest area Santarem,0,not_sleep,
1608,1608,10/23/2025 0:03,10/23/2025,waypoint,Rest area Santarem,,0,1609,10/23/2025 0:04,10/23/2025,waypoint,Rest area Montijo,0,not_sleep,
1609,1609,10/23/2025 0:04,10/23/2025,waypoint,Rest area Montijo,,0,1610,10/23/2025 0:05,10/23/2025,waypoint,Exit Aljustrel,0,not_sleep,
1610,1610,10/23/2025 0:05,10/23/2025,waypoint,Exit Aljustrel,,0,1611,10/23/2025 0:06,10/23/2025,waypoint,Aljustrel,0,not_sleep,
1611,1611,10/23/2025 0:06,10/23/2025,waypoint,Aljustrel,,0,1612,10/23/2025 0:07,10/23/2025,sleep,"Aljustrel, Molinos",0,not_sleep,
1612,1612,10/23/2025 0:07,10/23/2025,sleep,"Aljustrel, Molinos",camping,1,1613,10/24/2025 0:00,10/24/2025,waypoint,Aljustrel,1,match,
1613,1613,10/24/2025 0:00,10/24/2025,waypoint,Aljustrel,,0,1614,10/24/2025 0:01,10/24/2025,waypoint,Messajana,0,not_sleep,
1614,1614,10/24/2025 0:01,10/24/2025,waypoint,Messajana,,0,1615,10/24/2025 0:02,10/24/2025,waypoint,Odemiras,0,not_sleep,
1615,1615,10/24/2025 0:02,10/24/2025,waypoint,Odemiras,,0,1616,10/24/2025 0:03,10/24/2025,waypoint,Odeceixe,0,not_sleep,
1616,1616,10/24/2025 0:03,10/24/2025,waypoint,Odeceixe,,0,1617,10/24/2025 0:04,10/24/2025,waypoint,Praia de Odeceixe,0,not_sleep,
1617,1617,10/24/2025 0:04,10/24/2025,waypoint,Praia de Odeceixe,,0,1618,10/24/2025 0:05,10/24/2025,waypoint,Aljezur,0,not_sleep,
1618,1618,10/24/2025 0:05,10/24/2025,waypoint,Aljezur,,0,1619,10/24/2025 0:07,10/24/2025,waypoint,Carrapateira,0,not_sleep,
1619,1619,10/24/2025 0:07,10/24/2025,waypoint,Carrapateira,,0,1620,10/24/2025 0:08,10/24/2025,waypoint,Carrapateira beach,0,not_sleep,
1620,1620,10/24/2025 0:08,10/24/2025,waypoint,Carrapateira beach,,0,1621,10/24/2025 0:09,10/24/2025,sleep,Carrapateira beach,0,not_sleep,
1621,1621,10/24/2025 0:09,10/24/2025,sleep,Carrapateira beach,camping,1,1622,10/25/2025 0:00,10/25/2025,waypoint,Carrapateira beach,1,match,
1622,1622,10/25/2025 0:00,10/25/2025,waypoint,Carrapateira beach,,0,1623,10/25/2025 0:01,10/25/2025,waypoint,Carrapateira,0,not_sleep,
1623,1623,10/25/2025 0:01,10/25/2025,waypoint,Carrapateira,,0,1624,10/25/2025 0:02,10/25/2025,waypoint,Aljezur,0,not_sleep,
1624,1624,10/25/2025 0:02,10/25/2025,waypoint,Aljezur,,0,1625,10/25/2025 0:03,10/25/2025,waypoint,Picota,0,not_sleep,
1625,1625,10/25/2025 0:03,10/25/2025,waypoint,Picota,,0,1626,10/25/2025 0:04,10/25/2025,sleep,Picota,0,not_sleep,
1626,1626,10/25/2025 0:04,10/25/2025,sleep,Picota,camping,1,1627,10/26/2025 0:00,10/26/2025,waypoint,Monchique,1,match,
1627,1627,10/26/2025 0:00,10/26/2025,waypoint,Monchique,,0,1628,10/26/2025 0:02,10/26/2025,waypoint,Portimao,0,not_sleep,
1628,1628,10/26/2025 0:02,10/26/2025,waypoint,Portimao,,0,1629,10/26/2025 0:03,10/26/2025,waypoint,Portimao,0,not_sleep,
1629,1629,10/26/2025 0:03,10/26/2025,waypoint,Portimao,,0,1630,10/26/2025 0:04,10/26/2025,sleep,Portimao beaches,0,not_sleep,
1630,1630,10/26/2025 0:04,10/26/2025,sleep,Portimao beaches,camping,2,1631,10/28/2025 0:00,10/28/2025,waypoint,Portimao,2,match,
1631,1631,10/28/2025 0:00,10/28/2025,waypoint,Portimao,,0,1632,10/28/2025 0:01,10/28/2025,waypoint,Portimao salida,0,not_sleep,
1632,1632,10/28/2025 0:01,10/28/2025,waypoint,Portimao salida,,0,1633,10/28/2025 0:02,10/28/2025,waypoint,Malheiro,0,not_sleep,
1633,1633,10/28/2025 0:02,10/28/2025,waypoint,Malheiro,,0,1634,10/28/2025 0:03,10/28/2025,waypoint,Monchique,0,not_sleep,
1634,1634,10/28/2025 0:03,10/28/2025,waypoint,Monchique,,0,1635,10/28/2025 0:04,10/28/2025,waypoint,Nave Redonda,0,not_sleep,
1635,1635,10/28/2025 0:04,10/28/2025,waypoint,Nave Redonda,,0,1636,10/28/2025 0:05,10/28/2025,sleep,Pereiras gare,0,not_sleep,
1636,1636,10/28/2025 0:05,10/28/2025,sleep,Pereiras gare,volunteering,3,1637,10/31/2025 0:00,10/31/2025,waypoint,Pereiras gare,3,match,
1637,1637,10/31/2025 0:00,10/31/2025,waypoint,Pereiras gare,,0,1638,10/31/2025 0:01,10/31/2025,waypoint,Viradouro,0,not_sleep,
1638,1638,10/31/2025 0:01,10/31/2025,waypoint,Viradouro,,0,1639,10/31/2025 0:03,10/31/2025,waypoint,Boavista,0,not_sleep,
1639,1639,10/31/2025 0:03,10/31/2025,waypoint,Boavista,,0,1640,10/31/2025 0:04,10/31/2025,waypoint,Carrapateira,0,not_sleep,
1640,1640,10/31/2025 0:04,10/31/2025,waypoint,Carrapateira,,0,1641,10/31/2025 0:05,10/31/2025,waypoint,Vola do Bispo,0,not_sleep,
1641,1641,10/31/2025 0:05,10/31/2025,waypoint,Vola do Bispo,,0,1642,10/31/2025 0:06,10/31/2025,waypoint,Budens,0,not_sleep,
1642,1642,10/31/2025 0:06,10/31/2025,waypoint,Budens,,0,1643,10/31/2025 0:07,10/31/2025,waypoint,Lagos,0,not_sleep,
1643,1643,10/31/2025 0:07,10/31/2025,waypoint,Lagos,,0,1644,10/31/2025 0:08,10/31/2025,sleep,Lagos beaches,0,not_sleep,
1644,1644,10/31/2025 0:08,10/31/2025,sleep,Lagos beaches,camping,1,1645,11/1/2025 0:00,11/1/2025,waypoint,Lagos,1,match,
1645,1645,11/1/2025 0:00,11/1/2025,waypoint,Lagos,,0,1646,11/1/2025 0:01,11/1/2025,waypoint,Lagos outskirts,0,not_sleep,
1646,1646,11/1/2025 0:01,11/1/2025,waypoint,Lagos outskirts,,0,1647,11/1/2025 0:02,11/1/2025,waypoint,Aqua Portimao,0,not_sleep,
1647,1647,11/1/2025 0:02,11/1/2025,waypoint,Aqua Portimao,,0,1648,11/1/2025 0:03,11/1/2025,waypoint,Alvor,0,not_sleep,
1648,1648,11/1/2025 0:03,11/1/2025,waypoint,Alvor,,0,1649,11/1/2025 0:05,11/1/2025,sleep,Portimao Beach,0,not_sleep,
1649,1649,11/1/2025 0:05,11/1/2025,sleep,Portimao Beach,camping,3,1650,11/4/2025 0:00,11/4/2025,waypoint,Alvor,3,match,
1650,1650,11/4/2025 0:00,11/4/2025,waypoint,Alvor,,0,1651,11/4/2025 0:01,11/4/2025,waypoint,Portimao,0,not_sleep,
1651,1651,11/4/2025 0:01,11/4/2025,waypoint,Portimao,,0,1652,11/4/2025 0:03,11/4/2025,waypoint,Lagos,0,not_sleep,
1652,1652,11/4/2025 0:03,11/4/2025,waypoint,Lagos,,0,1653,11/4/2025 0:05,11/4/2025,sleep,Lagos marina,0,not_sleep,
1653,1653,11/4/2025 0:05,11/4/2025,sleep,Lagos marina,boat,2,1654,11/6/2025 0:00,11/6/2025,sleep,Bay of Huelva,2,match,
1654,1654,11/6/2025 0:00,11/6/2025,sleep,Bay of Huelva,boat,1,1655,11/7/2025 0:00,11/7/2025,sleep,Cadiz,1,match,
1655,1655,11/7/2025 0:00,11/7/2025,sleep,Cadiz,boat,1,1656,11/8/2025 0:00,11/8/2025,sleep,La Linea de la Conception,1,match,
1656,1656,11/8/2025 0:00,11/8/2025,sleep,La Linea de la Conception,boat,2,1657,11/10/2025 0:00,11/10/2025,waypoint,La Linea de la Conception,2,match,
1657,1657,11/10/2025 0:00,11/10/2025,waypoint,La Linea de la Conception,,0,1658,11/10/2025 0:01,11/10/2025,waypoint,Entry highway,0,not_sleep,
1658,1658,11/10/2025 0:01,11/10/2025,waypoint,Entry highway,,0,1659,11/10/2025 0:02,11/10/2025,waypoint,Torrguadiaro,0,not_sleep,
1659,1659,11/10/2025 0:02,11/10/2025,waypoint,Torrguadiaro,,0,1660,11/10/2025 0:04,11/10/2025,waypoint,Estepona,0,not_sleep,
1660,1660,11/10/2025 0:04,11/10/2025,waypoint,Estepona,,0,1661,11/10/2025 0:05,11/10/2025,waypoint,Rest area before Malaga,0,not_sleep,
1661,1661,11/10/2025 0:05,11/10/2025,waypoint,Rest area before Malaga,,0,1662,11/10/2025 0:07,11/10/2025,sleep,Torremolinos,0,not_sleep,
1662,1662,11/10/2025 0:07,11/10/2025,sleep,Torremolinos,camping,1,1663,11/11/2025 0:00,11/11/2025,waypoint,Rest area before Malaga,1,match,
1663,1663,11/11/2025 0:00,11/11/2025,waypoint,Rest area before Malaga,,0,1664,11/11/2025 0:01,11/11/2025,waypoint,Rest area after Malaga,0,not_sleep,
1664,1664,11/11/2025 0:01,11/11/2025,waypoint,Rest area after Malaga,,0,1665,11/11/2025 0:02,11/11/2025,waypoint,Rest area in Loja,0,not_sleep,
1665,1665,11/11/2025 0:02,11/11/2025,waypoint,Rest area in Loja,,0,1666,11/11/2025 0:03,11/11/2025,waypoint,Huetor Tajar,0,not_sleep,
1666,1666,11/11/2025 0:03,11/11/2025,waypoint,Huetor Tajar,,0,1667,11/11/2025 0:04,11/11/2025,waypoint,Huetor Tajar,0,not_sleep,
1667,1667,11/11/2025 0:04,11/11/2025,waypoint,Huetor Tajar,,0,1668,11/11/2025 0:06,11/11/2025,waypoint,La Fabrica,0,not_sleep,
1668,1668,11/11/2025 0:06,11/11/2025,waypoint,La Fabrica,,0,1669,11/11/2025 0:07,11/11/2025,waypoint,Middle of nowhere,0,not_sleep,
1669,1669,11/11/2025 0:07,11/11/2025,waypoint,Middle of nowhere,,0,1670,11/11/2025 0:08,11/11/2025,waypoint,Montefrio,0,not_sleep,
1670,1670,11/11/2025 0:08,11/11/2025,waypoint,Montefrio,,0,1671,11/11/2025 0:09,11/11/2025,sleep,Montefrio,0,not_sleep,
1671,1671,11/11/2025 0:09,11/11/2025,sleep,Montefrio,camping,1,1672,11/12/2025 0:00,11/12/2025,waypoint,Montefrio,1,match,
1672,1672,11/12/2025 0:00,11/12/2025,waypoint,Montefrio,,0,1673,11/12/2025 0:01,11/12/2025,waypoint,Gas station,0,not_sleep,
1673,1673,11/12/2025 0:01,11/12/2025,waypoint,Gas station,,0,1674,11/12/2025 0:02,11/12/2025,waypoint,Huetor Tajar,0,not_sleep,
1674,1674,11/12/2025 0:02,11/12/2025,waypoint,Huetor Tajar,,0,1675,11/12/2025 0:04,11/12/2025,sleep,Loja,0,not_sleep,
1675,1675,11/12/2025 0:04,11/12/2025,sleep,Loja,camping,1,1676,11/13/2025 0:00,11/13/2025,waypoint,Rest area before Loja,1,match,
1676,1676,11/13/2025 0:00,11/13/2025,waypoint,Rest area before Loja,,0,1677,11/13/2025 0:01,11/13/2025,waypoint,Salinas,0,not_sleep,
1677,1677,11/13/2025 0:01,11/13/2025,waypoint,Salinas,,0,1678,11/13/2025 0:03,11/13/2025,waypoint,Salinas,0,not_sleep,
1678,1678,11/13/2025 0:03,11/13/2025,waypoint,Salinas,,0,1679,11/13/2025 0:04,11/13/2025,waypoint,Iznajar,0,not_sleep,
1679,1679,11/13/2025 0:04,11/13/2025,waypoint,Iznajar,,0,1680,11/13/2025 0:06,11/13/2025,waypoint,Iznajar,0,not_sleep,
1680,1680,11/13/2025 0:06,11/13/2025,waypoint,Iznajar,,0,1681,11/13/2025 0:06,11/13/2025,waypoint,Rute,0,not_sleep,
1681,1681,11/13/2025 0:06,11/13/2025,waypoint,Rute,,0,1682,11/13/2025 0:07,11/13/2025,waypoint,Cabra,0,not_sleep,
1682,1682,11/13/2025 0:07,11/13/2025,waypoint,Cabra,,0,1683,11/13/2025 0:09,11/13/2025,sleep,Dona Mencia,0,not_sleep,
1683,1683,11/13/2025 0:09,11/13/2025,sleep,Dona Mencia,house,2,1684,11/15/2025 0:00,11/15/2025,waypoint,Rest area before Lucena,2,match,
1684,1684,11/15/2025 0:00,11/15/2025,waypoint,Rest area before Lucena,,0,1685,11/15/2025 0:01,11/15/2025,waypoint,Malaga,0,not_sleep,
1685,1685,11/15/2025 0:01,11/15/2025,waypoint,Malaga,,0,1686,11/15/2025 0:03,11/15/2025,sleep,Rincon de la Victoria,0,not_sleep,
1686,1686,11/15/2025 0:03,11/15/2025,sleep,Rincon de la Victoria,airbnb,1,1687,11/16/2025 0:00,11/16/2025,waypoint,RIncon de la Victoria,1,match,
1687,1687,11/16/2025 0:00,11/16/2025,waypoint,RIncon de la Victoria,,0,1688,11/16/2025 0:01,11/16/2025,waypoint,Torre del Mar,0,not_sleep,
1688,1688,11/16/2025 0:01,11/16/2025,waypoint,Torre del Mar,,0,1689,11/16/2025 0:04,11/16/2025,sleep,Torre del Mar,0,not_sleep,
1689,1689,11/16/2025 0:04,11/16/2025,sleep,Torre del Mar,camping,1,1690,11/17/2025 0:00,11/17/2025,waypoint,Torre del Mar,1,match,
1690,1690,11/17/2025 0:00,11/17/2025,waypoint,Torre del Mar,,0,1691,11/17/2025 0:01,11/17/2025,waypoint,"Los Puertas, entry highway",0,not_sleep,
1691,1691,11/17/2025 0:01,11/17/2025,waypoint,"Los Puertas, entry highway",,0,1692,11/17/2025 0:02,11/17/2025,waypoint,Rest area before La Roda,0,not_sleep,
1692,1692,11/17/2025 0:02,11/17/2025,waypoint,Rest area before La Roda,,0,1693,11/17/2025 0:05,11/17/2025,waypoint,Sevilla,0,not_sleep,
1693,1693,11/17/2025 0:05,11/17/2025,waypoint,Sevilla,,0,1694,11/17/2025 0:06,11/17/2025,sleep,"Sevilla, port",0,not_sleep,
1694,1694,11/17/2025 0:06,11/17/2025,sleep,"Sevilla, port",camping,1,1695,11/18/2025 0:00,11/18/2025,sleep,Sevilla,1,match,
1695,1695,11/18/2025 0:00,11/18/2025,sleep,Sevilla,camping,2,1696,11/20/2025 0:00,11/20/2025,sleep,"Sevilla, parque Alamillo",2,match,
1696,1696,11/20/2025 0:00,11/20/2025,sleep,"Sevilla, parque Alamillo",camping,1,1697,11/21/2025 0:00,11/21/2025,sleep,Manu's apartment,1,match,
1697,1697,11/21/2025 0:00,11/21/2025,sleep,Manu's apartment,house,1,1698,11/22/2025 0:00,11/22/2025,waypoint,"Sevilla, salida",1,match,
1698,1698,11/22/2025 0:00,11/22/2025,waypoint,"Sevilla, salida",,0,1699,11/22/2025 0:01,11/22/2025,waypoint,Gas station before Huelva,0,not_sleep,
1699,1699,11/22/2025 0:01,11/22/2025,waypoint,Gas station before Huelva,,0,1700,11/22/2025 0:02,11/22/2025,waypoint,Rest area before Albufeira,0,not_sleep,
1700,1700,11/22/2025 0:02,11/22/2025,waypoint,Rest area before Albufeira,,0,1701,11/22/2025 0:05,11/22/2025,waypoint,Lagos,0,not_sleep,
1701,1701,11/22/2025 0:05,11/22/2025,waypoint,Lagos,,0,1702,11/22/2025 0:06,11/22/2025,sleep,"Lagos, apartment of Vim",0,not_sleep,
1702,1702,11/22/2025 0:06,11/22/2025,sleep,"Lagos, apartment of Vim",house,2,1703,11/24/2025 0:00,11/24/2025,waypoint,Lagos,2,match,
1703,1703,11/24/2025 0:00,11/24/2025,waypoint,Lagos,,0,1704,11/24/2025 0:01,11/24/2025,waypoint,Portimao,0,not_sleep,
1704,1704,11/24/2025 0:01,11/24/2025,waypoint,Portimao,,0,1705,11/24/2025 0:03,11/24/2025,sleep,Portimao Hotel La Perla,0,not_sleep,
1705,1705,11/24/2025 0:03,11/24/2025,sleep,Portimao Hotel La Perla,hostel,2,1706,11/26/2025 0:00,11/26/2025,waypoint,Portimao,2,match,
1706,1706,11/26/2025 0:00,11/26/2025,waypoint,Portimao,,0,1707,11/26/2025 0:01,11/26/2025,waypoint,Rest area Silves Sur,0,not_sleep,
1707,1707,11/26/2025 0:01,11/26/2025,waypoint,Rest area Silves Sur,,0,1708,11/26/2025 0:02,11/26/2025,waypoint,Albufeira,0,not_sleep,
1708,1708,11/26/2025 0:02,11/26/2025,waypoint,Albufeira,,0,1709,11/26/2025 0:04,11/26/2025,waypoint,Albufeira gas station,0,not_sleep,
1709,1709,11/26/2025 0:04,11/26/2025,waypoint,Albufeira gas station,,0,1710,11/26/2025 0:05,11/26/2025,waypoint,Albufeira bus terminal,0,not_sleep,
1710,1710,11/26/2025 0:05,11/26/2025,waypoint,Albufeira bus terminal,,0,1711,11/26/2025 0:06,11/26/2025,waypoint,Lisbon Siete Rios,0,not_sleep,
1711,1711,11/26/2025 0:06,11/26/2025,waypoint,Lisbon Siete Rios,,0,1712,11/26/2025 0:07,11/26/2025,sleep,Lisbon Park Monsanto,0,not_sleep,
1712,1712,11/26/2025 0:07,11/26/2025,sleep,Lisbon Park Monsanto,camping,1,1713,11/27/2025 0:00,11/27/2025,waypoint,Lisbon Siete Rios,1,match,
1713,1713,11/27/2025 0:00,11/27/2025,waypoint,Lisbon Siete Rios,,0,1714,11/27/2025 0:01,11/27/2025,waypoint,Madrid Sur,0,not_sleep,
1714,1714,11/27/2025 0:01,11/27/2025,waypoint,Madrid Sur,,0,1715,11/27/2025 0:04,11/27/2025,sleep,Madrid apartment de Guillermo,0,not_sleep,
1715,1715,11/27/2025 0:04,11/27/2025,sleep,Madrid apartment de Guillermo,house,1,1716,11/28/2025 0:00,11/28/2025,waypoint,Madrid airport,1,match,
1716,1716,11/28/2025 0:00,11/28/2025,waypoint,Madrid airport,,0,1717,11/28/2025 0:02,11/28/2025,waypoint,"Santiago de Chile, airport",0,not_sleep,
1717,1717,11/28/2025 0:02,11/28/2025,waypoint,"Santiago de Chile, airport",,0,1718,11/28/2025 0:04,11/28/2025,sleep,Santiago house of family of Javi,0,not_sleep,
1718,1718,11/28/2025 0:04,11/28/2025,sleep,Santiago house of family of Javi,house,3,1719,12/1/2025 0:00,12/1/2025,waypoint,Curico,3,match,
1719,1719,12/1/2025 0:00,12/1/2025,waypoint,Curico,,0,1720,12/1/2025 0:01,12/1/2025,waypoint,Parral,0,not_sleep,
1720,1720,12/1/2025 0:01,12/1/2025,waypoint,Parral,,0,1721,12/1/2025 0:04,12/1/2025,sleep,"Villa Baviera, Eduardos apartment ",0,not_sleep,
1721,1721,12/1/2025 0:04,12/1/2025,sleep,"Villa Baviera, Eduardos apartment ",house,1,1722,12/2/2025 0:00,12/2/2025,waypoint,La balsa,1,match,
1722,1722,12/2/2025 0:00,12/2/2025,waypoint,La balsa,,0,1723,12/2/2025 0:03,12/2/2025,sleep,La balsa,0,not_sleep,
1723,1723,12/2/2025 0:03,12/2/2025,sleep,La balsa,camping,2,1724,12/4/2025 0:00,12/4/2025,waypoint,Somewhere,2,match,
1724,1724,12/4/2025 0:00,12/4/2025,waypoint,Somewhere,,0,1725,12/4/2025 0:01,12/4/2025,waypoint,La balsa,0,not_sleep,
1725,1725,12/4/2025 0:01,12/4/2025,waypoint,La balsa,,0,1726,12/4/2025 0:04,12/4/2025,waypoint,Paso Ancho,0,not_sleep,
1726,1726,12/4/2025 0:04,12/4/2025,waypoint,Paso Ancho,,0,1727,12/4/2025 0:05,12/4/2025,waypoint,San Fabian,0,not_sleep,
1727,1727,12/4/2025 0:05,12/4/2025,waypoint,San Fabian,,0,1728,12/4/2025 0:06,12/4/2025,sleep,San Fabian Balneario,0,not_sleep,
1728,1728,12/4/2025 0:06,12/4/2025,sleep,San Fabian Balneario,camping,1,1729,12/5/2025 0:00,12/5/2025,waypoint,San Fabian,1,match,
1729,1729,12/5/2025 0:00,12/5/2025,waypoint,San Fabian,,0,1730,12/5/2025 0:01,12/5/2025,waypoint,San Carlos,0,not_sleep,
1730,1730,12/5/2025 0:01,12/5/2025,waypoint,San Carlos,,0,1731,12/5/2025 0:02,12/5/2025,waypoint,San Carlos,0,not_sleep,
1731,1731,12/5/2025 0:02,12/5/2025,waypoint,San Carlos,,0,1732,12/5/2025 0:03,12/5/2025,waypoint,Chillan Terminal,0,not_sleep,
1732,1732,12/5/2025 0:03,12/5/2025,waypoint,Chillan Terminal,,0,1733,12/5/2025 0:06,12/5/2025,waypoint,Pinto,0,not_sleep,
1733,1733,12/5/2025 0:06,12/5/2025,waypoint,Pinto,,0,1734,12/5/2025 0:07,12/5/2025,sleep,Pinto,0,not_sleep,
1734,1734,12/5/2025 0:07,12/5/2025,sleep,Pinto,camping,1,1735,12/6/2025 0:00,12/6/2025,waypoint,Pinto,1,match,
1735,1735,12/6/2025 0:00,12/6/2025,waypoint,Pinto,,0,1736,12/6/2025 0:02,12/6/2025,waypoint,Outside Pinto,0,not_sleep,
1736,1736,12/6/2025 0:02,12/6/2025,waypoint,Outside Pinto,,0,1737,12/6/2025 0:04,12/6/2025,waypoint,Las Talcas,0,not_sleep,
1737,1737,12/6/2025 0:04,12/6/2025,waypoint,Las Talcas,,0,1738,12/6/2025 0:06,12/6/2025,waypoint,"Las Talcas, Police station",0,not_sleep,
1738,1738,12/6/2025 0:06,12/6/2025,waypoint,"Las Talcas, Police station",,0,1739,12/6/2025 0:08,12/6/2025,waypoint,Las termas de Chillan,0,not_sleep,
1739,1739,12/6/2025 0:08,12/6/2025,waypoint,Las termas de Chillan,,0,1740,12/6/2025 0:09,12/6/2025,sleep,Aguas calientes de Chillan,0,not_sleep,
1740,1740,12/6/2025 0:09,12/6/2025,sleep,Aguas calientes de Chillan,camping,1,1741,12/7/2025 0:00,12/7/2025,waypoint,Las termas de Chillan,1,match,
1741,1741,12/7/2025 0:00,12/7/2025,waypoint,Las termas de Chillan,,0,1742,12/7/2025 0:01,12/7/2025,waypoint,Recinto,0,not_sleep,
1742,1742,12/7/2025 0:01,12/7/2025,waypoint,Recinto,,0,1743,12/7/2025 0:03,12/7/2025,waypoint,Chillan,0,not_sleep,
1743,1743,12/7/2025 0:03,12/7/2025,waypoint,Chillan,,0,1744,12/7/2025 0:06,12/7/2025,waypoint,Penco,0,not_sleep,
1744,1744,12/7/2025 0:06,12/7/2025,waypoint,Penco,,0,1745,12/7/2025 0:07,12/7/2025,sleep,"San Pedro, house of Lucianos family",0,not_sleep,
1745,1745,12/7/2025 0:07,12/7/2025,sleep,"San Pedro, house of Lucianos family",friends,6,1746,12/13/2025 0:00,12/13/2025,waypoint,Lirquen,6,match,
1746,1746,12/13/2025 0:00,12/13/2025,waypoint,Lirquen,,0,1747,12/13/2025 0:01,12/13/2025,sleep,Playa Punta Parra,0,not_sleep,
1747,1747,12/13/2025 0:01,12/13/2025,sleep,Playa Punta Parra,camping,1,1748,12/14/2025 0:00,12/14/2025,waypoint,Tome,1,match,
1748,1748,12/14/2025 0:00,12/14/2025,waypoint,Tome,,0,1749,12/14/2025 0:01,12/14/2025,sleep,"San Pedro, house of Lucianos family",0,not_sleep,
1749,1749,12/14/2025 0:01,12/14/2025,sleep,"San Pedro, house of Lucianos family",friends,2,1750,12/16/2025 0:00,12/16/2025,waypoint,"Concepcion, outskirts",2,match,
1750,1750,12/16/2025 0:00,12/16/2025,waypoint,"Concepcion, outskirts",,0,1751,12/16/2025 0:01,12/16/2025,waypoint,Yumbel,0,not_sleep,
1751,1751,12/16/2025 0:01,12/16/2025,waypoint,Yumbel,,0,1752,12/16/2025 0:02,12/16/2025,waypoint,Salto la Laja,0,not_sleep,
1752,1752,12/16/2025 0:02,12/16/2025,waypoint,Salto la Laja,,0,1753,12/16/2025 0:03,12/16/2025,waypoint,Los Angeles,0,not_sleep,
1753,1753,12/16/2025 0:03,12/16/2025,waypoint,Los Angeles,,0,1754,12/16/2025 0:04,12/16/2025,waypoint,Los Angeles,0,not_sleep,
1754,1754,12/16/2025 0:04,12/16/2025,waypoint,Los Angeles,,0,1755,12/16/2025 0:05,12/16/2025,waypoint,Los Angeles,0,not_sleep,
1755,1755,12/16/2025 0:05,12/16/2025,waypoint,Los Angeles,,0,1756,12/16/2025 0:06,12/16/2025,waypoint,Mulchen,0,not_sleep,
1756,1756,12/16/2025 0:06,12/16/2025,waypoint,Mulchen,,0,1757,12/16/2025 0:07,12/16/2025,waypoint,La Esperanza,0,not_sleep,
1757,1757,12/16/2025 0:07,12/16/2025,waypoint,La Esperanza,,0,1758,12/16/2025 0:08,12/16/2025,waypoint,Villarica,0,not_sleep,
1758,1758,12/16/2025 0:08,12/16/2025,waypoint,Villarica,,0,1759,12/16/2025 0:09,12/16/2025,sleep,Villarica,0,not_sleep,
1759,1759,12/16/2025 0:09,12/16/2025,sleep,Villarica,camping,1,1760,12/17/2025 0:00,12/17/2025,waypoint,"Villarica, salida",1,match,
1760,1760,12/17/2025 0:00,12/17/2025,waypoint,"Villarica, salida",,0,1761,12/17/2025 0:01,12/17/2025,waypoint,Pucon,0,not_sleep,
1761,1761,12/17/2025 0:01,12/17/2025,waypoint,Pucon,,0,1762,12/17/2025 0:02,12/17/2025,sleep,Caburgua,0,not_sleep,
1762,1762,12/17/2025 0:02,12/17/2025,sleep,Caburgua,house,1,1763,12/18/2025 0:00,12/18/2025,waypoint,Playa Negra,1,match,
1763,1763,12/18/2025 0:00,12/18/2025,waypoint,Playa Negra,,0,1764,12/18/2025 0:03,12/18/2025,waypoint,Caburgua,0,not_sleep,
1764,1764,12/18/2025 0:03,12/18/2025,waypoint,Caburgua,,0,1765,12/18/2025 0:04,12/18/2025,waypoint,Pucon airport,0,not_sleep,
1765,1765,12/18/2025 0:04,12/18/2025,waypoint,Pucon airport,,0,1766,12/18/2025 0:05,12/18/2025,waypoint,Pucon,0,not_sleep,
1766,1766,12/18/2025 0:05,12/18/2025,waypoint,Pucon,,0,1767,12/18/2025 0:06,12/18/2025,sleep,Pucon. playa grande,0,not_sleep,
1767,1767,12/18/2025 0:06,12/18/2025,sleep,Pucon. playa grande,camping,1,1768,12/19/2025 0:00,12/19/2025,waypoint,Pucon,1,match,
1768,1768,12/19/2025 0:00,12/19/2025,waypoint,Pucon,,0,1769,12/19/2025 0:01,12/19/2025,waypoint,Villarica,0,not_sleep,
1769,1769,12/19/2025 0:01,12/19/2025,waypoint,Villarica,,0,1770,12/19/2025 0:03,12/19/2025,waypoint,"Villarica, hospital",0,not_sleep,
1770,1770,12/19/2025 0:03,12/19/2025,waypoint,"Villarica, hospital",,0,1771,12/19/2025 0:05,12/19/2025,waypoint,Temuco,0,not_sleep,
1771,1771,12/19/2025 0:05,12/19/2025,waypoint,Temuco,,0,1772,12/19/2025 0:07,12/19/2025,sleep,"Hostal la casa, Temuco",0,not_sleep,
1772,1772,12/19/2025 0:07,12/19/2025,sleep,"Hostal la casa, Temuco",hostel,2,1773,12/21/2025 0:00,12/21/2025,waypoint,"Temuco, salida",2,match,
1773,1773,12/21/2025 0:00,12/21/2025,waypoint,"Temuco, salida",,0,1774,12/21/2025 0:01,12/21/2025,waypoint,Poluco,0,not_sleep,
1774,1774,12/21/2025 0:01,12/21/2025,waypoint,Poluco,,0,1775,12/21/2025 0:02,12/21/2025,waypoint,Cunco,0,not_sleep,
1775,1775,12/21/2025 0:02,12/21/2025,waypoint,Cunco,,0,1776,12/21/2025 0:05,12/21/2025,waypoint,Melipeuco,0,not_sleep,
1776,1776,12/21/2025 0:05,12/21/2025,waypoint,Melipeuco,,0,1777,12/21/2025 0:06,12/21/2025,waypoint,Melipeuco,0,not_sleep,
1777,1777,12/21/2025 0:06,12/21/2025,waypoint,Melipeuco,,0,1778,12/21/2025 0:07,12/21/2025,waypoint,Cascada Truful Truful,0,not_sleep,
1778,1778,12/21/2025 0:07,12/21/2025,waypoint,Cascada Truful Truful,,0,1779,12/21/2025 0:08,12/21/2025,sleep,Laguna Verde,0,not_sleep,
1779,1779,12/21/2025 0:08,12/21/2025,sleep,Laguna Verde,camping,1,1780,12/22/2025 0:00,12/22/2025,waypoint,Laguna Arcoiris,1,match,
1780,1780,12/22/2025 0:00,12/22/2025,waypoint,Laguna Arcoiris,,0,1781,12/22/2025 0:01,12/22/2025,waypoint,Conguillio,0,not_sleep,
1781,1781,12/22/2025 0:01,12/22/2025,waypoint,Conguillio,,0,1782,12/22/2025 0:03,12/22/2025,waypoint,Conguillio,0,not_sleep,
1782,1782,12/22/2025 0:03,12/22/2025,waypoint,Conguillio,,0,1783,12/22/2025 0:04,12/22/2025,waypoint,Melipeuco,0,not_sleep,
1783,1783,12/22/2025 0:04,12/22/2025,waypoint,Melipeuco,,0,1784,12/22/2025 0:07,12/22/2025,sleep,Melipeuco,0,not_sleep,
1784,1784,12/22/2025 0:07,12/22/2025,sleep,Melipeuco,camping,1,1785,12/23/2025 0:00,12/23/2025,waypoint,Melipeuco,1,match,
1785,1785,12/23/2025 0:00,12/23/2025,waypoint,Melipeuco,,1,1786,12/23/2025 0:01,12/23/2025,waypoint,Path to Canelo waterfall,0,not_sleep,
1786,1786,12/23/2025 0:01,12/23/2025,waypoint,Path to Canelo waterfall,,1,1787,12/23/2025 0:02,12/23/2025,sleep,Waterfall Canelo,0,not_sleep,
1787,1787,12/23/2025 0:02,12/23/2025,sleep,Waterfall Canelo,camping,1,1788,12/24/2025 0:00,12/24/2025,waypoint,Path to canelo waterfall,1,match,
1788,1788,12/24/2025 0:00,12/24/2025,waypoint,Path to canelo waterfall,,1,1789,12/24/2025 0:01,12/24/2025,waypoint,Melipeuco,0,not_sleep,
1789,1789,12/24/2025 0:01,12/24/2025,waypoint,Melipeuco,,1,1790,12/24/2025 0:03,12/24/2025,waypoint,Cunco,0,not_sleep,
1790,1790,12/24/2025 0:03,12/24/2025,waypoint,Cunco,,1,1791,12/24/2025 0:04,12/24/2025,waypoint,Temuco,0,not_sleep,
1791,1791,12/24/2025 0:04,12/24/2025,waypoint,Temuco,,1,1792,12/24/2025 0:06,12/24/2025,sleep,"Hostal la casa, Temuco",0,not_sleep,
1792,1792,12/24/2025 0:06,12/24/2025,sleep,"Hostal la casa, Temuco",hostel,1,1793,12/25/2025 0:00,12/25/2025,waypoint,Cunco,1,match,
1793,1793,12/25/2025 0:00,12/25/2025,waypoint,Cunco,,1,1795,12/25/2025 0:02,12/25/2025,waypoint,Before Melipeuco,0,not_sleep,
1794,1795,12/25/2025 0:02,12/25/2025,waypoint,Before Melipeuco,,1,1794,12/25/2025 0:03,12/25/2025,waypoint,Cascada truful truful,0,not_sleep,
1795,1794,12/25/2025 0:03,12/25/2025,waypoint,Cascada truful truful,,1,1796,12/25/2025 0:04,12/25/2025,waypoint,Outside Melipeuco,0,not_sleep,
1796,1796,12/25/2025 0:04,12/25/2025,waypoint,Outside Melipeuco,,1,1797,12/25/2025 0:06,12/25/2025,waypoint,Melipeuco,0,not_sleep,
1797,1797,12/25/2025 0:06,12/25/2025,waypoint,Melipeuco,,1,1798,12/25/2025 0:08,12/25/2025,waypoint,Villarica,0,not_sleep,
1798,1798,12/25/2025 0:08,12/25/2025,waypoint,Villarica,,1,1799,12/25/2025 0:09,12/25/2025,sleep,Villarica Playa Blanca,0,not_sleep,
1799,1799,12/25/2025 0:09,12/25/2025,sleep,Villarica Playa Blanca,camping,1,1800,12/26/2025 0:00,12/26/2025,waypoint,Pucon,1,match,
1800,1800,12/26/2025 0:00,12/26/2025,waypoint,Pucon,,1,1801,12/26/2025 0:01,12/26/2025,sleep,Pucon Playa Grande,0,not_sleep,
1801,1801,12/26/2025 0:01,12/26/2025,sleep,Pucon Playa Grande,camping,1,1802,12/27/2025 0:00,12/27/2025,waypoint,Pucon,1,match,
1802,1802,12/27/2025 0:00,12/27/2025,waypoint,Pucon,,1,1803,12/27/2025 0:01,12/27/2025,waypoint,"Caburgua, Playa Blanca",0,not_sleep,
1803,1803,12/27/2025 0:01,12/27/2025,waypoint,"Caburgua, Playa Blanca",,1,1804,12/27/2025 0:03,12/27/2025,sleep,Playa Blanca,0,not_sleep,
1804,1804,12/27/2025 0:03,12/27/2025,sleep,Playa Blanca,camping,4,1805,12/31/2025 0:00,12/31/2025,waypoint,Crossing to Cani,4,match,
1805,1805,12/31/2025 0:00,12/31/2025,waypoint,Crossing to Cani,,1,1806,12/31/2025 0:01,12/31/2025,waypoint,Entrance to Cani,0,not_sleep,
1806,1806,12/31/2025 0:01,12/31/2025,waypoint,Entrance to Cani,,1,1807,12/31/2025 0:03,12/31/2025,waypoint,Pucon,0,not_sleep,
1807,1807,12/31/2025 0:03,12/31/2025,waypoint,Pucon,,1,1808,12/31/2025 0:04,12/31/2025,sleep,Camping las Rosas,0,not_sleep,
1808,1808,12/31/2025 0:04,12/31/2025,sleep,Camping las Rosas,campingPaid,1,1809,1/1/2026 0:00,1/1/2026,waypoint,Pucon,1,match,
1809,1809,1/1/2026 0:00,1/1/2026,waypoint,Pucon,,1,1810,1/1/2026 0:02,1/1/2026,waypoint,Puerto Varas,0,not_sleep,
1810,1810,1/1/2026 0:02,1/1/2026,waypoint,Puerto Varas,,1,1811,1/1/2026 0:04,1/1/2026,sleep,Puerto Varas Beach,0,not_sleep,
1811,1811,1/1/2026 0:04,1/1/2026,sleep,Puerto Varas Beach,camping,1,1812,1/2/2026 0:00,1/2/2026,waypoint,Puerto Varas,1,match,
1812,1812,1/2/2026 0:00,1/2/2026,waypoint,Puerto Varas,,1,1813,1/2/2026 0:03,1/2/2026,waypoint,Puerto Varas outskirts,0,not_sleep,
1813,1813,1/2/2026 0:03,1/2/2026,waypoint,Puerto Varas outskirts,,1,1814,1/2/2026 0:05,1/2/2026,waypoint,Camping Rio Petrohue,0,not_sleep,
1814,1814,1/2/2026 0:05,1/2/2026,waypoint,Camping Rio Petrohue,,,1815,1/2/2026 0:06,1/2/2026,sleep,Camping Rio Petrohue,0,not_sleep,
1815,1815,1/2/2026 0:06,1/2/2026,sleep,Camping Rio Petrohue,campingPaid,1,1816,1/3/2026 0:00,1/3/2026,waypoint,Cochamo,1,match,
1816,1816,1/3/2026 0:00,1/3/2026,waypoint,Cochamo,,1,1817,1/3/2026 0:02,1/3/2026,waypoint,Way to La Junta,0,not_sleep,
1817,1817,1/3/2026 0:02,1/3/2026,waypoint,Way to La Junta,,1,1818,1/3/2026 0:04,1/3/2026,sleep,Camping Los Manzanos,0,not_sleep,
1818,1818,1/3/2026 0:04,1/3/2026,sleep,Camping Los Manzanos,campingPaid,3,1819,1/6/2026 0:00,1/6/2026,waypoint,Way to La Junta,3,match,
1819,1819,1/6/2026 0:00,1/6/2026,waypoint,Way to La Junta,,1,1820,1/6/2026 0:03,1/6/2026,waypoint,Close to Cochamo,0,not_sleep,
1820,1820,1/6/2026 0:03,1/6/2026,waypoint,Close to Cochamo,,1,1821,1/6/2026 0:06,1/6/2026,waypoint,Cochamo,0,not_sleep,
1821,1821,1/6/2026 0:06,1/6/2026,waypoint,Cochamo,,1,1822,1/6/2026 0:07,1/6/2026,sleep,Camping Rio Petrohue,0,not_sleep,
1822,1822,1/6/2026 0:07,1/6/2026,sleep,Camping Rio Petrohue,campingPaid,1,1823,1/7/2026 0:00,1/7/2026,waypoint,Cochamo,1,match,
1823,1823,1/7/2026 0:00,1/7/2026,waypoint,Cochamo,,1,1824,1/7/2026 0:02,1/7/2026,waypoint,Rio Puelo,0,not_sleep,
1824,1824,1/7/2026 0:02,1/7/2026,waypoint,Rio Puelo,,1,1825,1/7/2026 0:04,1/7/2026,sleep,Camping Patagonia,0,not_sleep,
1825,1825,1/7/2026 0:04,1/7/2026,sleep,Camping Patagonia,campingPaid,1,1826,1/8/2026 0:00,1/8/2026,waypoint,Puelche,1,match,
1826,1826,1/8/2026 0:00,1/8/2026,waypoint,Puelche,,1,1827,1/8/2026 0:01,1/8/2026,waypoint,La Arena,0,not_sleep,
1827,1827,1/8/2026 0:01,1/8/2026,waypoint,La Arena,,1,1828,1/8/2026 0:03,1/8/2026,waypoint,Puerto Montt,0,not_sleep,
1828,1828,1/8/2026 0:03,1/8/2026,waypoint,Puerto Montt,,1,1829,1/8/2026 0:04,1/8/2026,waypoint,Osorno,0,not_sleep,
1829,1829,1/8/2026 0:04,1/8/2026,waypoint,Osorno,,1,1830,1/8/2026 0:05,1/8/2026,waypoint,"Puyehue, Entre Lagos",0,not_sleep,
1830,1830,1/8/2026 0:05,1/8/2026,waypoint,"Puyehue, Entre Lagos",,1,1831,1/8/2026 0:06,1/8/2026,sleep,Entre Lagos,0,not_sleep,
1831,1831,1/8/2026 0:06,1/8/2026,sleep,Entre Lagos,camping,1,1832,1/9/2026 0:00,1/9/2026,waypoint,Puyehue,1,match,
1832,1832,1/9/2026 0:00,1/9/2026,waypoint,Puyehue,,1,1833,1/9/2026 0:01,1/9/2026,waypoint,Border Chile,0,not_sleep,
1833,1833,1/9/2026 0:01,1/9/2026,waypoint,Border Chile,,1,1834,1/9/2026 0:03,1/9/2026,waypoint,Bariloche,0,not_sleep,
1834,1834,1/9/2026 0:03,1/9/2026,waypoint,Bariloche,,1,1835,1/9/2026 0:06,1/9/2026,sleep,Camping Selva Negra,0,not_sleep,
1835,1835,1/9/2026 0:06,1/9/2026,sleep,Camping Selva Negra,campingPaid,4,1836,1/13/2026 0:00,1/13/2026,waypoint,Bariloche outskirts,4,match,
1836,1836,1/13/2026 0:00,1/13/2026,waypoint,Bariloche outskirts,,1,1837,1/13/2026 0:01,1/13/2026,waypoint,Playa sin viento,0,not_sleep,
1837,1837,1/13/2026 0:01,1/13/2026,waypoint,Playa sin viento,,1,1838,1/13/2026 0:02,1/13/2026,waypoint,Hike to Lopez,0,not_sleep,
1838,1838,1/13/2026 0:02,1/13/2026,waypoint,Hike to Lopez,,1,1839,1/13/2026 0:03,1/13/2026,sleep,Refugio Lopez,0,not_sleep,
1839,1839,1/13/2026 0:03,1/13/2026,sleep,Refugio Lopez,campingPaid,1,1840,1/14/2026 0:00,1/14/2026,waypoint,Hike to Lopez,1,match,
1840,1840,1/14/2026 0:00,1/14/2026,waypoint,Hike to Lopez,,1,1841,1/14/2026 0:01,1/14/2026,waypoint,Colonia Suiza,0,not_sleep,
1841,1841,1/14/2026 0:01,1/14/2026,waypoint,Colonia Suiza,,1,1842,1/14/2026 0:02,1/14/2026,waypoint,Viewpoint,0,not_sleep,
1842,1842,1/14/2026 0:02,1/14/2026,waypoint,Viewpoint,,1,1843,1/14/2026 0:04,1/14/2026,waypoint,Bariloche,0,not_sleep,
1843,1843,1/14/2026 0:04,1/14/2026,waypoint,Bariloche,,1,1844,1/14/2026 0:05,1/14/2026,sleep,Beach Bariloche,0,not_sleep,
1844,1844,1/14/2026 0:05,1/14/2026,sleep,Beach Bariloche,camping,1,1845,1/15/2026 0:00,1/15/2026,waypoint,Bariloche,1,match,
1845,1845,1/15/2026 0:00,1/15/2026,waypoint,Bariloche,,1,1846,1/15/2026 0:01,1/15/2026,waypoint,Bariloche outskirts,0,not_sleep,
1846,1846,1/15/2026 0:01,1/15/2026,waypoint,Bariloche outskirts,,1,1847,1/15/2026 0:02,1/15/2026,waypoint,Ruta 40,0,not_sleep,
1847,1847,1/15/2026 0:02,1/15/2026,waypoint,Ruta 40,,1,1848,1/15/2026 0:03,1/15/2026,waypoint,El Bolson,0,not_sleep,
1848,1848,1/15/2026 0:03,1/15/2026,waypoint,El Bolson,,1,1849,1/15/2026 0:04,1/15/2026,waypoint,El Hoyo,0,not_sleep,
1849,1849,1/15/2026 0:04,1/15/2026,waypoint,El Hoyo,,1,1850,1/15/2026 0:05,1/15/2026,waypoint,Epuyen,0,not_sleep,
1850,1850,1/15/2026 0:05,1/15/2026,waypoint,Epuyen,,1,1851,1/15/2026 0:06,1/15/2026,waypoint,Cruze Ruta 12,0,not_sleep,
1851,1851,1/15/2026 0:06,1/15/2026,waypoint,Cruze Ruta 12,,1,1852,1/15/2026 0:07,1/15/2026,waypoint,Gualjaina,0,not_sleep,
1852,1852,1/15/2026 0:07,1/15/2026,waypoint,Gualjaina,,1,1853,1/15/2026 0:08,1/15/2026,sleep,Gualjaina,0,not_sleep,
1853,1853,1/15/2026 0:08,1/15/2026,sleep,Gualjaina,camping,1,1854,1/16/2026 0:00,1/16/2026,waypoint,Piedra Parada,1,match,
1854,1854,1/16/2026 0:00,1/16/2026,waypoint,Piedra Parada,,1,1855,1/16/2026 0:01,1/16/2026,sleep,"Pieda Parada, camping libre",0,not_sleep,
1855,1855,1/16/2026 0:01,1/16/2026,sleep,"Pieda Parada, camping libre",camping,9,1856,1/25/2026 0:00,1/25/2026,waypoint,Middle of nowhere,9,match,
1856,1856,1/25/2026 0:00,1/25/2026,waypoint,Middle of nowhere,,1,1857,1/25/2026 0:01,1/25/2026,waypoint,Esquel,0,not_sleep,
1857,1857,1/25/2026 0:01,1/25/2026,waypoint,Esquel,,1,1858,1/25/2026 0:02,1/25/2026,sleep,Abandoned Camping,0,not_sleep,
1858,1858,1/25/2026 0:02,1/25/2026,sleep,Abandoned Camping,camping,1,1859,1/26/2026 0:00,1/26/2026,waypoint,Esquel,1,match,
1859,1859,1/26/2026 0:00,1/26/2026,waypoint,Esquel,,1,1860,1/26/2026 0:00,1/26/2026,waypoint,Trevelin,0,not_sleep,
1860,1860,1/26/2026 0:00,1/26/2026,waypoint,Trevelin,,1,1861,1/26/2026 0:02,1/26/2026,waypoint,Border Argentinia and Chile,0,not_sleep,
1861,1861,1/26/2026 0:02,1/26/2026,waypoint,Border Argentinia and Chile,,1,1862,1/26/2026 0:04,1/26/2026,waypoint,Other border,0,not_sleep,
1862,1862,1/26/2026 0:04,1/26/2026,waypoint,Other border,,1,1863,1/26/2026 0:05,1/26/2026,waypoint,Futaleufu,0,not_sleep,
1863,1863,1/26/2026 0:05,1/26/2026,waypoint,Futaleufu,,1,1864,1/26/2026 0:06,1/26/2026,waypoint,Laguna Lonconao,0,not_sleep,
1864,1864,1/26/2026 0:06,1/26/2026,waypoint,Laguna Lonconao,,1,1865,1/26/2026 0:07,1/26/2026,waypoint,Cruze to Palena,0,not_sleep,
1865,1865,1/26/2026 0:07,1/26/2026,waypoint,Cruze to Palena,,1,1866,1/26/2026 0:08,1/26/2026,sleep,Villa Santa Lucia,0,not_sleep,
1866,1866,1/26/2026 0:08,1/26/2026,sleep,Villa Santa Lucia,campingPaid,1,1876,1/27/2026 0:00,1/27/2026,waypoint,Carretera Austral,1,match,
1867,1876,1/27/2026 0:00,1/27/2026,waypoint,Carretera Austral,,1,1867,1/27/2026 0:01,1/27/2026,waypoint,Coyhaique,0,not_sleep,
1868,1867,1/27/2026 0:01,1/27/2026,waypoint,Coyhaique,,1,1868,1/27/2026 0:02,1/27/2026,waypoint,Coyhaique Salida,0,not_sleep,
1869,1868,1/27/2026 0:02,1/27/2026,waypoint,Coyhaique Salida,,1,1869,1/27/2026 0:04,1/27/2026,sleep,Villa Cerro Castillo,0,not_sleep,
1870,1869,1/27/2026 0:04,1/27/2026,sleep,Villa Cerro Castillo,campingPaid,1,1870,1/28/2026 0:00,1/28/2026,sleep,Cerro Castillo National Park,1,match,
1871,1870,1/28/2026 0:00,1/28/2026,sleep,Cerro Castillo National Park,camping,1,1871,1/29/2026 0:00,1/29/2026,sleep,Villa Cerro Castillo,1,match,
1872,1871,1/29/2026 0:00,1/29/2026,sleep,Villa Cerro Castillo,campingPaid,1,1872,1/30/2026 0:00,1/30/2026,sleep,Wild camping spot,1,match,
1873,1872,1/30/2026 0:00,1/30/2026,sleep,Wild camping spot,camping,1,1873,1/31/2026 0:00,1/31/2026,waypoint,Villa Cerro Castillo,1,match,
1874,1873,1/31/2026 0:00,1/31/2026,waypoint,Villa Cerro Castillo,,1,1874,1/31/2026 0:01,1/31/2026,waypoint,Puerto Ibanez,0,not_sleep,
1875,1874,1/31/2026 0:01,1/31/2026,waypoint,Puerto Ibanez,,1,1875,1/31/2026 0:03,1/31/2026,sleep,Beach Puerto Ibanez,0,not_sleep,
1876,1875,1/31/2026 0:03,1/31/2026,sleep,Beach Puerto Ibanez,camping,1,1877,2/1/2026 0:00,2/1/2026,waypoint,Puerto Ibanez,1,match,
1877,1877,2/1/2026 0:00,2/1/2026,waypoint,Puerto Ibanez,,1,1878,2/1/2026 0:01,2/1/2026,waypoint,Puerto Chile Chico,0,not_sleep,
1878,1878,2/1/2026 0:01,2/1/2026,waypoint,Puerto Chile Chico,,1,1879,2/1/2026 0:02,2/1/2026,sleep,Camping Chile Chico,0,not_sleep,
1879,1879,2/1/2026 0:02,2/1/2026,sleep,Camping Chile Chico,campingPaid,1,1880,2/2/2026 0:00,2/2/2026,waypoint,Middle of nowhere,1,match,
1880,1880,2/2/2026 0:00,2/2/2026,waypoint,Middle of nowhere,,1,1881,2/2/2026 0:02,2/2/2026,sleep,Camping Chile Chico,0,not_sleep,
1881,1881,2/2/2026 0:02,2/2/2026,sleep,Camping Chile Chico,campingPaid,1,1882,2/3/2026 0:00,2/3/2026,waypoint,Puerto Chile Chico,1,match,
1882,1882,2/3/2026 0:00,2/3/2026,waypoint,Puerto Chile Chico,,1,1883,2/3/2026 0:01,2/3/2026,waypoint,Puerto Ibanez,0,not_sleep,
1883,1883,2/3/2026 0:01,2/3/2026,waypoint,Puerto Ibanez,,1,1884,2/3/2026 0:02,2/3/2026,sleep,Beach Puerto Ibanez,0,not_sleep,
1884,1884,2/3/2026 0:02,2/3/2026,sleep,Beach Puerto Ibanez,camping,1,1885,2/4/2026 0:00,2/4/2026,waypoint,Cruze to Balmaceda,1,match,
1885,1885,2/4/2026 0:00,2/4/2026,waypoint,Cruze to Balmaceda,,1,1886,2/4/2026 0:01,2/4/2026,waypoint,Balmaceda,0,not_sleep,
1886,1886,2/4/2026 0:01,2/4/2026,waypoint,Balmaceda,,1,1887,2/4/2026 0:04,2/4/2026,sleep,Cerro Castillo River,0,not_sleep,
1887,1887,2/4/2026 0:04,2/4/2026,sleep,Cerro Castillo River,camping,1,1888,2/5/2026 0:00,2/5/2026,sleep,Lago General Carrera,1,match,
1888,1888,2/5/2026 0:00,2/5/2026,sleep,Lago General Carrera,camping,1,1889,2/6/2026 0:00,2/6/2026,sleep,Puerto Bertrand,1,match,
1889,1889,2/6/2026 0:00,2/6/2026,sleep,Puerto Bertrand,camping,1,1890,2/7/2026 0:00,2/7/2026,sleep,Laguna Esmeralda,1,match,
1890,1890,2/7/2026 0:00,2/7/2026,sleep,Laguna Esmeralda,camping,1,1891,2/8/2026 0:00,2/8/2026,waypoint,Caleta Tortel,1,match,
1891,1891,2/8/2026 0:00,2/8/2026,waypoint,Caleta Tortel,,1,1892,2/8/2026 0:01,2/8/2026,sleep,Parque Nacional Patagonia,0,not_sleep,
1892,1892,2/8/2026 0:01,2/8/2026,sleep,Parque Nacional Patagonia,campingPaid,1,1893,2/9/2026 0:00,2/9/2026,sleep,Puerto Bertrand,1,match,
1893,1893,2/9/2026 0:00,2/9/2026,sleep,Puerto Bertrand,camping,1,1894,2/10/2026 0:00,2/10/2026,sleep,Camping El Blanco,1,match,
1894,1894,2/10/2026 0:00,2/10/2026,sleep,Camping El Blanco,campingPaid,1,1895,2/11/2026 0:00,2/11/2026,waypoint,Balmaceda,1,match,
1895,1895,2/11/2026 0:00,2/11/2026,waypoint,Balmaceda,,1,1896,2/11/2026 0:01,2/11/2026,waypoint,Coyhaique,0,not_sleep,
1896,1896,2/11/2026 0:01,2/11/2026,waypoint,Coyhaique,,1,1897,2/11/2026 0:02,2/11/2026,waypoint,Coyhaique salida,0,not_sleep,
1897,1897,2/11/2026 0:02,2/11/2026,waypoint,Coyhaique salida,,1,1898,2/11/2026 0:04,2/11/2026,waypoint,Villa Amengual,0,not_sleep,
1898,1898,2/11/2026 0:04,2/11/2026,waypoint,Villa Amengual,,1,1899,2/11/2026 0:05,2/11/2026,sleep,Villa Amengual,0,not_sleep,
1899,1899,2/11/2026 0:05,2/11/2026,sleep,Villa Amengual,camping,1,1900,2/12/2026 0:00,2/12/2026,waypoint,Cruze to Puerto Cicnes,1,match,
1900,1900,2/12/2026 0:00,2/12/2026,waypoint,Cruze to Puerto Cicnes,,1,1901,2/12/2026 0:01,2/12/2026,waypoint,Cascada el condor,0,not_sleep,
1901,1901,2/12/2026 0:01,2/12/2026,waypoint,Cascada el condor,,1,1902,2/12/2026 0:03,2/12/2026,waypoint,La Junta,0,not_sleep,
1902,1902,2/12/2026 0:03,2/12/2026,waypoint,La Junta,,1,1903,2/12/2026 0:05,2/12/2026,waypoint,La Junta,0,not_sleep,
1903,1903,2/12/2026 0:05,2/12/2026,waypoint,La Junta,,1,1904,2/12/2026 0:06,2/12/2026,waypoint,Villa Santa Lucia,0,not_sleep,
1904,1904,2/12/2026 0:06,2/12/2026,waypoint,Villa Santa Lucia,,1,1905,2/12/2026 0:07,2/12/2026,waypoint,Villa Santa Lucia,0,not_sleep,
1905,1905,2/12/2026 0:07,2/12/2026,waypoint,Villa Santa Lucia,,1,1906,2/12/2026 0:08,2/12/2026,waypoint,Lago Yuelche,0,not_sleep,
1906,1906,2/12/2026 0:08,2/12/2026,waypoint,Lago Yuelche,,1,1907,2/12/2026 0:09,2/12/2026,sleep,Lago Yuelche,0,not_sleep,
1907,1907,2/12/2026 0:09,2/12/2026,sleep,Lago Yuelche,camping,1,1908,2/13/2026 0:00,2/13/2026,waypoint,Chaiten,1,match,
1908,1908,2/13/2026 0:00,2/13/2026,waypoint,Chaiten,,1,1909,2/13/2026 0:01,2/13/2026,waypoint,Chaiten Puerto,0,not_sleep,
1909,1909,2/13/2026 0:01,2/13/2026,waypoint,Chaiten Puerto,,1,1910,2/13/2026 0:02,2/13/2026,waypoint,Caleta Gonzalo,0,not_sleep,
1910,1910,2/13/2026 0:02,2/13/2026,waypoint,Caleta Gonzalo,,1,1911,2/13/2026 0:04,2/13/2026,waypoint,Picholco,0,not_sleep,
1911,1911,2/13/2026 0:04,2/13/2026,waypoint,Picholco,,1,1912,2/13/2026 10:19,2/13/2026,waypoint,Contao,0,not_sleep,
1912,1912,2/13/2026 10:19,2/13/2026,waypoint,Contao,,1,1913,2/13/2026 10:20,2/13/2026,sleep,Contao,0,not_sleep,
1913,1913,2/13/2026 10:20,2/13/2026,sleep,Contao,camping,1,1915,2/14/2026 10:00,2/14/2026,waypoint,Contao,1,match,
1914,1915,2/14/2026 10:00,2/14/2026,waypoint,Contao,,1,1914,2/14/2026 10:01,2/14/2026,waypoint,Puelche,0,not_sleep,
1915,1914,2/14/2026 10:01,2/14/2026,waypoint,Puelche,,1,1916,2/14/2026 10:02,2/14/2026,waypoint,La Arena,0,not_sleep,
1916,1916,2/14/2026 10:02,2/14/2026,waypoint,La Arena,,1,1917,2/14/2026 10:03,2/14/2026,waypoint,Puerto Montt,0,not_sleep,
1917,1917,2/14/2026 10:03,2/14/2026,waypoint,Puerto Montt,,1,1918,2/14/2026 10:05,2/14/2026,sleep,Renting a room,0,not_sleep,
1918,1918,2/14/2026 10:05,2/14/2026,sleep,Renting a room,hostel,1,1919,2/15/2026 0:00,2/15/2026,waypoint,Gasolinera Puerto Montt,1,match,
1919,1919,2/15/2026 0:00,2/15/2026,waypoint,Gasolinera Puerto Montt,,1,1920,2/15/2026 0:01,2/15/2026,waypoint,Pargua,0,not_sleep,
1920,1920,2/15/2026 0:01,2/15/2026,waypoint,Pargua,,1,1921,2/15/2026 0:03,2/15/2026,waypoint,Chacao,0,not_sleep,
1921,1921,2/15/2026 0:03,2/15/2026,waypoint,Chacao,,1,1922,2/15/2026 0:04,2/15/2026,waypoint,Linao,0,not_sleep,
1922,1922,2/15/2026 0:04,2/15/2026,waypoint,Linao,,1,1923,2/15/2026 0:05,2/15/2026,waypoint,Playa Huelden,0,not_sleep,
1923,1923,2/15/2026 0:05,2/15/2026,waypoint,Playa Huelden,,1,1924,2/15/2026 0:06,2/15/2026,sleep,Random beach,0,not_sleep,
1924,1924,2/15/2026 0:06,2/15/2026,sleep,Random beach,camping,1,1925,2/16/2026 0:00,2/16/2026,waypoint,Playa Huelden,1,match,
1925,1925,2/16/2026 0:00,2/16/2026,waypoint,Playa Huelden,,1,1926,2/16/2026 0:01,2/16/2026,sleep,Mocopulli,0,not_sleep,
1926,1926,2/16/2026 0:01,2/16/2026,sleep,Mocopulli,campingPaid,1,1927,2/17/2026 0:00,2/17/2026,waypoint,Dalcahue,1,match,
1927,1927,2/17/2026 0:00,2/17/2026,waypoint,Dalcahue,,1,1928,2/17/2026 0:01,2/17/2026,waypoint,Isla Quinchao,0,not_sleep,
1928,1928,2/17/2026 0:01,2/17/2026,waypoint,Isla Quinchao,,1,1929,2/17/2026 0:03,2/17/2026,waypoint,Curaco de Velez,0,not_sleep,
1929,1929,2/17/2026 0:03,2/17/2026,waypoint,Curaco de Velez,,1,1930,2/17/2026 0:04,2/17/2026,waypoint,Anchao,0,not_sleep,
1930,1930,2/17/2026 0:04,2/17/2026,waypoint,Anchao,,1,1931,2/17/2026 0:05,2/17/2026,sleep,Mirador ,0,not_sleep,
1931,1931,2/17/2026 0:05,2/17/2026,sleep,Mirador ,camping,1,1932,2/18/2026 0:00,2/18/2026,waypoint,Quinchao,1,match,
1932,1932,2/18/2026 0:00,2/18/2026,waypoint,Quinchao,,1,1933,2/18/2026 0:04,2/18/2026,waypoint,South of Quinchao,0,not_sleep,
1933,1933,2/18/2026 0:04,2/18/2026,waypoint,South of Quinchao,,1,1934,2/18/2026 0:05,2/18/2026,sleep,Playa Mallil,0,not_sleep,
1934,1934,2/18/2026 0:05,2/18/2026,sleep,Playa Mallil,camping,1,1935,2/19/2026 0:00,2/19/2026,waypoint,South of Quinchao,1,match,
1935,1935,2/19/2026 0:00,2/19/2026,waypoint,South of Quinchao,,1,1936,2/19/2026 0:01,2/19/2026,waypoint,Anchao,0,not_sleep,
1936,1936,2/19/2026 0:01,2/19/2026,waypoint,Anchao,,1,1937,2/19/2026 0:03,2/19/2026,waypoint,Castro,0,not_sleep,
1937,1937,2/19/2026 0:03,2/19/2026,waypoint,Castro,,1,1938,2/19/2026 0:05,2/19/2026,waypoint,Outside of Castro,0,not_sleep,
1938,1938,2/19/2026 0:05,2/19/2026,waypoint,Outside of Castro,,1,1939,2/19/2026 0:06,2/19/2026,waypoint,Chonchi,0,not_sleep,
1939,1939,2/19/2026 0:06,2/19/2026,waypoint,Chonchi,,1,1940,2/19/2026 0:07,2/19/2026,waypoint,Huillinco,0,not_sleep,
1940,1940,2/19/2026 0:07,2/19/2026,waypoint,Huillinco,,1,1941,2/19/2026 0:08,2/19/2026,sleep,Playa Huillinco,0,not_sleep,
1941,1941,2/19/2026 0:08,2/19/2026,sleep,Playa Huillinco,camping,1,1942,2/20/2026 0:00,2/20/2026,waypoint,Huillinco,1,match,
1942,1942,2/20/2026 0:00,2/20/2026,waypoint,Huillinco,,1,1943,2/20/2026 0:01,2/20/2026,waypoint,Cucao,0,not_sleep,
1943,1943,2/20/2026 0:01,2/20/2026,waypoint,Cucao,,1,1944,2/20/2026 0:03,2/20/2026,waypoint,Playa Cucao,0,not_sleep,
1944,1944,2/20/2026 0:03,2/20/2026,waypoint,Playa Cucao,,1,1945,2/20/2026 0:04,2/20/2026,waypoint,On the way to Cole Cole,0,not_sleep,
1945,1945,2/20/2026 0:04,2/20/2026,waypoint,On the way to Cole Cole,,1,1946,2/20/2026 0:06,2/20/2026,waypoint,On the way to Cole Cole,0,not_sleep,
1946,1946,2/20/2026 0:06,2/20/2026,waypoint,On the way to Cole Cole,,1,1947,2/20/2026 0:08,2/20/2026,sleep,Playa Cole Cole,0,not_sleep,
1947,1947,2/20/2026 0:08,2/20/2026,sleep,Playa Cole Cole,campingPaid,1,1948,2/21/2026 0:00,2/21/2026,waypoint,On the way to Cole Cole,1,match,
1948,1948,2/21/2026 0:00,2/21/2026,waypoint,On the way to Cole Cole,,1,1949,2/21/2026 0:01,2/21/2026,waypoint,Cucao,0,not_sleep,
1949,1949,2/21/2026 0:01,2/21/2026,waypoint,Cucao,,1,1950,2/21/2026 0:02,2/21/2026,waypoint,Cucao,0,not_sleep,
1950,1950,2/21/2026 0:02,2/21/2026,waypoint,Cucao,,1,1951,2/21/2026 0:04,2/21/2026,waypoint,Casone Huillinco,0,not_sleep,
1951,1951,2/21/2026 0:04,2/21/2026,waypoint,Casone Huillinco,,1,1952,2/21/2026 0:05,2/21/2026,waypoint,Huillinco,0,not_sleep,
1952,1952,2/21/2026 0:05,2/21/2026,waypoint,Huillinco,,1,1953,2/21/2026 0:06,2/21/2026,waypoint,Casona Huillinco,0,not_sleep,
1953,1953,2/21/2026 0:06,2/21/2026,waypoint,Casona Huillinco,,1,1954,2/21/2026 0:09,2/21/2026,sleep,Casona Huillinco Festival,0,not_sleep,
1954,1954,2/21/2026 0:09,2/21/2026,sleep,Casona Huillinco Festival,campingPaid,1,1955,2/22/2026 0:00,2/22/2026,waypoint,Huillinco,1,match,
1955,1955,2/22/2026 0:00,2/22/2026,waypoint,Huillinco,,1,1956,2/22/2026 0:01,2/22/2026,waypoint,Chonchi,0,not_sleep,
1956,1956,2/22/2026 0:01,2/22/2026,waypoint,Chonchi,,1,1957,2/22/2026 0:04,2/22/2026,waypoint,Castro,0,not_sleep,
1957,1957,2/22/2026 0:04,2/22/2026,waypoint,Castro,,1,1958,2/22/2026 0:05,2/22/2026,waypoint,Castro Gasolinera,0,not_sleep,
1958,1958,2/22/2026 0:05,2/22/2026,waypoint,Castro Gasolinera,,1,1959,2/22/2026 0:07,2/22/2026,waypoint,Playa Ahui,0,not_sleep,
1959,1959,2/22/2026 0:07,2/22/2026,waypoint,Playa Ahui,,1,1960,2/22/2026 0:09,2/22/2026,sleep,Playa Ahui,0,not_sleep,
1960,1960,2/22/2026 0:09,2/22/2026,sleep,Playa Ahui,camping,1,1961,2/23/2026 0:00,2/23/2026,waypoint,Somewhere,1,match,
1961,1961,2/23/2026 0:00,2/23/2026,waypoint,Somewhere,,1,1962,2/23/2026 0:01,2/23/2026,waypoint,Somewhere,0,not_sleep,
1962,1962,2/23/2026 0:01,2/23/2026,waypoint,Somewhere,,1,1963,2/23/2026 0:04,2/23/2026,waypoint,Somewhere,0,not_sleep,
1963,1963,2/23/2026 0:04,2/23/2026,waypoint,Somewhere,,1,1964,2/23/2026 0:05,2/23/2026,waypoint,Chiloe Silvester,0,not_sleep,
1964,1964,2/23/2026 0:05,2/23/2026,waypoint,Chiloe Silvester,,1,1965,2/23/2026 0:06,2/23/2026,waypoint,Carretera,0,not_sleep,
1965,1965,2/23/2026 0:06,2/23/2026,waypoint,Carretera,,1,1966,2/23/2026 0:08,2/23/2026,waypoint,Cruze,0,not_sleep,
1966,1966,2/23/2026 0:08,2/23/2026,waypoint,Cruze,,1,1967,2/23/2026 0:09,2/23/2026,waypoint,Ancud,0,not_sleep,
1967,1967,2/23/2026 0:09,2/23/2026,waypoint,Ancud,,1,1968,2/23/2026 0:10,2/23/2026,waypoint,Playa Ancud,0,not_sleep,
1968,1968,2/23/2026 0:10,2/23/2026,waypoint,Playa Ancud,,1,1969,2/23/2026 0:11,2/23/2026,sleep,Playa Ancud,0,not_sleep,
1969,1969,2/23/2026 0:11,2/23/2026,sleep,Playa Ancud,camping,1,1970,2/24/2026 0:00,2/24/2026,waypoint,Chacao,1,match,
1970,1970,2/24/2026 0:00,2/24/2026,waypoint,Chacao,,1,1971,2/24/2026 0:01,2/24/2026,waypoint,Ferry,0,not_sleep,
1971,1971,2/24/2026 0:01,2/24/2026,waypoint,Ferry,,1,1972,2/24/2026 0:03,2/24/2026,waypoint,Pargua,0,not_sleep,
1972,1972,2/24/2026 0:03,2/24/2026,waypoint,Pargua,,1,1973,2/24/2026 0:04,2/24/2026,sleep,Camping Ceiba,0,not_sleep,
1973,1973,2/24/2026 0:04,2/24/2026,sleep,Camping Ceiba,campingPaid,1,1974,2/25/2026 0:00,2/25/2026,sleep,Home Benjamin,1,match,
1974,1974,2/25/2026 0:00,2/25/2026,sleep,Home Benjamin,house,6,1975,3/3/2026 0:00,3/3/2026,sleep,Home Gabito <3,6,match,
1975,1975,3/3/2026 0:00,3/3/2026,sleep,Home Gabito <3,house,3,1976,3/6/2026 0:00,3/6/2026,waypoint,Puerto Montt Salida,3,match,
1976,1976,3/6/2026 0:00,3/6/2026,waypoint,Puerto Montt Salida,,1,1977,3/6/2026 0:01,3/6/2026,waypoint,Puerto Montt Salida,0,not_sleep,
1977,1977,3/6/2026 0:01,3/6/2026,waypoint,Puerto Montt Salida,,1,1978,3/6/2026 0:02,3/6/2026,waypoint,Chamiza,0,not_sleep,
1978,1978,3/6/2026 0:02,3/6/2026,waypoint,Chamiza,,1,1979,3/6/2026 0:03,3/6/2026,waypoint,La Arena,0,not_sleep,
1979,1979,3/6/2026 0:03,3/6/2026,waypoint,La Arena,,1,1980,3/6/2026 0:04,3/6/2026,waypoint,Puelche,0,not_sleep,
1980,1980,3/6/2026 0:04,3/6/2026,waypoint,Puelche,,1,1981,3/6/2026 0:05,3/6/2026,waypoint,Hornopiren,0,not_sleep,
1981,1981,3/6/2026 0:05,3/6/2026,waypoint,Hornopiren,,1,1982,3/6/2026 0:07,3/6/2026,waypoint,Leptepu,0,not_sleep,
1982,1982,3/6/2026 0:07,3/6/2026,waypoint,Leptepu,,1,1983,3/6/2026 0:08,3/6/2026,waypoint,Fjordo Largo,0,not_sleep,
1983,1983,3/6/2026 0:08,3/6/2026,waypoint,Fjordo Largo,,1,1984,3/6/2026 0:09,3/6/2026,waypoint,Caleta Gonzalo,0,not_sleep,
1984,1984,3/6/2026 0:09,3/6/2026,waypoint,Caleta Gonzalo,,1,1985,3/6/2026 0:10,3/6/2026,sleep,Mirador Lago Rio Negro,0,not_sleep,
1985,1985,3/6/2026 0:10,3/6/2026,sleep,Mirador Lago Rio Negro,camping,1,1986,3/7/2026 0:00,3/7/2026,waypoint,Chaiten,1,match,
1986,1986,3/7/2026 0:00,3/7/2026,waypoint,Chaiten,,1,1987,3/7/2026 0:02,3/7/2026,waypoint,Chaiten Salida,0,not_sleep,
1987,1987,3/7/2026 0:02,3/7/2026,waypoint,Chaiten Salida,,1,1988,3/7/2026 0:02,3/7/2026,waypoint,El Amarillo,0,not_sleep,
1988,1988,3/7/2026 0:02,3/7/2026,waypoint,El Amarillo,,1,1989,3/7/2026 0:03,3/7/2026,waypoint,La Junta,0,not_sleep,
1989,1989,3/7/2026 0:03,3/7/2026,waypoint,La Junta,,1,1990,3/7/2026 0:04,3/7/2026,sleep,La Junta,0,not_sleep,
1990,1990,3/7/2026 0:04,3/7/2026,sleep,La Junta,camping,1,1991,3/8/2026 0:00,3/8/2026,waypoint,La Junta,1,match,
1991,1991,3/8/2026 0:00,3/8/2026,waypoint,La Junta,,1,1992,3/8/2026 0:01,3/8/2026,waypoint,Entrance Quelulat,0,not_sleep,
1992,1992,3/8/2026 0:01,3/8/2026,waypoint,Entrance Quelulat,,1,1993,3/8/2026 0:03,3/8/2026,waypoint,Delfin Spot,0,not_sleep,
1993,1993,3/8/2026 0:03,3/8/2026,waypoint,Delfin Spot,,1,1994,3/8/2026 0:04,3/8/2026,waypoint,Laguna las Torres,0,not_sleep,
1994,1994,3/8/2026 0:04,3/8/2026,waypoint,Laguna las Torres,,1,1995,3/8/2026 0:04,3/8/2026,waypoint,Cruze por Aysen,0,not_sleep,
1995,1995,3/8/2026 0:04,3/8/2026,waypoint,Cruze por Aysen,,1,1996,3/8/2026 0:05,3/8/2026,waypoint,Coyhaique,0,not_sleep,
1996,1996,3/8/2026 0:05,3/8/2026,waypoint,Coyhaique,,1,1997,3/8/2026 0:06,3/8/2026,sleep,Mirador Rio Simpson,0,not_sleep,
1997,1997,3/8/2026 0:06,3/8/2026,sleep,Mirador Rio Simpson,camping,1,1998,3/9/2026 0:00,3/9/2026,waypoint,Coyhaique,1,match,
1998,1998,3/9/2026 0:00,3/9/2026,waypoint,Coyhaique,,1,1999,3/9/2026 0:01,3/9/2026,sleep,El Blanco,0,not_sleep,
1999,1999,3/9/2026 0:01,3/9/2026,sleep,El Blanco,camping,1,2000,3/10/2026 0:00,3/10/2026,waypoint,Puerto Ibanez Playa,1,match,
2000,2000,3/10/2026 0:00,3/10/2026,waypoint,Puerto Ibanez Playa,,1,2001,3/11/2026 0:00,3/11/2026,waypoint,Puerto Ibanez Ferry,1,not_sleep,
2001,2001,3/11/2026 0:00,3/11/2026,waypoint,Puerto Ibanez Ferry,,1,2002,3/11/2026 0:01,3/11/2026,waypoint,Chile Chico,0,not_sleep,
2002,2002,3/11/2026 0:01,3/11/2026,waypoint,Chile Chico,,1,2003,3/11/2026 0:02,3/11/2026,waypoint,Chile Chico Salida,0,not_sleep,
2003,2003,3/11/2026 0:02,3/11/2026,waypoint,Chile Chico Salida,,1,2004,3/11/2026 0:04,3/11/2026,waypoint,Border Chile Chico,0,not_sleep,
2004,2004,3/11/2026 0:04,3/11/2026,waypoint,Border Chile Chico,,1,2005,3/11/2026 0:05,3/11/2026,waypoint,La Ascencion,0,not_sleep,
2005,2005,3/11/2026 0:05,3/11/2026,waypoint,La Ascencion,,1,2006,3/11/2026 0:06,3/11/2026,sleep,Estancia la Ascencion,0,not_sleep,
2006,2006,3/11/2026 0:06,3/11/2026,sleep,Estancia la Ascencion,camping,1,2007,3/12/2026 0:00,3/12/2026,sleep,Rio Chico,1,match,
2007,2007,3/12/2026 0:00,3/12/2026,sleep,Rio Chico,camping,1,2008,3/13/2026 0:00,3/13/2026,waypoint,"Gobernador, Gregores",1,match,
2008,2008,3/13/2026 0:00,3/13/2026,waypoint,"Gobernador, Gregores",,1,2009,3/13/2026 0:02,3/13/2026,sleep,Rio Coig,0,not_sleep,
2009,2009,3/13/2026 0:02,3/13/2026,sleep,Rio Coig,camping,1,2010,3/14/2026 0:00,3/14/2026,waypoint,Police checkpoint,1,match,
2010,2010,3/14/2026 0:00,3/14/2026,waypoint,Police checkpoint,,1,2011,3/14/2026 0:01,3/14/2026,waypoint,Rio Gallego,0,not_sleep,
2011,2011,3/14/2026 0:01,3/14/2026,waypoint,Rio Gallego,,1,2012,3/14/2026 0:03,3/14/2026,waypoint,Ferry Magellan Street,0,not_sleep,
2012,2012,3/14/2026 0:03,3/14/2026,waypoint,Ferry Magellan Street,,1,2013,3/14/2026 0:05,3/14/2026,waypoint,Ferry Street Magellan,0,not_sleep,
2013,2013,3/14/2026 0:05,3/14/2026,waypoint,Ferry Street Magellan,,1,2014,3/14/2026 0:06,3/14/2026,waypoint,Ushuaia,0,not_sleep,
2014,2014,3/14/2026 0:06,3/14/2026,waypoint,Ushuaia,,1,2015,3/14/2026 0:07,3/14/2026,sleep,Home of Martin,0,not_sleep,
2015,2015,3/14/2026 0:07,3/14/2026,sleep,Home of Martin,couchsurfing,4,2016,3/18/2026 0:00,3/18/2026,waypoint,Ushuaia exit,4,match,
2016,2016,3/18/2026 0:00,3/18/2026,waypoint,Ushuaia exit,,1,2017,3/18/2026 0:01,3/18/2026,waypoint,Rio Grande,0,not_sleep,
2017,2017,3/18/2026 0:01,3/18/2026,waypoint,Rio Grande,,1,2018,3/18/2026 0:02,3/18/2026,waypoint,Rio Grande Exit,0,not_sleep,
2018,2018,3/18/2026 0:02,3/18/2026,waypoint,Rio Grande Exit,,1,2019,3/18/2026 0:03,3/18/2026,waypoint,Border San Sebastian,0,not_sleep,
2019,2019,3/18/2026 0:03,3/18/2026,waypoint,Border San Sebastian,,1,2020,3/18/2026 0:04,3/18/2026,waypoint,Ferry Magellan Street,0,not_sleep,
2020,2020,3/18/2026 0:04,3/18/2026,waypoint,Ferry Magellan Street,,1,2021,3/18/2026 0:05,3/18/2026,waypoint,Ferry Magellan Street,0,not_sleep,
2021,2021,3/18/2026 0:05,3/18/2026,waypoint,Ferry Magellan Street,,1,2022,3/18/2026 0:06,3/18/2026,waypoint,Police checkpoint Rio Gallegos,0,not_sleep,
2022,2022,3/18/2026 0:06,3/18/2026,waypoint,Police checkpoint Rio Gallegos,,1,2023,3/18/2026 0:07,3/18/2026,sleep,Police checkpoint,0,not_sleep,
2023,2023,3/18/2026 0:07,3/18/2026,sleep,Police checkpoint,camping,1,2024,3/19/2026 0:00,3/19/2026,waypoint,El Calafate Airport,1,match,
2024,2024,3/19/2026 0:00,3/19/2026,waypoint,El Calafate Airport,,1,2025,3/19/2026 0:01,3/19/2026,waypoint,El Calafate,0,not_sleep,
2025,2025,3/19/2026 0:01,3/19/2026,waypoint,El Calafate,,1,2026,3/19/2026 0:02,3/19/2026,sleep,Hostal LeoLei,0,not_sleep,
2026,2026,3/19/2026 0:02,3/19/2026,sleep,Hostal LeoLei,hostel,1,2027,3/20/2026 0:00,3/20/2026,waypoint,El Calafate,1,match,
2027,2027,3/20/2026 0:00,3/20/2026,waypoint,El Calafate,,1,2028,3/20/2026 0:01,3/20/2026,waypoint,El Calafate Exit,0,not_sleep,
2028,2028,3/20/2026 0:01,3/20/2026,waypoint,El Calafate Exit,,1,2029,3/20/2026 0:02,3/20/2026,waypoint,Glacier Perito Moreno,0,not_sleep,
2029,2029,3/20/2026 0:02,3/20/2026,waypoint,Glacier Perito Moreno,,1,2030,3/20/2026 0:03,3/20/2026,waypoint,El Chalten,0,not_sleep,
2030,2030,3/20/2026 0:03,3/20/2026,waypoint,El Chalten,,1,2031,3/20/2026 0:04,3/20/2026,sleep,El Chalten Refugio Hostel,0,not_sleep,
2031,2031,3/20/2026 0:04,3/20/2026,sleep,El Chalten Refugio Hostel,hostel,1,2032,3/21/2026 0:00,3/21/2026,waypoint,El Chalten Exit,1,match,
2032,2032,3/21/2026 0:00,3/21/2026,waypoint,El Chalten Exit,,1,2033,3/21/2026 0:02,3/21/2026,waypoint,Gobernador Gregores,0,not_sleep,
2033,2033,3/21/2026 0:02,3/21/2026,waypoint,Gobernador Gregores,,1,2034,3/21/2026 0:03,3/21/2026,sleep,Gobernador Gregores Balneario,0,not_sleep,
2034,2034,3/21/2026 0:03,3/21/2026,sleep,Gobernador Gregores Balneario,camping,1,2035,3/22/2026 0:00,3/22/2026,waypoint,Gobernador Gregores Exit,1,match,
2035,2035,3/22/2026 0:00,3/22/2026,waypoint,Gobernador Gregores Exit,,1,2036,3/22/2026 0:02,3/22/2026,sleep,Perito Moreno,0,not_sleep,
2036,2036,3/22/2026 0:02,3/22/2026,sleep,Perito Moreno,camping,1,2037,3/23/2026 0:00,3/23/2026,waypoint,Perito Moreno Exit,1,match,
2037,2037,3/23/2026 0:00,3/23/2026,waypoint,Perito Moreno Exit,,1,2038,3/23/2026 0:01,3/23/2026,waypoint,Los Antiguos,0,not_sleep,
2038,2038,3/23/2026 0:01,3/23/2026,waypoint,Los Antiguos,,1,2039,3/23/2026 0:03,3/23/2026,waypoint,Chile Chico border,0,not_sleep,
2039,2039,3/23/2026 0:03,3/23/2026,waypoint,Chile Chico border,,1,2040,3/23/2026 0:03,3/23/2026,waypoint,Chile Chico,0,not_sleep,
2040,2040,3/23/2026 0:03,3/23/2026,waypoint,Chile Chico,,1,2041,3/23/2026 0:04,3/23/2026,waypoint,Chile Chico,0,not_sleep,
2041,2041,3/23/2026 0:04,3/23/2026,waypoint,Chile Chico,,1,2042,3/23/2026 0:05,3/23/2026,waypoint,Puerto Ibanez,0,not_sleep,
2042,2042,3/23/2026 0:05,3/23/2026,waypoint,Puerto Ibanez,,1,2043,3/23/2026 0:06,3/23/2026,sleep,El Blanco,0,not_sleep,
2043,2043,3/23/2026 0:06,3/23/2026,sleep,El Blanco,camping,1,2044,3/24/2026 0:00,3/24/2026,waypoint,Coyhaique,1,match,
2044,2044,3/24/2026 0:00,3/24/2026,waypoint,Coyhaique,,1,2045,3/24/2026 0:01,3/24/2026,waypoint,Coyhaique Exit,0,not_sleep,
2045,2045,3/24/2026 0:01,3/24/2026,waypoint,Coyhaique Exit,,1,2046,3/24/2026 0:03,3/24/2026,waypoint,Some km more,0,not_sleep,
2046,2046,3/24/2026 0:03,3/24/2026,waypoint,Some km more,,1,2047,3/24/2026 0:05,3/24/2026,waypoint,Cruze,0,not_sleep,
2047,2047,3/24/2026 0:05,3/24/2026,waypoint,Cruze,,1,2048,3/24/2026 0:06,3/24/2026,waypoint,Cruze por Aysen,0,not_sleep,
2048,2048,3/24/2026 0:06,3/24/2026,waypoint,Cruze por Aysen,,1,2049,3/24/2026 0:07,3/24/2026,waypoint,Cruze por Puerto Cisnes,0,not_sleep,
2049,2049,3/24/2026 0:07,3/24/2026,waypoint,Cruze por Puerto Cisnes,,1,2050,3/24/2026 0:08,3/24/2026,waypoint,Puyuhuapi,0,not_sleep,
2050,2050,3/24/2026 0:08,3/24/2026,waypoint,Puyuhuapi,,1,2051,3/24/2026 0:09,3/24/2026,sleep,Hostal Juanita,0,not_sleep,
2051,2051,3/24/2026 0:09,3/24/2026,sleep,Hostal Juanita,hostel,1,2052,3/25/2026 0:00,3/25/2026,waypoint,Puyuhuapi Exit,1,match,
2052,2052,3/25/2026 0:00,3/25/2026,waypoint,Puyuhuapi Exit,,1,2053,3/25/2026 0:01,3/25/2026,waypoint,La Junta,0,not_sleep,
2053,2053,3/25/2026 0:01,3/25/2026,waypoint,La Junta,,1,2054,3/25/2026 0:02,3/25/2026,waypoint,Chaiten,0,not_sleep,
2054,2054,3/25/2026 0:02,3/25/2026,waypoint,Chaiten,,1,2055,3/25/2026 0:04,3/25/2026,sleep,Chaiten Beach,0,not_sleep,
2055,2055,3/25/2026 0:04,3/25/2026,sleep,Chaiten Beach,camping,1,2056,3/26/2026 0:00,3/26/2026,waypoint,Chaiten Exit,1,match,
2056,2056,3/26/2026 0:00,3/26/2026,waypoint,Chaiten Exit,,1,2057,3/26/2026 0:01,3/26/2026,waypoint,Hot springs,0,not_sleep,
2057,2057,3/26/2026 0:01,3/26/2026,waypoint,Hot springs,,1,2058,3/26/2026 0:02,3/26/2026,waypoint,Caleta Gonzalo,0,not_sleep,
2058,2058,3/26/2026 0:02,3/26/2026,waypoint,Caleta Gonzalo,,1,2059,3/26/2026 0:04,3/26/2026,waypoint,Fjordo Largo,0,not_sleep,
2059,2059,3/26/2026 0:04,3/26/2026,waypoint,Fjordo Largo,,1,2060,3/26/2026 0:04,3/26/2026,waypoint,Leptepu,0,not_sleep,
2060,2060,3/26/2026 0:04,3/26/2026,waypoint,Leptepu,,1,2061,3/26/2026 0:06,3/26/2026,waypoint,Hornopiren,0,not_sleep,
2061,2061,3/26/2026 0:06,3/26/2026,waypoint,Hornopiren,,1,2062,3/26/2026 0:07,3/26/2026,sleep,"Hornopiren, River",0,not_sleep,
2062,2062,3/26/2026 0:07,3/26/2026,sleep,"Hornopiren, River",camping,1,2063,3/27/2026 0:00,3/27/2026,waypoint,Hornopiren,1,match,
2063,2063,3/27/2026 0:00,3/27/2026,waypoint,Hornopiren,,1,2064,3/27/2026 0:01,3/27/2026,waypoint,Puelche,0,not_sleep,
2064,2064,3/27/2026 0:01,3/27/2026,waypoint,Puelche,,1,2065,3/27/2026 0:02,3/27/2026,waypoint,Caleta Arena,0,not_sleep,
2065,2065,3/27/2026 0:02,3/27/2026,waypoint,Caleta Arena,,1,2066,3/27/2026 0:04,3/27/2026,waypoint,Puerto Montt,0,not_sleep,
2066,2066,3/27/2026 0:04,3/27/2026,waypoint,Puerto Montt,,1,2067,3/27/2026 0:05,3/27/2026,sleep,Home Gabito,0,not_sleep,
2067,2067,3/27/2026 0:05,3/27/2026,sleep,Home Gabito,friends,8,2068,4/4/2026 0:00,4/4/2026,sleep,Gabos family,8,match,
2068,2068,4/4/2026 0:00,4/4/2026,sleep,Gabos family,friends,1,2069,4/5/2026 0:00,4/5/2026,waypoint,Fundo Caulle,1,match,
2069,2069,4/5/2026 0:00,4/5/2026,waypoint,Fundo Caulle,,1,2070,4/5/2026 0:02,4/5/2026,sleep,Refugio Puyehue,0,not_sleep,
2070,2070,4/5/2026 0:02,4/5/2026,sleep,Refugio Puyehue,hostel,1,2071,4/6/2026 0:00,4/6/2026,waypoint,Volcan Puyehue,1,match,
2071,2071,4/6/2026 0:00,4/6/2026,waypoint,Volcan Puyehue,,1,2072,4/6/2026 0:01,4/6/2026,waypoint,Fundo Caulle,0,not_sleep,
2072,2072,4/6/2026 0:01,4/6/2026,waypoint,Fundo Caulle,,1,2073,4/6/2026 0:03,4/6/2026,sleep,Home Gabito,0,not_sleep,
2073,2073,4/6/2026 0:03,4/6/2026,sleep,Home Gabito,friends,1,2074,4/7/2026 0:00,4/7/2026,waypoint,Puerto Montt,1,match,
2074,2074,4/7/2026 0:00,4/7/2026,waypoint,Puerto Montt,,1,2075,4/7/2026 0:01,4/7/2026,waypoint,Gas station,0,not_sleep,
2075,2075,4/7/2026 0:01,4/7/2026,waypoint,Gas station,,1,2076,4/7/2026 0:03,4/7/2026,waypoint,Pargua,0,not_sleep,
2076,2076,4/7/2026 0:03,4/7/2026,waypoint,Pargua,,1,2077,4/7/2026 0:04,4/7/2026,waypoint,Ferry Pargua,0,not_sleep,
2077,2077,4/7/2026 0:04,4/7/2026,waypoint,Ferry Pargua,,1,2078,4/7/2026 0:05,4/7/2026,waypoint,Chacao,0,not_sleep,
2078,2078,4/7/2026 0:05,4/7/2026,waypoint,Chacao,,1,2079,4/7/2026 0:06,4/7/2026,waypoint,Mocopulli,0,not_sleep,
2079,2079,4/7/2026 0:06,4/7/2026,waypoint,Mocopulli,,1,2080,4/7/2026 0:08,4/7/2026,waypoint,Castro,0,not_sleep,
2080,2080,4/7/2026 0:08,4/7/2026,waypoint,Castro,,1,2081,4/7/2026 0:09,4/7/2026,waypoint,Llaullao,0,not_sleep,
2081,2081,4/7/2026 0:09,4/7/2026,waypoint,Llaullao,,1,2082,4/7/2026 0:10,4/7/2026,waypoint,Dalcahue,0,not_sleep,
2082,2082,4/7/2026 0:10,4/7/2026,waypoint,Dalcahue,,1,2083,4/7/2026 0:11,4/7/2026,waypoint,Isla Quinchao,0,not_sleep,
2083,2083,4/7/2026 0:11,4/7/2026,waypoint,Isla Quinchao,,1,2084,4/7/2026 0:12,4/7/2026,waypoint,Chequian,0,not_sleep,
2084,2084,4/7/2026 0:12,4/7/2026,waypoint,Chequian,,1,2085,4/7/2026 0:13,4/7/2026,sleep,Chequian,0,not_sleep,
2085,2085,4/7/2026 0:13,4/7/2026,sleep,Chequian,camping,1,2086,4/8/2026 0:00,4/8/2026,waypoint,Chequian,1,match,
2086,2086,4/8/2026 0:00,4/8/2026,waypoint,Chequian,,1,2087,4/8/2026 0:01,4/8/2026,waypoint,Achao,0,not_sleep,
2087,2087,4/8/2026 0:01,4/8/2026,waypoint,Achao,,1,2088,4/8/2026 0:02,4/8/2026,waypoint,Ferry,0,not_sleep,
2088,2088,4/8/2026 0:02,4/8/2026,waypoint,Ferry,,1,2089,4/8/2026 0:03,4/8/2026,waypoint,Dalcahue,0,not_sleep,
2089,2089,4/8/2026 0:03,4/8/2026,waypoint,Dalcahue,,1,2090,4/8/2026 0:04,4/8/2026,waypoint,Castro,0,not_sleep,
2090,2090,4/8/2026 0:04,4/8/2026,waypoint,Castro,,1,2091,4/8/2026 0:06,4/8/2026,sleep,Hostel Castro,0,not_sleep,
2091,2091,4/8/2026 0:06,4/8/2026,sleep,Hostel Castro,hostel,2,2092,4/10/2026 0:00,4/10/2026,waypoint,Castro,2,match,
2092,2092,4/10/2026 0:00,4/10/2026,waypoint,Castro,,1,2093,4/10/2026 0:02,4/10/2026,waypoint,Puerto Montt,0,not_sleep,
2093,2093,4/10/2026 0:02,4/10/2026,waypoint,Puerto Montt,,1,2094,4/10/2026 0:04,4/10/2026,sleep,Home Gabito,0,not_sleep,
2094,2094,4/10/2026 0:04,4/10/2026,sleep,Home Gabito,friends,3,2095,4/13/2026 0:00,4/13/2026,waypoint,Terminal Puerto Montt,3,match,
2095,2095,4/13/2026 0:00,4/13/2026,waypoint,Terminal Puerto Montt,,1,2096,4/13/2026 0:01,4/13/2026,waypoint,Terminal Santiago,0,not_sleep,
2096,2096,4/13/2026 0:01,4/13/2026,waypoint,Terminal Santiago,,1,2097,4/14/2026 0:00,4/14/2026,sleep,Home Javis Family,1,not_sleep,
2097,2097,4/14/2026 0:00,4/14/2026,sleep,Home Javis Family,friends,3,2098,4/17/2026 0:00,4/17/2026,waypoint,Santiago Estacion Central,3,match,
2098,2098,4/17/2026 0:00,4/17/2026,waypoint,Santiago Estacion Central,,1,2099,4/17/2026 0:01,4/17/2026,waypoint,La Serena,0,not_sleep,
2099,2099,4/17/2026 0:01,4/17/2026,waypoint,La Serena,,1,2100,4/18/2026 0:00,4/18/2026,waypoint,La Serena,1,not_sleep,
2100,2100,4/18/2026 0:00,4/18/2026,waypoint,La Serena,,1,2101,4/18/2026 0:01,4/18/2026,waypoint,La Serena Aeropuerto,0,not_sleep,
2101,2101,4/18/2026 0:01,4/18/2026,waypoint,La Serena Aeropuerto,,1,2102,4/18/2026 0:02,4/18/2026,waypoint,La Serena Copec,0,not_sleep,
2102,2102,4/18/2026 0:02,4/18/2026,waypoint,La Serena Copec,,1,2103,4/18/2026 0:03,4/18/2026,waypoint,Vicuna,0,not_sleep,
2103,2103,4/18/2026 0:03,4/18/2026,waypoint,Vicuna,,1,2104,4/18/2026 0:05,4/18/2026,waypoint,Paiguano,0,not_sleep,
2104,2104,4/18/2026 0:05,4/18/2026,waypoint,Paiguano,,1,2105,4/18/2026 0:06,4/18/2026,waypoint,Pisco Elqui,0,not_sleep,
2105,2105,4/18/2026 0:06,4/18/2026,waypoint,Pisco Elqui,,1,2106,4/18/2026 0:07,4/18/2026,sleep,Pisco Elqui Camping Andino,0,not_sleep,
2106,2106,4/18/2026 0:07,4/18/2026,sleep,Pisco Elqui Camping Andino,campingPaid,4,2107,4/22/2026 0:00,4/22/2026,waypoint,Pisco Elqui,4,match,
2107,2107,4/22/2026 0:00,4/22/2026,waypoint,Pisco Elqui,,1,2108,4/22/2026 0:01,4/22/2026,waypoint,Vicuna,0,not_sleep,
2108,2108,4/22/2026 0:01,4/22/2026,waypoint,Vicuna,,1,2109,4/22/2026 0:05,4/22/2026,waypoint,Diaguitas,0,not_sleep,
2109,2109,4/22/2026 0:05,4/22/2026,waypoint,Diaguitas,,1,2110,4/22/2026 0:06,4/22/2026,sleep,Diaguitas,0,not_sleep,
2110,2110,4/22/2026 0:06,4/22/2026,sleep,Diaguitas,camping,1,2111,4/23/2026 0:00,4/23/2026,waypoint,Vicuna,1,match,
2111,2111,4/23/2026 0:00,4/23/2026,waypoint,Vicuna,,1,2112,4/23/2026 0:01,4/23/2026,waypoint,La Serena,0,not_sleep,
2112,2112,4/23/2026 0:01,4/23/2026,waypoint,La Serena,,1,2113,4/23/2026 0:02,4/23/2026,waypoint,La Serena Gas station,0,not_sleep,
2113,2113,4/23/2026 0:02,4/23/2026,waypoint,La Serena Gas station,,1,2114,4/23/2026 0:04,4/23/2026,waypoint,Copec La Serena,0,not_sleep,
2114,2114,4/23/2026 0:04,4/23/2026,waypoint,Copec La Serena,,1,2115,4/23/2026 0:05,4/23/2026,waypoint,Copiapo,0,not_sleep,
2115,2115,4/23/2026 0:05,4/23/2026,waypoint,Copiapo,,1,2116,4/23/2026 0:06,4/23/2026,waypoint,Copec Copiapo,0,not_sleep,
2116,2116,4/23/2026 0:06,4/23/2026,waypoint,Copec Copiapo,,1,2117,4/23/2026 0:07,4/23/2026,sleep,Copec,0,not_sleep,
2117,2117,4/23/2026 0:07,4/23/2026,sleep,Copec,camping,1,2118,4/24/2026 0:00,4/24/2026,waypoint,Caldera,1,match,
2118,2118,4/24/2026 0:00,4/24/2026,waypoint,Caldera,,1,2119,4/24/2026 0:03,4/24/2026,sleep,House Pipe,0,not_sleep,
2119,2119,4/24/2026 0:03,4/24/2026,sleep,House Pipe,couchsurfing,2,2120,4/26/2026 0:00,4/26/2026,waypoint,Caldera Salida,2,match,
2120,2120,4/26/2026 0:00,4/26/2026,waypoint,Caldera Salida,,1,2121,4/26/2026 0:01,4/26/2026,waypoint,Outside of Antofagasta,0,not_sleep,
2121,2121,4/26/2026 0:01,4/26/2026,waypoint,Outside of Antofagasta,,1,2122,4/26/2026 0:03,4/26/2026,waypoint,Calama,0,not_sleep,
2122,2122,4/26/2026 0:03,4/26/2026,waypoint,Calama,,1,2123,4/26/2026 0:05,4/26/2026,sleep,Calama,0,not_sleep,
2123,2123,4/26/2026 0:05,4/26/2026,sleep,Calama,hostel,1,2124,4/27/2026 0:00,4/27/2026,waypoint,Calama Salida,1,match,
2124,2124,4/27/2026 0:00,4/27/2026,waypoint,Calama Salida,,1,2125,4/27/2026 0:01,4/27/2026,waypoint,Calama Salida 2,0,not_sleep,
2125,2125,4/27/2026 0:01,4/27/2026,waypoint,Calama Salida 2,,1,2126,4/27/2026 0:02,4/27/2026,waypoint,ChiuChiu,0,not_sleep,
2126,2126,4/27/2026 0:02,4/27/2026,waypoint,ChiuChiu,,1,2127,4/27/2026 0:03,4/27/2026,waypoint,Uyuni,0,not_sleep,
2127,2127,4/27/2026 0:03,4/27/2026,waypoint,Uyuni,,1,2128,4/27/2026 0:04,4/27/2026,sleep,Uyuni Plaza,0,not_sleep,
2128,2128,4/27/2026 0:04,4/27/2026,sleep,Uyuni Plaza,hostel,3,2129,4/30/2026 0:00,4/30/2026,waypoint,La Paz,3,match,
2129,2129,4/30/2026 0:00,4/30/2026,waypoint,La Paz,,1,2130,5/1/2026 0:00,5/1/2026,sleep,La Paz Hostel,1,not_sleep,
2130,2130,5/1/2026 0:00,5/1/2026,sleep,La Paz Hostel,hostel,3,2131,5/4/2026 0:00,5/4/2026,sleep,Lake Titicaca,3,match,
2131,2131,5/4/2026 0:00,5/4/2026,sleep,Lake Titicaca,camping,1,2132,5/5/2026 0:00,5/5/2026,sleep,Lake Titicaca 2,1,match,
2132,2132,5/5/2026 0:00,5/5/2026,sleep,Lake Titicaca 2,camping,1,2133,5/6/2026 0:00,5/6/2026,waypoint,Close to the border,1,match,
2133,2133,5/6/2026 0:00,5/6/2026,waypoint,Close to the border,,1,2134,5/6/2026 0:01,5/6/2026,waypoint,Closer to the border,0,not_sleep,
2134,2134,5/6/2026 0:01,5/6/2026,waypoint,Closer to the border,,1,2135,5/6/2026 0:03,5/6/2026,waypoint,Border Peru,0,not_sleep,
2135,2135,5/6/2026 0:03,5/6/2026,waypoint,Border Peru,,1,2136,5/6/2026 0:04,5/6/2026,waypoint,Yunguyo,0,not_sleep,
2136,2136,5/6/2026 0:04,5/6/2026,waypoint,Yunguyo,,1,2137,5/6/2026 0:06,5/6/2026,waypoint,Salida de Yunguyo,0,not_sleep,
2137,2137,5/6/2026 0:06,5/6/2026,waypoint,Salida de Yunguyo,,1,2138,5/6/2026 0:07,5/6/2026,waypoint,Cachacacha,0,not_sleep,
2138,2138,5/6/2026 0:07,5/6/2026,waypoint,Cachacacha,,1,2139,5/6/2026 0:08,5/6/2026,waypoint,Santa Lucia,0,not_sleep,
2139,2139,5/6/2026 0:08,5/6/2026,waypoint,Santa Lucia,,1,2140,5/6/2026 0:09,5/6/2026,sleep,Santa Lucia Hotel,0,not_sleep,
2140,2140,5/6/2026 0:09,5/6/2026,sleep,Santa Lucia Hotel,hostel,1,2141,5/7/2026 0:00,5/7/2026,waypoint,Arequipa,1,match,
2141,2141,5/7/2026 0:00,5/7/2026,waypoint,Arequipa,,1,2142,5/7/2026 0:01,5/7/2026,sleep,Arequipa Hostal,0,not_sleep,
2142,2142,5/7/2026 0:01,5/7/2026,sleep,Arequipa Hostal,hostel,2,2143,5/9/2026 0:00,5/9/2026,waypoint,Uchumayo,2,match,
2143,2143,5/9/2026 0:00,5/9/2026,waypoint,Uchumayo,,1,2144,5/9/2026 0:01,5/9/2026,waypoint,El Pedregal,0,not_sleep,
2144,2144,5/9/2026 0:01,5/9/2026,waypoint,El Pedregal,,1,2145,5/9/2026 0:02,5/9/2026,waypoint,Peaje Camana,0,not_sleep,
2145,2145,5/9/2026 0:02,5/9/2026,waypoint,Peaje Camana,,1,2146,5/9/2026 0:04,5/9/2026,waypoint,Chala,0,not_sleep,
2146,2146,5/9/2026 0:04,5/9/2026,waypoint,Chala,,1,2147,5/9/2026 0:06,5/9/2026,sleep,Chala,0,not_sleep,
2147,2147,5/9/2026 0:06,5/9/2026,sleep,Chala,camping,1,2148,5/10/2026 0:00,5/10/2026,waypoint,Pucusana,1,match,
2148,2148,5/10/2026 0:00,5/10/2026,waypoint,Pucusana,,1,2149,5/10/2026 0:01,5/10/2026,waypoint,Lima Plaza Grau,0,not_sleep,
2149,2149,5/10/2026 0:01,5/10/2026,waypoint,Lima Plaza Grau,,1,2150,5/10/2026 0:03,5/10/2026,sleep,Lima Hostal,0,not_sleep,
2150,2150,5/10/2026 0:03,5/10/2026,sleep,Lima Hostal,hostel,2,2151,5/12/2026 0:00,5/12/2026,waypoint,Airport Lima,2,match,
2151,2151,5/12/2026 0:00,5/12/2026,waypoint,Airport Lima,,1,2152,5/12/2026 0:02,5/12/2026,waypoint,Airport Mexico City,0,not_sleep,
2152,2152,5/12/2026 0:02,5/12/2026,waypoint,Airport Mexico City,,1,2153,5/13/2026 0:00,5/13/2026,waypoint,Airport Calgary,1,not_sleep,
2153,2153,5/13/2026 0:00,5/13/2026,waypoint,Airport Calgary,,1,2154,5/14/2026 0:00,5/14/2026,waypoint,Calgary Downtown,1,not_sleep,
2154,2154,5/14/2026 0:00,5/14/2026,waypoint,Calgary Downtown,,1,2155,5/14/2026 0:01,5/14/2026,waypoint,Gas station Calgary,0,not_sleep,
2155,2155,5/14/2026 0:01,5/14/2026,waypoint,Gas station Calgary,,1,2156,5/14/2026 0:03,5/14/2026,waypoint,Kicking Horse River,0,not_sleep,
2156,2156,5/14/2026 0:03,5/14/2026,waypoint,Kicking Horse River,,1,2157,5/14/2026 0:04,5/14/2026,sleep,Kicking Horse River,0,not_sleep,
2157,2157,5/14/2026 0:04,5/14/2026,sleep,Kicking Horse River,camping,1,2158,5/15/2026 0:00,5/15/2026,waypoint,Highway 1,1,match,
2158,2158,5/15/2026 0:00,5/15/2026,waypoint,Highway 1,,1,2159,5/15/2026 0:01,5/15/2026,waypoint,Golden,0,not_sleep,
2159,2159,5/15/2026 0:01,5/15/2026,waypoint,Golden,,1,2160,5/15/2026 0:02,5/15/2026,waypoint,Revelstoke,0,not_sleep,
2160,2160,5/15/2026 0:02,5/15/2026,waypoint,Revelstoke,,1,2161,5/15/2026 0:03,5/15/2026,waypoint,Revelstoke Exit,0,not_sleep,
2161,2161,5/15/2026 0:03,5/15/2026,waypoint,Revelstoke Exit,,1,2162,5/15/2026 0:04,5/15/2026,waypoint,Sicamous,0,not_sleep,
2162,2162,5/15/2026 0:04,5/15/2026,waypoint,Sicamous,,1,2163,5/15/2026 0:05,5/15/2026,waypoint,Kelowna,0,not_sleep,
2163,2163,5/15/2026 0:05,5/15/2026,waypoint,Kelowna,,1,2164,5/15/2026 0:06,5/15/2026,sleep,Jonathan's home,0,not_sleep,
2164,2164,5/15/2026 0:06,5/15/2026,sleep,Jonathan's home,camping,9,,,,,,720,no_next_entry,
