id,travel_date,name,sleepcategory,nights,lng,lat,country,method,reason
1,"Tue, 26 Sep 2023 22:00:00 GMT",Calmasino,,1,10.797486598,45.503963958,Italy,auto,Matched source country polygon
2,"Tue, 26 Sep 2023 22:00:01 GMT",Sirmione,,1,10.600545752,45.460692468,Italy,auto,Matched source country polygon
3,"Tue, 26 Sep 2023 22:00:03 GMT",Albisola,,1,8.499037147,44.323371946,Italy,auto,Matched source country polygon
4,"Wed, 27 Sep 2023 22:00:00 GMT",Savona,,1,8.441402593,44.286826267,Italy,auto,Matched source country polygon
5,"Wed, 27 Sep 2023 22:00:01 GMT",Le Luc,,1,6.363719335,43.400780851,France,auto,Matched source country polygon
6,"Wed, 27 Sep 2023 22:00:03 GMT",Aix-en-Provence,,1,5.442469351,43.513312505,France,auto,Matched source country polygon
7,"Wed, 27 Sep 2023 22:00:05 GMT",Aix-en-Provence,couchsurfing,1,5.494698116,43.53963761,France,auto,Matched source country polygon
8,"Tue, 26 Sep 2023 22:00:05 GMT",Albisola,camping,1,8.499490104,44.323763643,Italy,auto,Matched source country polygon
9,"Thu, 28 Sep 2023 22:00:00 GMT",Arles,,1,4.647157051,43.664762991,France,auto,Matched source country polygon
10,"Thu, 28 Sep 2023 22:00:01 GMT",Nimes,,1,4.340176639,43.815439744,France,auto,Matched source country polygon
11,"Thu, 28 Sep 2023 22:00:03 GMT",Montpellier Est,,1,3.92906913,43.608352909,France,auto,Matched source country polygon
12,"Thu, 28 Sep 2023 22:00:04 GMT",Montpellier,,1,3.879339188,43.608452277,France,auto,Matched source country polygon
13,"Thu, 28 Sep 2023 22:00:05 GMT",Montpellier,couchsurfing,1,3.878887683,43.60943627,France,auto,Matched source country polygon
14,"Sun, 01 Oct 2023 22:00:00 GMT",Perpignan,,1,2.862407822,42.676243572,France,auto,Matched source country polygon
15,"Sun, 01 Oct 2023 22:00:01 GMT",Figueres,,1,2.94506635,42.290906597,Spain,auto,Matched source country polygon
16,"Sun, 01 Oct 2023 22:00:02 GMT",Macanet de Selva,,1,2.743944222,41.782692115,Spain,auto,Matched source country polygon
17,"Sun, 01 Oct 2023 22:00:04 GMT",Barcelona,,1,2.011647603,41.414272861,Spain,auto,Matched source country polygon
18,"Sun, 01 Oct 2023 22:00:05 GMT",Molins de Rei,camping,1,2.024876254,41.421078123,Spain,auto,Matched source country polygon
19,"Wed, 27 Sep 2023 22:00:04 GMT",Aix-en-Provence outskirts,,1,5.494013131,43.539949284,France,auto,Matched source country polygon
20,"Mon, 02 Oct 2023 22:00:00 GMT",Gelida,,1,1.864701371,41.446187787,Spain,auto,Matched source country polygon
21,"Mon, 02 Oct 2023 22:00:01 GMT",Tarragona,,1,1.239748473,41.117181072,Spain,auto,Matched source country polygon
22,"Mon, 02 Oct 2023 22:00:03 GMT",Tarragona outskirts,,1,1.257653113,41.115395434,Spain,auto,Matched source country polygon
23,"Mon, 02 Oct 2023 22:00:04 GMT",Tarragona beach,,1,1.307806845,41.129471752,Spain,auto,Matched source country polygon
24,"Mon, 02 Oct 2023 22:00:05 GMT",Tarragona beach,camping,1,1.328422301,41.128995968,Spain,auto,Matched source country polygon
25,"Tue, 03 Oct 2023 22:00:01 GMT",Tarragona beach,,1,1.308447897,41.132399778,Spain,auto,Matched source country polygon
26,"Tue, 03 Oct 2023 22:00:03 GMT",Tarragona,,1,1.245548307,41.12338225,Spain,auto,Matched source country polygon
27,"Tue, 03 Oct 2023 22:00:04 GMT",Tarragona autostrada,,1,1.230268653,41.129180817,Spain,auto,Matched source country polygon
28,"Tue, 03 Oct 2023 22:00:05 GMT",Cambrils,,1,1.03711344,41.081910914,Spain,auto,Matched source country polygon
29,"Tue, 03 Oct 2023 22:00:06 GMT",Amposta,,1,0.588880457,40.722288265,Spain,auto,Matched source country polygon
30,"Tue, 03 Oct 2023 22:00:07 GMT",Vinaros autovia,,1,0.447073827,40.477057431,Spain,auto,Matched source country polygon
31,"Tue, 03 Oct 2023 22:00:08 GMT",Vinaros,,1,0.453829181,40.454572004,Spain,auto,Matched source country polygon
32,"Tue, 03 Oct 2023 22:00:09 GMT",Oropesa,,1,0.139021607,40.1320646,Spain,auto,Matched source country polygon
33,"Tue, 03 Oct 2023 22:00:10 GMT",Valencia autostrada,,1,-0.431762292,39.560499697,Spain,auto,Matched source country polygon
34,"Tue, 03 Oct 2023 22:00:11 GMT",Valencia,,1,-0.369876583,39.487348675,Spain,auto,Matched source country polygon
35,"Tue, 03 Oct 2023 22:00:12 GMT",Valencia,friends,1,-0.370055396,39.488928784,Spain,auto,Matched source country polygon
36,"Wed, 11 Oct 2023 22:00:00 GMT",Denia,,1,0.023490132,38.81491667,Spain,auto,Matched source country polygon
37,"Wed, 11 Oct 2023 22:00:01 GMT",Benisa,,1,0.06438844,38.724407951,Spain,auto,Matched source country polygon
38,"Wed, 11 Oct 2023 22:00:03 GMT",Altea,,1,-0.039089535,38.621333874,Spain,auto,Matched source country polygon
39,"Wed, 11 Oct 2023 22:00:04 GMT",Alicante,,1,-0.477249909,38.346429072,Spain,auto,Matched source country polygon
40,"Wed, 11 Oct 2023 22:00:05 GMT",Alicante outskirts,,1,-0.539201784,38.343779908,Spain,auto,Matched source country polygon
41,"Wed, 11 Oct 2023 22:00:06 GMT",San Vincente,,1,-0.523432182,38.39841737,Spain,auto,Matched source country polygon
42,"Wed, 11 Oct 2023 22:00:07 GMT",San Vincente,house,1,-0.519743251,38.39612397,Spain,auto,Matched source country polygon
43,"Thu, 12 Oct 2023 22:00:00 GMT",Murcia,,1,-1.165912379,38.025761795,Spain,auto,Matched source country polygon
44,"Thu, 12 Oct 2023 22:00:02 GMT",La Paz,,1,-1.25932807,37.953002813,Spain,auto,Matched source country polygon
45,"Thu, 12 Oct 2023 22:00:03 GMT",Alhama de Murcia,,1,-1.407972507,37.855969181,Spain,auto,Matched source country polygon
46,"Thu, 12 Oct 2023 22:00:05 GMT",Alhama de Murcia outskirts,,1,-1.411884957,37.834926999,Spain,auto,Matched source country polygon
47,"Thu, 12 Oct 2023 22:00:05 GMT",Puerto Lumbreras,,1,-1.806901008,37.563723435,Spain,auto,Matched source country polygon
48,"Thu, 12 Oct 2023 22:00:06 GMT",Vera,,1,-1.871245413,37.245281866,Spain,auto,Matched source country polygon
49,"Thu, 12 Oct 2023 22:00:07 GMT",Macael,,1,-2.305108816,37.332115688,Spain,auto,Matched source country polygon
50,"Thu, 12 Oct 2023 22:00:08 GMT",Olula del Rio,house,1,-2.301289352,37.362832586,Spain,auto,Matched source country polygon
51,"Fri, 13 Oct 2023 22:00:00 GMT",Almeria,,1,-2.503249062,36.832483172,Spain,auto,Matched source country polygon
52,"Fri, 13 Oct 2023 22:00:01 GMT",Malaga,,1,-4.411823156,36.719796877,Spain,manual,Spanish coastal points not covered by source polygons
53,"Fri, 13 Oct 2023 22:00:04 GMT",Malaga,camping,1,-4.412836137,36.723006366,Spain,auto,Matched source country polygon
54,"Sat, 14 Oct 2023 22:00:00 GMT",Fuengirola,,1,-4.632537233,36.515855772,Spain,manual,Spanish coastal points not covered by source polygons
55,"Sat, 14 Oct 2023 22:00:02 GMT",Cala de Mijas,,1,-4.681227496,36.50512382,Spain,auto,Matched source country polygon
56,"Sat, 14 Oct 2023 22:00:04 GMT",Marbella,,1,-4.880949706,36.522142062,Spain,auto,Matched source country polygon
57,"Sat, 14 Oct 2023 22:00:06 GMT",Marbella bus terminal,,1,-4.891550241,36.519531001,Spain,auto,Matched source country polygon
58,"Sat, 14 Oct 2023 22:00:07 GMT",San Roque,,1,-5.343411704,36.236698481,Spain,auto,Matched source country polygon
59,"Sat, 14 Oct 2023 22:00:08 GMT",La Linea de la Conception,,1,-5.348134177,36.159782263,Spain,auto,Matched source country polygon
60,"Sat, 14 Oct 2023 22:00:09 GMT",Gibraltar,couchsurfing,1,-5.348984436,36.153290043,Spain,auto,Matched source country polygon
61,"Mon, 16 Oct 2023 15:50:21 GMT",Gibraltar,couchsurfing,1,-5.354105222,36.13957853,Gibraltar,auto,Matched source country polygon
62,"Fri, 20 Oct 2023 15:54:54 GMT",The Jungle,camping,1,-5.353116691,36.156709902,Spain,auto,Matched source country polygon
63,"Sat, 28 Oct 2023 22:00:00 GMT",Algeciras,,1,-5.442125798,36.128635755,Spain,auto,Matched source country polygon
64,"Sat, 28 Oct 2023 22:00:01 GMT",Ceuta,,1,-5.321267248,35.894476847,Spain,auto,Matched source country polygon
65,"Sat, 28 Oct 2023 22:00:06 GMT",Ceuta,boat,1,-5.313558581,35.88963049,Spain,auto,Matched source country polygon
66,"Sat, 21 Oct 2023 22:00:00 GMT",La Esteponera,hostel,1,-5.350929553,36.163228987,Spain,auto,Matched source country polygon
67,"Sun, 22 Oct 2023 22:00:00 GMT",The Jungle,camping,1,-5.353116691,36.156709901,Spain,auto,Matched source country polygon
68,"Mon, 30 Oct 2023 23:00:01 GMT",Ceuta border,,1,-5.343837465,35.872415468,Spain,auto,Matched source country polygon
69,"Mon, 30 Oct 2023 23:00:03 GMT",Tetouan,airbnb,1,-5.374305303,35.570379204,Morocco,auto,Matched source country polygon
70,"Wed, 01 Nov 2023 23:00:01 GMT",Ceuta border,,1,-5.344010054,35.872071222,Spain,auto,Matched source country polygon
71,"Wed, 01 Nov 2023 23:00:06 GMT",Ceuta,boat,1,-5.313558581,35.88963049,Spain,auto,Matched source country polygon
72,"Tue, 07 Nov 2023 11:00:00 GMT","Ceuta - La Graciosa, Day 1",boat,1,-5.665811026,35.838699645,At sea,manual,Boat transit night outside a country polygon
73,"Wed, 08 Nov 2023 11:00:00 GMT","Ceuta - La Graciosa, Day 2",boat,1,-7.916601902,34.621735316,At sea,manual,Boat transit night outside a country polygon
74,"Thu, 09 Nov 2023 11:00:00 GMT","Ceuta - La Graciosa, Day 3",boat,1,-9.824369355,33.211496211,At sea,manual,Boat transit night outside a country polygon
75,"Fri, 10 Nov 2023 17:39:58 GMT","Ceuta - La Graciosa, Day 4",boat,1,-11.439693688,31.444473882,At sea,manual,Boat transit night outside a country polygon
76,"Sat, 11 Nov 2023 11:00:00 GMT","Ceuta - La Graciosa, Day 5",,1,-13.249622752,29.506171962,Unassigned,unassigned,Outside source polygons and no manual rule matched
77,"Sat, 11 Nov 2023 15:50:00 GMT",La Graciosa,boat,1,-13.529713984,29.21749391,Spain,manual,Canary Islands / Spanish island points not covered by source polygons
78,"Sun, 12 Nov 2023 23:00:00 GMT","La Graciosa - Las Palmas, Day 1",,1,-14.129028432,28.938919247,Spain,manual,Canary Islands / Spanish island points not covered by source polygons
79,"Mon, 13 Nov 2023 23:00:00 GMT","La Graciosa - Las Palmas, Day 2",,1,-15.426108891,28.131180544,Spain,auto,Matched source country polygon
80,"Mon, 13 Nov 2023 23:00:01 GMT",Las Palmas,camping,1,-15.429077202,28.129162084,Spain,auto,Matched source country polygon
81,"Fri, 17 Nov 2023 23:00:00 GMT",Telde,,1,-15.401759903,28.028156401,Spain,auto,Matched source country polygon
82,"Fri, 17 Nov 2023 23:00:03 GMT",Maspalmos,,1,-15.576604164,27.74730639,Spain,auto,Matched source country polygon
83,"Fri, 17 Nov 2023 23:00:04 GMT",Maspalomas Dunes,camping,1,-15.583306111,27.745902684,Spain,auto,Matched source country polygon
84,"Sat, 18 Nov 2023 23:00:00 GMT",Las Palmas de Abajo,,1,-15.598283565,27.738708215,Spain,manual,Canary Islands / Spanish island points not covered by source polygons
85,"Sat, 18 Nov 2023 23:00:01 GMT",Sonneland,,1,-15.598530329,27.760724542,Spain,auto,Matched source country polygon
86,"Sat, 18 Nov 2023 23:00:03 GMT",El Tablero,,1,-15.603351597,27.764703028,Spain,auto,Matched source country polygon
87,"Sat, 18 Nov 2023 23:00:05 GMT",Random playa,,1,-15.742481802,27.805481687,Spain,manual,Canary Islands / Spanish island points not covered by source polygons
88,"Sat, 18 Nov 2023 23:00:06 GMT",Random beach,camping,1,-15.740074967,27.802188592,Spain,manual,Canary Islands / Spanish island points not covered by source polygons
89,"Sun, 19 Nov 2023 23:00:00 GMT",Playa de Tauro,camping,1,-15.727098299,27.794832496,Spain,auto,Matched source country polygon
90,"Tue, 21 Nov 2023 23:20:01 GMT",San Sebastian,camping,1,-17.114033775,28.086317726,Spain,auto,Matched source country polygon
91,"Tue, 21 Nov 2023 23:00:00 GMT",San Sebastian Port,,1,-17.108140069,28.087821925,Spain,manual,Canary Islands / Spanish island points not covered by source polygons
92,"Thu, 23 Nov 2023 23:00:02 GMT",Playa Ingles,camping,1,-17.347268543,28.100506726,Spain,manual,Canary Islands / Spanish island points not covered by source polygons
93,"Wed, 29 Nov 2023 23:00:00 GMT",La Calera,,1,-17.335735761,28.094298463,Spain,auto,Matched source country polygon
94,"Wed, 29 Nov 2023 23:00:01 GMT",El Guro,,1,-17.328393661,28.102777312,Spain,auto,Matched source country polygon
95,"Wed, 29 Nov 2023 23:00:02 GMT",Middle of the island,,1,-17.299660941,28.155041632,Spain,auto,Matched source country polygon
96,"Wed, 29 Nov 2023 23:00:04 GMT",Middle of the island,,1,-17.288206564,28.158836138,Spain,auto,Matched source country polygon
97,"Wed, 29 Nov 2023 23:00:05 GMT",Vallehermoso outskirts,,1,-17.269942509,28.174748146,Spain,auto,Matched source country polygon
98,"Wed, 29 Nov 2023 23:00:07 GMT",Vallehermoso,camping,1,-17.264700784,28.178985168,Spain,auto,Matched source country polygon
99,"Thu, 30 Nov 2023 23:00:00 GMT",Los Chapines,camping,1,-17.262634141,28.165009638,Spain,auto,Matched source country polygon
100,"Fri, 01 Dec 2023 23:00:00 GMT",Vallehermoso,,1,-17.264257751,28.179061422,Spain,auto,Matched source country polygon
101,"Fri, 01 Dec 2023 23:00:01 GMT",Agulo,,1,-17.194863645,28.186176947,Spain,auto,Matched source country polygon
102,"Fri, 01 Dec 2023 23:00:03 GMT",San Sebastian,,1,-17.111659386,28.089567642,Spain,auto,Matched source country polygon
103,"Fri, 01 Dec 2023 23:00:04 GMT",San Sebastian,camping,1,-17.114033775,28.086317726,Spain,auto,Matched source country polygon
104,"Thu, 23 Nov 2023 23:00:00 GMT",San Sebastian Outskirts,,1,-17.119804907,28.090170242,Spain,auto,Matched source country polygon
105,"Thu, 23 Nov 2023 23:00:01 GMT",Valle Gran Rey,,1,-17.343679094,28.096111252,Spain,manual,Canary Islands / Spanish island points not covered by source polygons
106,"Sun, 03 Dec 2023 23:00:00 GMT",San Sebastian Marina,,1,-17.109554502,28.089788756,Spain,auto,Matched source country polygon
107,"Sun, 03 Dec 2023 23:00:01 GMT",Los Christianos,,1,-16.717141331,28.046072519,Spain,auto,Matched source country polygon
108,"Sun, 03 Dec 2023 23:00:03 GMT",Los Christianos Beach,camping,1,-16.709672869,28.042634184,Spain,auto,Matched source country polygon
109,"Tue, 05 Dec 2023 23:00:00 GMT",Montana Blanca,,1,-16.603383227,28.259420087,Spain,auto,Matched source country polygon
110,"Tue, 05 Dec 2023 23:00:01 GMT",El Teide,,1,-16.642070218,28.272013173,Spain,auto,Matched source country polygon
111,"Tue, 05 Dec 2023 23:00:03 GMT",Montana Blanca,,1,-16.603383227,28.259420087,Spain,auto,Matched source country polygon
112,"Tue, 05 Dec 2023 23:00:04 GMT",Las Galettas,,1,-16.658281914,28.007951047,Spain,auto,Matched source country polygon
113,"Tue, 05 Dec 2023 23:00:05 GMT",Las Galettas Beach,camping,1,-16.663040749,28.008809866,Spain,auto,Matched source country polygon
114,"Wed, 06 Dec 2023 23:00:00 GMT",Los Christianos Beach,camping,1,-16.709672869,28.042634184,Spain,auto,Matched source country polygon
115,"Sat, 09 Dec 2023 23:00:00 GMT",Las Lajas,,1,-16.66530575,28.191394925,Spain,auto,Matched source country polygon
116,"Sat, 09 Dec 2023 23:00:01 GMT",Las Lajas,camping,1,-16.665191308,28.189898746,Spain,auto,Matched source country polygon
117,"Mon, 11 Dec 2023 23:00:00 GMT",Marina Amarilla,,1,-16.610920076,28.022379547,Spain,auto,Matched source country polygon
118,"Mon, 11 Dec 2023 23:00:01 GMT",San Miguel,camping,1,-16.617234597,28.020222233,Spain,auto,Matched source country polygon
119,"Mon, 30 Oct 2023 23:00:00 GMT",Ceuta Bus,,1,-5.317021122,35.889054312,Spain,auto,Matched source country polygon
120,"Wed, 01 Nov 2023 23:00:04 GMT",Ceuta Bus,,1,-5.317039238,35.888686245,Spain,auto,Matched source country polygon
121,"Tue, 12 Dec 2023 23:00:01 GMT",Los Christianos Beach,,1,-16.709672869,28.042634184,Spain,auto,Matched source country polygon
122,"Wed, 13 Dec 2023 23:00:00 GMT",Playa de San Juan,,1,-16.812688637,28.180063419,Spain,manual,Canary Islands / Spanish island points not covered by source polygons
123,"Tue, 12 Dec 2023 23:00:02 GMT",Coast of Tenerife,boat,1,-16.816446131,28.167228242,Spain,manual,Canary Islands / Spanish island points not covered by source polygons
124,"Sat, 23 Dec 2023 23:00:30 GMT",Adeje,,1,-16.742861883,28.127825378,Spain,auto,Matched source country polygon
125,"Wed, 13 Dec 2023 23:01:00 GMT",La Caleta,,1,-16.755805627,28.104122151,Spain,manual,Canary Islands / Spanish island points not covered by source polygons
126,"Wed, 13 Dec 2023 23:02:00 GMT",Cave,camping,1,-16.76071556,28.105443925,Spain,manual,Canary Islands / Spanish island points not covered by source polygons
127,"Thu, 14 Dec 2023 23:01:00 GMT",Los Christianos Port,,1,-16.717141331,28.046072518,Spain,auto,Matched source country polygon
128,"Thu, 14 Dec 2023 23:00:00 GMT",La Caleta,,1,-16.755805628,28.104122152,Spain,manual,Canary Islands / Spanish island points not covered by source polygons
129,"Thu, 14 Dec 2023 23:02:00 GMT",San Sebastian Port,,1,-17.109082789,28.083652053,Spain,manual,Canary Islands / Spanish island points not covered by source polygons
130,"Thu, 14 Dec 2023 23:03:00 GMT",Valle Gran Rey,,1,-17.342998228,28.095432439,Spain,manual,Canary Islands / Spanish island points not covered by source polygons
131,"Thu, 14 Dec 2023 23:05:00 GMT",Playa Ingles,camping,1,-17.347268543,28.100506725,Spain,manual,Canary Islands / Spanish island points not covered by source polygons
132,"Fri, 15 Dec 2023 23:00:00 GMT",Mirador de El Santo,camping,1,-17.323596911,28.132506632,Spain,auto,Matched source country polygon
133,"Sat, 16 Dec 2023 23:00:00 GMT",Playa Ingles,camping,1,-17.347268543,28.100506725,Spain,manual,Canary Islands / Spanish island points not covered by source polygons
134,"Mon, 18 Dec 2023 23:00:00 GMT",Medio Beach,,1,-17.181346925,28.038041666,Spain,auto,Matched source country polygon
135,"Mon, 18 Dec 2023 23:01:00 GMT",Hippie Cave,camping,1,-17.17948726,28.038176346,Spain,auto,Matched source country polygon
136,"Tue, 19 Dec 2023 23:00:00 GMT",San Sebastian Port,,1,-17.109082789,28.083652053,Spain,manual,Canary Islands / Spanish island points not covered by source polygons
137,"Tue, 19 Dec 2023 23:02:00 GMT",Los Christianos Port,,1,-16.717141331,28.046072518,Spain,auto,Matched source country polygon
138,"Tue, 19 Dec 2023 23:03:00 GMT",Los Christianos Beach,camping,1,-16.709672869,28.042634184,Spain,auto,Matched source country polygon
139,"Wed, 20 Dec 2023 23:00:00 GMT",Santiago de Teide,,1,-16.816890742,28.295700452,Spain,auto,Matched source country polygon
140,"Wed, 20 Dec 2023 23:01:00 GMT",Puerto de la Cruz,,1,-16.551277954,28.417069541,Spain,manual,Canary Islands / Spanish island points not covered by source polygons
141,"Wed, 20 Dec 2023 23:03:00 GMT",Santa Cruz,,1,-16.245428032,28.468094408,Spain,auto,Matched source country polygon
142,"Wed, 20 Dec 2023 23:04:00 GMT",La Caleta,,1,-16.755805628,28.104122152,Spain,manual,Canary Islands / Spanish island points not covered by source polygons
143,"Wed, 20 Dec 2023 23:06:00 GMT",Cave,camping,1,-16.760715559,28.105443925,Spain,manual,Canary Islands / Spanish island points not covered by source polygons
144,"Mon, 25 Dec 2023 23:00:00 GMT",La Caleta,,1,-16.755805628,28.104122152,Spain,manual,Canary Islands / Spanish island points not covered by source polygons
145,"Mon, 25 Dec 2023 23:01:00 GMT",Las Lajas,camping,1,-16.665191308,28.189898746,Spain,auto,Matched source country polygon
146,"Tue, 26 Dec 2023 23:00:00 GMT",Teide,,1,-16.56414663,28.306143725,Spain,auto,Matched source country polygon
147,"Tue, 26 Dec 2023 23:01:00 GMT",Playa Teresitas,camping,1,-16.183482518,28.510345323,Spain,manual,Canary Islands / Spanish island points not covered by source polygons
148,"Wed, 27 Dec 2023 23:00:00 GMT",Playa Benijo,camping,1,-16.193450247,28.571907583,Spain,manual,Canary Islands / Spanish island points not covered by source polygons
149,"Fri, 29 Dec 2023 23:00:00 GMT",El Medano,camping,1,-16.533692757,28.044143042,Spain,auto,Matched source country polygon
150,"Sat, 30 Dec 2023 23:00:00 GMT",La Caleta,,1,-16.755805628,28.104122152,Spain,manual,Canary Islands / Spanish island points not covered by source polygons
151,"Sat, 30 Dec 2023 23:01:00 GMT",Cave,camping,1,-16.760715559,28.105443925,Spain,manual,Canary Islands / Spanish island points not covered by source polygons
152,"Mon, 01 Jan 2024 23:00:00 GMT",Playa Teresitas,camping,1,-16.183482517,28.510345323,Spain,manual,Canary Islands / Spanish island points not covered by source polygons
153,"Tue, 16 Jan 2024 23:00:00 GMT",SY Falkor,boat,1,-16.244091173,28.466829138,Spain,manual,Canary Islands / Spanish island points not covered by source polygons
154,"Fri, 26 Jan 2024 23:00:00 GMT",Engine failure,,1,-16.197370663,28.41001126,Spain,manual,Canary Islands / Spanish island points not covered by source polygons
155,"Fri, 26 Jan 2024 23:01:00 GMT",SY Falkor,boat,1,-16.244091173,28.466829138,Spain,manual,Canary Islands / Spanish island points not covered by source polygons
156,"Tue, 13 Feb 2024 23:00:00 GMT","Tenerife - Fuerteventura, Day 1",boat,1,-15.502927639,28.257746615,Spain,manual,Canary Islands / Spanish island points not covered by source polygons
157,"Wed, 14 Feb 2024 23:00:00 GMT",Gran Tarajal,boat,1,-14.026606371,28.206766278,Spain,manual,Canary Islands / Spanish island points not covered by source polygons
158,"Thu, 15 Feb 2024 23:00:00 GMT",Tuneje,,1,-14.04905647,28.326614814,Spain,auto,Matched source country polygon
159,"Thu, 15 Feb 2024 23:01:00 GMT",Ajuy,,1,-14.15488571,28.399737608,Spain,manual,Canary Islands / Spanish island points not covered by source polygons
160,"Thu, 15 Feb 2024 23:03:00 GMT",Playa Solapa,camping,1,-14.165126981,28.364666825,Spain,auto,Matched source country polygon
161,"Fri, 16 Feb 2024 23:00:00 GMT",Pajara,,1,-14.107512538,28.350713525,Spain,auto,Matched source country polygon
162,"Fri, 16 Feb 2024 23:01:00 GMT",Betancuria,,1,-14.056483219,28.424380067,Spain,auto,Matched source country polygon
163,"Fri, 16 Feb 2024 23:04:00 GMT",Llanos de La Conception,,1,-14.029348812,28.473588577,Spain,auto,Matched source country polygon
164,"Fri, 16 Feb 2024 23:05:00 GMT",Tefia,,1,-14.001699405,28.51123268,Spain,auto,Matched source country polygon
165,"Fri, 16 Feb 2024 23:06:00 GMT",El Caidero,,1,-13.970097023,28.563124534,Spain,auto,Matched source country polygon
166,"Fri, 16 Feb 2024 23:07:00 GMT",Lajares,,1,-13.94156965,28.67918166,Spain,auto,Matched source country polygon
167,"Fri, 16 Feb 2024 23:08:00 GMT",Cotillo,,1,-14.008925281,28.682367264,Spain,manual,Canary Islands / Spanish island points not covered by source polygons
168,"Fri, 16 Feb 2024 23:09:00 GMT",Cotillo Beach,camping,1,-14.009123169,28.677863884,Spain,manual,Canary Islands / Spanish island points not covered by source polygons
169,"Sat, 17 Feb 2024 23:01:00 GMT",Corralejo,,1,-13.853508531,28.726398894,Spain,auto,Matched source country polygon
170,"Sat, 17 Feb 2024 23:00:00 GMT",Cotillo,,1,-14.006725841,28.682488119,Spain,auto,Matched source country polygon
171,"Sat, 17 Feb 2024 23:03:00 GMT",Corralejo,camping,1,-13.872090796,28.74242846,Spain,auto,Matched source country polygon
172,"Sun, 18 Feb 2024 23:00:00 GMT",Corallejo,,1,-13.870938193,28.740781449,Spain,auto,Matched source country polygon
173,"Sun, 18 Feb 2024 23:01:00 GMT",Puerto de Rosario,,1,-13.859781713,28.50351495,Spain,auto,Matched source country polygon
174,"Sun, 18 Feb 2024 23:03:00 GMT",Gran Tarajal,,1,-14.026606371,28.206766278,Spain,manual,Canary Islands / Spanish island points not covered by source polygons
175,"Sun, 18 Feb 2024 23:05:00 GMT",Gran Tarajal Autovia,,1,-14.01760494,28.25401681,Spain,auto,Matched source country polygon
176,"Sun, 18 Feb 2024 23:07:00 GMT",Autovia,,1,-14.278625228,28.105923182,Spain,auto,Matched source country polygon
177,"Sun, 18 Feb 2024 23:08:00 GMT",Playa el Salmo,camping,1,-14.271616707,28.101995248,Spain,auto,Matched source country polygon
178,"Mon, 19 Feb 2024 23:00:00 GMT",Yeremi's house,house,1,-14.116275233,28.238239715,Spain,auto,Matched source country polygon
179,"Tue, 20 Feb 2024 23:00:00 GMT",Playa Garcey,,1,-14.175664429,28.344891053,Spain,auto,Matched source country polygon
180,"Tue, 20 Feb 2024 23:01:00 GMT",Cave,camping,1,-14.187801799,28.338473816,Spain,manual,Canary Islands / Spanish island points not covered by source polygons
181,"Wed, 21 Feb 2024 23:00:00 GMT",Playa de la Hermosas,camping,1,-14.21267011,28.237426834,Spain,auto,Matched source country polygon
182,"Thu, 22 Feb 2024 23:00:00 GMT",La Pared,,1,-14.210838169,28.213919363,Spain,auto,Matched source country polygon
183,"Thu, 22 Feb 2024 23:00:00 GMT",La Pared,,1,-14.210838169,28.213919363,Spain,auto,Matched source country polygon
184,"Thu, 22 Feb 2024 23:01:00 GMT",Costa Calma,,1,-14.209259851,28.176089848,Spain,auto,Matched source country polygon
185,"Thu, 22 Feb 2024 23:02:00 GMT",Cofete,,1,-14.388855912,28.100933293,Spain,auto,Matched source country polygon
186,"Thu, 22 Feb 2024 23:04:00 GMT",Yeremi's house,house,1,-14.116275234,28.238239715,Spain,auto,Matched source country polygon
187,"Fri, 23 Feb 2024 23:00:00 GMT",Autovia,,1,-14.102250915,28.232621701,Spain,auto,Matched source country polygon
188,"Fri, 23 Feb 2024 23:01:00 GMT",Gran Tarajal outskirts,,1,-14.017288024,28.23255134,Spain,auto,Matched source country polygon
189,"Fri, 23 Feb 2024 23:03:00 GMT",Puerto de Rosario outskirts,,1,-13.845663564,28.52168499,Spain,auto,Matched source country polygon
190,"Fri, 23 Feb 2024 23:05:00 GMT",Corralejo,,1,-13.85344793,28.726140712,Spain,auto,Matched source country polygon
191,"Fri, 23 Feb 2024 23:06:00 GMT",Corralejo,camping,1,-13.872090796,28.74242846,Spain,auto,Matched source country polygon
192,"Sat, 24 Feb 2024 23:00:00 GMT",Corralejo port,,1,-13.863361373,28.739976419,Spain,auto,Matched source country polygon
193,"Sat, 24 Feb 2024 23:01:00 GMT",Playa Blanca,,1,-13.833854698,28.858882021,Spain,manual,Canary Islands / Spanish island points not covered by source polygons
194,"Sat, 24 Feb 2024 23:03:00 GMT",Playa Mujeres,camping,1,-13.793757459,28.854145063,Spain,auto,Matched source country polygon
195,"Sun, 25 Feb 2024 23:00:00 GMT",Marina Rubicon,,1,-13.81461548,28.857812861,Spain,manual,Canary Islands / Spanish island points not covered by source polygons
196,"Sun, 25 Feb 2024 23:01:00 GMT",Puerto Calero,,1,-13.701086762,28.917492349,Spain,auto,Matched source country polygon
197,"Sun, 25 Feb 2024 23:03:00 GMT",Playa Quemada,camping,1,-13.734993166,28.907456394,Spain,auto,Matched source country polygon
198,"Mon, 26 Feb 2024 23:00:00 GMT",Playa Quemada,,1,-13.731132871,28.907270117,Spain,auto,Matched source country polygon
199,"Mon, 26 Feb 2024 23:01:00 GMT",Autovia,,1,-13.729971774,28.936452351,Spain,auto,Matched source country polygon
200,"Mon, 26 Feb 2024 23:03:00 GMT",Arecife,,1,-13.542425761,28.96070968,Spain,manual,Canary Islands / Spanish island points not covered by source polygons
201,"Mon, 26 Feb 2024 23:04:00 GMT",Arecife Marina,boat,1,-13.539793619,28.962044743,Spain,manual,Canary Islands / Spanish island points not covered by source polygons
202,"Tue, 27 Feb 2024 23:00:00 GMT",San Bartolome,,1,-13.609287848,29.003245888,Spain,auto,Matched source country polygon
203,"Tue, 27 Feb 2024 23:03:00 GMT",Soo,,1,-13.619140508,29.09777534,Spain,auto,Matched source country polygon
204,"Tue, 27 Feb 2024 23:04:00 GMT",Famara,,1,-13.565539248,29.118097815,Spain,auto,Matched source country polygon
205,"Tue, 27 Feb 2024 23:05:00 GMT",Famara dunes,camping,1,-13.561643486,29.114577704,Spain,auto,Matched source country polygon
206,"Wed, 28 Feb 2024 23:00:00 GMT",San Bartolome,,1,-13.608191915,29.000690619,Spain,auto,Matched source country polygon
207,"Wed, 28 Feb 2024 23:01:00 GMT",Tiagua,,1,-13.635438418,29.054092365,Spain,auto,Matched source country polygon
208,"Wed, 28 Feb 2024 23:02:00 GMT",La Santa,,1,-13.665381407,29.109699518,Spain,manual,Canary Islands / Spanish island points not covered by source polygons
209,"Wed, 28 Feb 2024 23:04:00 GMT",Mancha Blanca,,1,-13.686729418,29.043852336,Spain,auto,Matched source country polygon
210,"Wed, 28 Feb 2024 23:05:00 GMT",Samuel & Margarita,,1,-13.730951326,29.013914336,Spain,auto,Matched source country polygon
211,"Wed, 28 Feb 2024 23:06:00 GMT",Yaiza,,1,-13.763948458,28.952871174,Spain,auto,Matched source country polygon
212,"Wed, 28 Feb 2024 23:07:00 GMT",Yaiza Autovia,,1,-13.757444397,28.949983824,Spain,auto,Matched source country polygon
213,"Wed, 28 Feb 2024 23:08:00 GMT",Llanitos,,1,-13.683758766,28.947993509,Spain,auto,Matched source country polygon
214,"Wed, 28 Feb 2024 23:09:00 GMT",Playa Honda,,1,-13.587844758,28.957241684,Spain,auto,Matched source country polygon
215,"Wed, 28 Feb 2024 23:10:00 GMT",La Concha,camping,1,-13.580859167,28.953722737,Spain,auto,Matched source country polygon
216,"Thu, 29 Feb 2024 23:00:00 GMT",Playa Honda,,1,-13.584168272,28.957623966,Spain,auto,Matched source country polygon
217,"Thu, 29 Feb 2024 23:01:00 GMT",Arecife outskirts,,1,-13.562081171,28.958892314,Spain,auto,Matched source country polygon
218,"Thu, 29 Feb 2024 23:03:00 GMT",Arecife outskirts,,1,-13.560520722,28.963907143,Spain,auto,Matched source country polygon
219,"Thu, 29 Feb 2024 23:04:00 GMT",Arecife port,,1,-13.526140772,28.971280832,Spain,auto,Matched source country polygon
220,"Thu, 29 Feb 2024 23:05:00 GMT",Arecife - Las Palmas,,1,-13.813111407,28.801280392,Spain,manual,Canary Islands / Spanish island points not covered by source polygons
221,"Thu, 29 Feb 2024 23:07:00 GMT",SY Thinking of Dave,boat,1,-15.424978343,28.128836552,Spain,auto,Matched source country polygon
222,"Sat, 02 Mar 2024 23:00:00 GMT","Las Palmas - Mindelo, Day 1",boat,1,-15.162465221,26.653511074,At sea,manual,Boat transit night outside a country polygon
223,"Sun, 03 Mar 2024 23:00:00 GMT","Las Palmas - Mindelo, Day 2",boat,1,-17.474529106,25.644420869,At sea,manual,Boat transit night outside a country polygon
224,"Mon, 04 Mar 2024 23:00:00 GMT","Las Palmas - Mindelo, Day 3",boat,1,-18.926534337,24.015750748,At sea,manual,Boat transit night outside a country polygon
225,"Tue, 05 Mar 2024 23:00:00 GMT","Las Palmas - Mindelo, Day 4",boat,1,-19.364239106,22.033689451,At sea,manual,Boat transit night outside a country polygon
226,"Wed, 06 Mar 2024 23:00:00 GMT","Las Palmas - Mindelo, Day 5",boat,1,-20.973719106,20.822940532,At sea,manual,Boat transit night outside a country polygon
227,"Thu, 07 Mar 2024 23:00:00 GMT","Las Palmas - Mindelo, Day 6",boat,1,-22.498589569,19.552823935,At sea,manual,Boat transit night outside a country polygon
228,"Fri, 08 Mar 2024 23:00:00 GMT","Las Palmas - Mindelo, Day 7",boat,1,-23.512159553,18.038599719,At sea,manual,Boat transit night outside a country polygon
229,"Sat, 09 Mar 2024 23:00:00 GMT","Las Palmas - Mindelo, Day 8",boat,1,-24.996676618,16.890002106,Cabo Verde,auto,Matched source country polygon
230,"Sun, 10 Mar 2024 23:00:00 GMT",Mindelo Marina,boat,1,-24.991943242,16.886671548,Cabo Verde,auto,Matched source country polygon
231,"Tue, 12 Mar 2024 23:00:00 GMT",Mindelo Port,,1,-24.998307823,16.888380295,Cabo Verde,auto,Matched source country polygon
232,"Tue, 12 Mar 2024 23:01:00 GMT",Porto Novo port,,1,-25.05999267,17.014884917,Unassigned,unassigned,Outside source polygons and no manual rule matched
233,"Tue, 12 Mar 2024 23:02:00 GMT",Porto Novo,,1,-25.064812896,17.027938184,Cabo Verde,auto,Matched source country polygon
234,"Tue, 12 Mar 2024 23:04:00 GMT",Cova Paul,,1,-25.06284356,17.103498453,Cabo Verde,auto,Matched source country polygon
235,"Tue, 12 Mar 2024 23:06:00 GMT",Pico da Cruz,camping,1,-25.036118025,17.106293886,Cabo Verde,auto,Matched source country polygon
236,"Wed, 13 Mar 2024 23:00:00 GMT",Praia di Gi,,1,-25.002397309,17.129731041,Cabo Verde,auto,Matched source country polygon
237,"Wed, 13 Mar 2024 23:01:00 GMT",Paul,,1,-25.013964185,17.149721425,Unassigned,unassigned,Outside source polygons and no manual rule matched
238,"Wed, 13 Mar 2024 23:04:00 GMT",Praja di Gi,camping,1,-25.00054241,17.126455777,Cabo Verde,auto,Matched source country polygon
239,"Thu, 14 Mar 2024 23:00:00 GMT",Paul,,1,-25.015728483,17.149335275,Unassigned,unassigned,Outside source polygons and no manual rule matched
240,"Thu, 14 Mar 2024 23:03:00 GMT",Paul Valley,,1,-25.04149903,17.132720921,Cabo Verde,auto,Matched source country polygon
241,"Thu, 14 Mar 2024 23:05:00 GMT",Paul outskirts,,1,-25.018684158,17.155973829,Unassigned,unassigned,Outside source polygons and no manual rule matched
242,"Thu, 14 Mar 2024 23:06:00 GMT",Ribeira Grande,,1,-25.063908851,17.184687462,Cabo Verde,auto,Matched source country polygon
243,"Thu, 14 Mar 2024 23:07:00 GMT",Ponta do Sol,,1,-25.087925955,17.197492528,Unassigned,unassigned,Outside source polygons and no manual rule matched
244,"Thu, 14 Mar 2024 23:08:00 GMT",Fontainhas,camping,1,-25.107646751,17.192302315,Cabo Verde,auto,Matched source country polygon
245,"Fri, 15 Mar 2024 23:00:00 GMT",Cruzinha,,1,-25.166441285,17.169360547,Cabo Verde,auto,Matched source country polygon
246,"Fri, 15 Mar 2024 23:02:00 GMT",Ribeira Grande,,1,-25.061607427,17.184453544,Cabo Verde,auto,Matched source country polygon
247,"Fri, 15 Mar 2024 23:04:00 GMT",Porto Novo port,,1,-25.059487898,17.014859042,Unassigned,unassigned,Outside source polygons and no manual rule matched
248,"Fri, 15 Mar 2024 23:07:00 GMT",Mindelo port,,1,-24.998307823,16.888380296,Cabo Verde,auto,Matched source country polygon
249,"Fri, 15 Mar 2024 23:09:00 GMT",Mindelo Marina,boat,1,-24.991943242,16.886671547,Cabo Verde,auto,Matched source country polygon
250,"Fri, 22 Mar 2024 23:00:00 GMT","Mindelp - Sal, Day 1",boat,1,-23.906427831,16.787906459,At sea,manual,Boat transit night outside a country polygon
251,"Sat, 23 Mar 2024 23:00:00 GMT",Palmeira anchorage,boat,1,-22.980297884,16.753998104,Cabo Verde,manual,Cabo Verde island points not covered by source polygons
252,"Sun, 24 Mar 2024 23:00:00 GMT",Palmeira beach,camping,1,-22.976578836,16.754184937,Cabo Verde,manual,Cabo Verde island points not covered by source polygons
253,"Tue, 26 Mar 2024 23:00:00 GMT",Espargo,,1,-22.94536926,16.752977238,Cabo Verde,auto,Matched source country polygon
254,"Tue, 26 Mar 2024 23:02:00 GMT",Santa Maria,,1,-22.90888289,16.600373571,Cabo Verde,manual,Cabo Verde island points not covered by source polygons
255,"Tue, 26 Mar 2024 23:13:00 GMT",Santa Maria beach,camping,1,-22.913005743,16.594863662,Cabo Verde,manual,Cabo Verde island points not covered by source polygons
256,"Wed, 27 Mar 2024 23:00:00 GMT",Santa Maria,,1,-22.9109464,16.604261141,Cabo Verde,auto,Matched source country polygon
257,"Wed, 27 Mar 2024 23:02:00 GMT",Vila Verde,,1,-22.918092996,16.615365936,Cabo Verde,auto,Matched source country polygon
258,"Wed, 27 Mar 2024 23:04:00 GMT",Santa Maria,,1,-22.906751434,16.599476778,Cabo Verde,manual,Cabo Verde island points not covered by source polygons
259,"Wed, 27 Mar 2024 23:05:00 GMT",Espargo,,1,-22.944438257,16.753485771,Cabo Verde,auto,Matched source country polygon
260,"Wed, 27 Mar 2024 23:07:00 GMT",Pedra Lume,,1,-22.902918255,16.758111046,Cabo Verde,manual,Cabo Verde island points not covered by source polygons
261,"Wed, 27 Mar 2024 23:09:00 GMT",Shark Bay,camping,1,-22.899532713,16.751488148,Cabo Verde,manual,Cabo Verde island points not covered by source polygons
262,"Thu, 28 Mar 2024 23:00:00 GMT",Pedra Lume,,1,-22.906055843,16.757330284,Cabo Verde,auto,Matched source country polygon
263,"Thu, 28 Mar 2024 23:01:00 GMT",Espargos,,1,-22.944438257,16.753485771,Cabo Verde,auto,Matched source country polygon
264,"Thu, 28 Mar 2024 23:03:00 GMT",Sal Airport,,1,-22.943565045,16.734618521,Cabo Verde,auto,Matched source country polygon
265,"Thu, 28 Mar 2024 23:10:00 GMT",Dakar Airport,,1,-17.066181423,14.671010689,Senegal,auto,Matched source country polygon
266,"Thu, 28 Mar 2024 23:12:00 GMT",Khalil's house,couchsurfing,1,-17.360078169,14.74866588,Senegal,auto,Matched source country polygon
267,"Thu, 28 Mar 2024 23:11:00 GMT",Dakar,,1,-17.359825742,14.747047032,Senegal,auto,Matched source country polygon
268,"Mon, 01 Apr 2024 00:02:00 GMT",Aire ,,1,-17.084429135,14.706737803,Senegal,auto,Matched source country polygon
269,"Mon, 01 Apr 2024 00:01:00 GMT",Dakar Autovia,,1,-17.376717493,14.7480558,Senegal,auto,Matched source country polygon
270,"Mon, 01 Apr 2024 00:05:00 GMT",Thies,,1,-16.950934613,14.781518883,Senegal,auto,Matched source country polygon
271,"Mon, 01 Apr 2024 00:07:00 GMT",St Louis,house,1,-16.432919044,16.033633083,Senegal,auto,Matched source country polygon
272,"Mon, 01 Apr 2024 22:00:00 GMT",Universidad,,1,-16.423968689,16.058088695,Senegal,auto,Matched source country polygon
273,"Mon, 01 Apr 2024 22:01:00 GMT",Crossing to Daima,,1,-16.389145269,16.071592332,Senegal,auto,Matched source country polygon
274,"Mon, 01 Apr 2024 22:02:00 GMT",Crossing to National Park,,1,-16.398159222,16.093320108,Senegal,auto,Matched source country polygon
275,"Mon, 01 Apr 2024 22:03:00 GMT",Border Mauritania,,1,-16.415120315,16.213923614,Mauritania,auto,Matched source country polygon
276,"Mon, 01 Apr 2024 22:04:00 GMT",Border Mauritania,,1,-16.414548114,16.22086482,Mauritania,auto,Matched source country polygon
277,"Mon, 01 Apr 2024 22:05:00 GMT",Tiguent,,1,-16.048000949,17.1742406,Mauritania,auto,Matched source country polygon
278,"Mon, 01 Apr 2024 22:07:00 GMT",Fishing village,camping,1,-16.082381085,17.517722694,Mauritania,auto,Matched source country polygon
279,"Mon, 01 Apr 2024 22:06:00 GMT",Middle of nowhere,,1,-16.034877873,17.512853316,Mauritania,auto,Matched source country polygon
280,"Mon, 01 Apr 2024 22:04:01 GMT",Tiguent,,1,-16.238363019,16.529596868,Mauritania,auto,Matched source country polygon
281,"Wed, 03 Apr 2024 22:00:00 GMT",Middle of nowhere,,1,-16.034877873,17.512853316,Mauritania,auto,Matched source country polygon
282,"Wed, 03 Apr 2024 22:01:00 GMT",Nouakchott outskirts,,1,-15.976150687,18.016417066,Mauritania,auto,Matched source country polygon
283,"Wed, 03 Apr 2024 22:02:00 GMT",Nouakchott,,1,-15.991500091,18.085258749,Mauritania,auto,Matched source country polygon
284,"Wed, 03 Apr 2024 22:03:00 GMT",Nouakchott outskirts,,1,-16.00708429,18.144431165,Mauritania,auto,Matched source country polygon
285,"Wed, 03 Apr 2024 22:04:00 GMT",Crossing to the airport,,1,-16.012675222,18.315394502,Mauritania,auto,Matched source country polygon
286,"Wed, 03 Apr 2024 22:06:00 GMT",Nouadibhou outskirts,,1,-17.008049606,20.966839776,Mauritania,auto,Matched source country polygon
287,"Wed, 03 Apr 2024 22:07:00 GMT",Nouadhibou,couchsurfing,1,-17.050908621,20.915123105,Mauritania,auto,Matched source country polygon
288,"Fri, 05 Apr 2024 22:00:00 GMT",Gas Station,,1,-17.034088916,20.989699374,Mauritania,auto,Matched source country polygon
289,"Fri, 05 Apr 2024 22:01:00 GMT",Crossroads to Dakhla,,1,-16.891446062,21.28571516,Mauritania,auto,Matched source country polygon
290,"Fri, 05 Apr 2024 22:02:00 GMT",Border Mauritania-Morocco,,1,-16.960514749,21.36167221,Western Sahara,auto,Matched source country polygon
291,"Fri, 05 Apr 2024 22:04:00 GMT",Roundabout to Dakhla,,1,-15.672939148,23.892400099,Morocco,auto,Matched source country polygon
292,"Fri, 05 Apr 2024 22:05:00 GMT",Dakhla,,1,-15.916122729,23.73459672,Morocco,manual,Dakhla point not covered by source polygons
293,"Fri, 05 Apr 2024 22:07:00 GMT",Dakhla,couchsurfing,1,-15.915138059,23.734658922,Morocco,manual,Dakhla point not covered by source polygons
294,"Tue, 09 Apr 2024 00:00:00 GMT",Dakhla outskirts,,1,-15.903168919,23.776416734,Morocco,manual,Dakhla point not covered by source polygons
295,"Tue, 09 Apr 2024 00:01:00 GMT",Roundabout Dakhla,,1,-15.67258428,23.892581942,Morocco,auto,Matched source country polygon
296,"Tue, 09 Apr 2024 00:02:00 GMT",Middle of nowhere,,1,-15.650525871,23.936745819,Morocco,auto,Matched source country polygon
297,"Tue, 09 Apr 2024 22:00:00 GMT",Soualem,,1,-9.538084989,30.172291905,Morocco,auto,Matched source country polygon
298,"Tue, 09 Apr 2024 22:01:00 GMT",Agadir outskirts,,1,-9.574135235,30.38599676,Morocco,auto,Matched source country polygon
299,"Tue, 09 Apr 2024 22:03:00 GMT",Agadir outskirts,,1,-9.58157151,30.398274928,Morocco,auto,Matched source country polygon
300,"Tue, 09 Apr 2024 22:04:00 GMT",Agadir outskirts,,1,-9.610056273,30.423775949,Morocco,auto,Matched source country polygon
301,"Tue, 09 Apr 2024 22:05:00 GMT",Anza,,1,-9.656262085,30.450827991,Morocco,auto,Matched source country polygon
302,"Tue, 09 Apr 2024 22:07:00 GMT",Aouira,,1,-9.672296019,30.497320607,Morocco,auto,Matched source country polygon
303,"Tue, 09 Apr 2024 22:10:00 GMT",Paradise,camping,1,-9.528622302,30.588296427,Morocco,auto,Matched source country polygon
304,"Tue, 09 Apr 2024 22:09:00 GMT",Paradise,,1,-9.531967276,30.587976641,Morocco,auto,Matched source country polygon
305,"Thu, 11 Apr 2024 22:00:00 GMT",Taghzout,,1,-9.684308202,30.517012273,Morocco,auto,Matched source country polygon
306,"Thu, 11 Apr 2024 22:01:00 GMT",Imsouane,,1,-9.817605633,30.845404921,Morocco,auto,Matched source country polygon
307,"Thu, 11 Apr 2024 22:02:00 GMT",Imsouane,camping,1,-9.821575901,30.844423147,Morocco,auto,Matched source country polygon
308,"Fri, 12 Apr 2024 22:00:00 GMT",Imsouane exit,,1,-9.817338606,30.845486033,Morocco,auto,Matched source country polygon
309,"Fri, 12 Apr 2024 22:01:00 GMT",Autovia,,1,-9.763840458,30.844022453,Morocco,auto,Matched source country polygon
310,"Fri, 12 Apr 2024 22:02:00 GMT",Essaouira,,1,-9.756371048,31.495916739,Morocco,auto,Matched source country polygon
311,"Fri, 12 Apr 2024 22:03:00 GMT",Roundabout,,1,-9.696473149,31.500922723,Morocco,auto,Matched source country polygon
312,"Fri, 12 Apr 2024 22:04:00 GMT",Safi Bus Station,,1,-9.229737799,32.31421759,Morocco,auto,Matched source country polygon
313,"Fri, 12 Apr 2024 22:05:00 GMT",Cap,,1,-9.271768586,32.532440303,Morocco,auto,Matched source country polygon
314,"Fri, 12 Apr 2024 22:08:00 GMT",Cap,camping,1,-9.234406428,32.577610032,Morocco,auto,Matched source country polygon
315,"Fri, 12 Apr 2024 22:07:00 GMT",Cap,,1,-9.228436427,32.576750148,Morocco,auto,Matched source country polygon
316,"Sat, 13 Apr 2024 22:00:00 GMT",Outside of Cap,,1,-9.267422544,32.551065255,Morocco,auto,Matched source country polygon
317,"Sat, 13 Apr 2024 22:01:00 GMT",Safi,,1,-9.23334311,32.313559664,Morocco,auto,Matched source country polygon
318,"Sat, 13 Apr 2024 22:02:00 GMT",Safi,,1,-9.221110028,32.303008762,Morocco,auto,Matched source country polygon
319,"Sat, 13 Apr 2024 22:03:00 GMT",Safi Beach,,1,-9.240937391,32.309773537,Morocco,auto,Matched source country polygon
320,"Sat, 13 Apr 2024 22:05:00 GMT",Restaurant,,1,-9.258053389,32.32287442,Morocco,auto,Matched source country polygon
321,"Sat, 13 Apr 2024 22:06:00 GMT",Casalanca Park,,1,-7.629110807,33.482177645,Morocco,auto,Matched source country polygon
322,"Sat, 13 Apr 2024 22:07:00 GMT",Casablanca,camping,1,-7.627911434,33.481131742,Morocco,auto,Matched source country polygon
323,"Sun, 14 Apr 2024 22:00:00 GMT",Casablanca highway entrance,,1,-7.630964635,33.482717367,Morocco,auto,Matched source country polygon
324,"Sun, 14 Apr 2024 22:01:00 GMT",Casablanca little california,,1,-7.631952667,33.550800951,Morocco,auto,Matched source country polygon
325,"Sun, 14 Apr 2024 22:03:00 GMT",Casablanca outskirts,,1,-7.507440435,33.600469239,Morocco,auto,Matched source country polygon
326,"Sun, 14 Apr 2024 22:04:00 GMT",Rabat,,1,-6.849117341,33.953575423,Morocco,auto,Matched source country polygon
327,"Sun, 14 Apr 2024 22:06:00 GMT",Rest area,,1,-6.21571648,34.873736439,Morocco,auto,Matched source country polygon
328,"Sun, 14 Apr 2024 22:07:00 GMT",Rest stop,,1,-6.213885116,34.875578051,Morocco,auto,Matched source country polygon
329,"Sun, 14 Apr 2024 22:08:00 GMT",Tanger outskirts,,1,-5.843780931,35.744362872,Morocco,auto,Matched source country polygon
330,"Sun, 14 Apr 2024 22:09:00 GMT",Tanger port,,1,-5.808253435,35.786649512,Morocco,auto,Matched source country polygon
331,"Sun, 14 Apr 2024 22:10:00 GMT",Tanger port,,1,-5.803820592,35.789236884,Morocco,auto,Matched source country polygon
332,"Sun, 14 Apr 2024 22:11:00 GMT",Tarifa,,1,-5.602099404,36.010131501,Spain,auto,Matched source country polygon
333,"Sun, 14 Apr 2024 22:12:00 GMT",La Linea,,1,-5.352689388,36.156877743,Spain,auto,Matched source country polygon
334,"Sun, 14 Apr 2024 22:13:00 GMT",The Jungle,camping,1,-5.353116691,36.156709901,Spain,auto,Matched source country polygon
335,"Mon, 15 Apr 2024 22:00:00 GMT",La Linea,,1,-5.338282672,36.163049354,Spain,auto,Matched source country polygon
336,"Mon, 15 Apr 2024 22:01:00 GMT",Malaga airport,,1,-4.468762299,36.673683964,Spain,auto,Matched source country polygon
337,"Mon, 15 Apr 2024 22:03:00 GMT",Malaga Airport,,1,-4.486315341,36.673935894,Spain,auto,Matched source country polygon
338,"Mon, 15 Apr 2024 22:04:00 GMT",Lucas Home,friends,1,-5.017387938,36.469387131,Spain,auto,Matched source country polygon
339,"Fri, 19 Apr 2024 22:00:00 GMT",Tolox,,1,-4.908559428,36.679081075,Spain,auto,Matched source country polygon
340,"Fri, 19 Apr 2024 22:01:00 GMT",Charco de la virgen,camping,1,-4.91129141,36.675318205,Spain,auto,Matched source country polygon
341,"Sun, 21 Apr 2024 22:00:00 GMT",Tolox,,1,-4.901981162,36.687173621,Spain,auto,Matched source country polygon
342,"Sun, 21 Apr 2024 22:01:00 GMT",Parque Tecnologico,,1,-4.550803496,36.730943988,Spain,auto,Matched source country polygon
343,"Sun, 21 Apr 2024 22:03:00 GMT",Malaga ourskirts,,1,-4.448520724,36.715107464,Spain,auto,Matched source country polygon
344,"Sun, 21 Apr 2024 22:05:00 GMT",Malaga Castillo,camping,1,-4.412661979,36.722919358,Spain,auto,Matched source country polygon
345,"Mon, 22 Apr 2024 22:00:00 GMT",Gasolina autovia,,1,-4.424380253,36.76876064,Spain,auto,Matched source country polygon
346,"Mon, 22 Apr 2024 22:03:00 GMT",Middle of nowhere,camping,1,-4.465064596,36.983575035,Spain,auto,Matched source country polygon
347,"Mon, 22 Apr 2024 22:01:00 GMT",Estacion de servicio,,1,-4.464579414,36.98684167,Spain,auto,Matched source country polygon
348,"Tue, 23 Apr 2024 22:00:00 GMT",Madrid Outskirts,,1,-3.690056401,40.267107227,Spain,auto,Matched source country polygon
349,"Tue, 23 Apr 2024 22:01:00 GMT",Madrid,couchsurfing,1,-3.704800171,40.414955811,Spain,auto,Matched source country polygon
350,"Wed, 24 Apr 2024 22:00:00 GMT",Madrid,couchsurfing,1,-3.699726623,40.423430659,Spain,auto,Matched source country polygon
351,"Thu, 25 Apr 2024 22:00:00 GMT",Madrid outskirts north,,1,-3.618312644,40.540276851,Spain,auto,Matched source country polygon
352,"Thu, 25 Apr 2024 22:01:00 GMT",Madrid outskirts autovia,,1,-3.616901205,40.532536138,Spain,auto,Matched source country polygon
353,"Thu, 25 Apr 2024 22:02:00 GMT",Rest area,,1,-3.606489466,40.545569994,Spain,auto,Matched source country polygon
354,"Thu, 25 Apr 2024 22:04:00 GMT",Madrid Ourskirts Autovia,,1,-3.616882138,40.532661398,Spain,auto,Matched source country polygon
355,"Thu, 25 Apr 2024 22:05:00 GMT",Reststop,,1,-3.068469275,42.650818382,Spain,auto,Matched source country polygon
356,"Thu, 25 Apr 2024 22:06:00 GMT",Vitoria,,1,-2.686746213,42.867050981,Spain,auto,Matched source country polygon
357,"Thu, 25 Apr 2024 22:07:00 GMT",Bilbao,,1,-2.941606136,43.271224725,Spain,auto,Matched source country polygon
358,"Thu, 25 Apr 2024 22:08:00 GMT",Bilbao - Kristina,friends,1,-2.950250006,43.270989502,Spain,auto,Matched source country polygon
359,"Sun, 28 Apr 2024 22:00:00 GMT",Toll station,,1,-2.936089746,43.285469513,Spain,auto,Matched source country polygon
360,"Sun, 28 Apr 2024 22:01:00 GMT",Bilbao Center,,1,-2.934147828,43.257001837,Spain,auto,Matched source country polygon
361,"Sun, 28 Apr 2024 22:02:00 GMT",Rest stop outside of Bilbao,,1,-2.754247084,43.230281885,Spain,auto,Matched source country polygon
362,"Sun, 28 Apr 2024 22:04:00 GMT",Rest stop before San Sebastian,,1,-2.328114288,43.284281009,Spain,auto,Matched source country polygon
363,"Sun, 28 Apr 2024 22:06:00 GMT",Rest stop before Biarritz,,1,-1.596531652,43.422554469,France,auto,Matched source country polygon
364,"Sun, 28 Apr 2024 22:08:00 GMT",Rest stop after Bordeaux,,1,-0.432705328,44.97579894,France,auto,Matched source country polygon
365,"Sun, 28 Apr 2024 22:09:00 GMT",Rest stop Saint Leger,,1,-0.599808735,45.611473295,France,auto,Matched source country polygon
366,"Mon, 29 Apr 2024 22:00:00 GMT",Paris Orly,,1,2.353625671,48.751114519,France,auto,Matched source country polygon
367,"Mon, 29 Apr 2024 22:05:00 GMT","Paris, Bagneux",house,1,2.300832366,48.795357413,France,auto,Matched source country polygon
368,"Thu, 02 May 2024 22:00:00 GMT",La Courneuve,,1,2.387608386,48.929074135,France,auto,Matched source country polygon
369,"Thu, 02 May 2024 22:01:00 GMT",Reststop Courneuve,,1,2.393264268,48.933975531,France,auto,Matched source country polygon
370,"Thu, 02 May 2024 22:03:00 GMT",Near Namur,,1,4.721441907,50.49272183,Belgium,auto,Matched source country polygon
371,"Thu, 02 May 2024 22:04:00 GMT",Gembloux,house,1,4.700666114,50.57063197,Belgium,auto,Matched source country polygon
372,"Fri, 03 May 2024 22:00:00 GMT",Aire d Spy,,1,4.703412686,50.49470117,Belgium,auto,Matched source country polygon
373,"Fri, 03 May 2024 22:02:00 GMT",Border Belgium Germany,,1,6.122197173,50.718783164,Germany,auto,Matched source country polygon
374,"Fri, 03 May 2024 22:05:00 GMT",Rest Stop Vierraden,,1,6.601668885,51.126084833,Germany,auto,Matched source country polygon
375,"Fri, 03 May 2024 22:07:00 GMT",Düsseldorf Ikea,,1,6.844271923,51.188589984,Germany,auto,Matched source country polygon
376,"Fri, 03 May 2024 22:08:00 GMT",Düsseldorf,,1,6.792798539,51.221008086,Germany,auto,Matched source country polygon
377,"Fri, 03 May 2024 22:09:00 GMT",Düsseldorf,,1,6.789911273,51.245615632,Germany,auto,Matched source country polygon
378,"Fri, 03 May 2024 22:10:00 GMT",Lola,friends,1,6.786144259,51.247346853,Germany,auto,Matched source country polygon
379,"Sat, 04 May 2024 22:01:00 GMT",Düsseldorf Highway Entrance,,1,6.798635611,51.254395386,Germany,auto,Matched source country polygon
380,"Sat, 04 May 2024 22:01:00 GMT",Rest area,,1,6.804191952,51.290765071,Germany,auto,Matched source country polygon
381,"Sat, 04 May 2024 22:02:00 GMT",Rest area Münster,,1,7.550128321,51.942954735,Germany,auto,Matched source country polygon
382,"Sat, 04 May 2024 22:03:00 GMT",Münster,,1,7.600935866,51.976916899,Germany,auto,Matched source country polygon
383,"Sat, 04 May 2024 22:05:00 GMT",Enschede Highway,,1,6.888832375,52.202799357,Netherlands,auto,Matched source country polygon
384,"Sat, 04 May 2024 22:07:00 GMT",Marie,friends,1,6.902335216,52.215709308,Netherlands,auto,Matched source country polygon
385,"Sun, 05 May 2024 22:00:00 GMT",Enschede,,1,6.900402306,52.229033755,Netherlands,auto,Matched source country polygon
386,"Sun, 05 May 2024 22:01:00 GMT",Oldenzaal,,1,6.929135328,52.287007444,Netherlands,auto,Matched source country polygon
387,"Sun, 05 May 2024 22:02:00 GMT",Ibenbüren,,1,7.71022079,52.256532782,Germany,auto,Matched source country polygon
388,"Sun, 05 May 2024 22:03:00 GMT",Rest Area,,1,7.850810271,52.260761987,Germany,auto,Matched source country polygon
389,"Sun, 05 May 2024 22:04:00 GMT",Rest area close to Hamburg,,1,10.323529075,53.694513216,Germany,auto,Matched source country polygon
390,"Sun, 05 May 2024 22:05:00 GMT",Middle of nowhere,,1,10.231616371,54.054099631,Germany,auto,Matched source country polygon
391,"Sun, 05 May 2024 22:06:00 GMT",Bornhöved,,1,10.217866772,54.072728943,Germany,auto,Matched source country polygon
392,"Sun, 05 May 2024 22:07:00 GMT",Kiel,,1,10.124604621,54.331919091,Germany,auto,Matched source country polygon
393,"Sun, 05 May 2024 22:08:00 GMT",Kiel - Carola,friends,1,10.126016059,54.332091475,Germany,auto,Matched source country polygon
394,"Mon, 06 May 2024 22:00:00 GMT",Kiel,,1,10.121759313,54.331458113,Germany,auto,Matched source country polygon
395,"Mon, 06 May 2024 22:01:00 GMT",Kiel - Official hitchhiking spot,,1,10.110520856,54.316084063,Germany,auto,Matched source country polygon
396,"Mon, 06 May 2024 22:02:00 GMT",Rest area Hüttener Berge,,1,9.669373491,54.366862657,Germany,auto,Matched source country polygon
397,"Mon, 06 May 2024 22:03:00 GMT",Malmö outskirts,,1,12.981572181,55.545876926,Sweden,auto,Matched source country polygon
398,"Mon, 06 May 2024 22:04:00 GMT",Malmö Ikea,,1,12.989267002,55.553702515,Sweden,auto,Matched source country polygon
399,"Mon, 06 May 2024 22:05:00 GMT",Folkets Park,,1,13.011784442,55.592126881,Sweden,auto,Matched source country polygon
400,"Mon, 06 May 2024 22:08:00 GMT",Malmö train station,,1,13.000430948,55.608676458,Sweden,auto,Matched source country polygon
401,"Mon, 06 May 2024 22:09:00 GMT",Malmö ,airbnb,1,13.038012276,55.609288189,Sweden,auto,Matched source country polygon
402,"Thu, 09 May 2024 22:00:00 GMT",Malmö - Vini and Mau,couchsurfing,1,13.010220601,55.591660426,Sweden,auto,Matched source country polygon
403,"Sat, 11 May 2024 22:00:00 GMT",Malmö outskirts,,1,13.03995259,55.616702777,Sweden,auto,Matched source country polygon
404,"Sat, 11 May 2024 22:01:00 GMT",Malmö port,,1,13.014618225,55.629416236,Unassigned,unassigned,Outside source polygons and no manual rule matched
405,"Sat, 11 May 2024 22:03:00 GMT",Malmö ferry port,,1,12.991046974,55.626852068,Unassigned,unassigned,Outside source polygons and no manual rule matched
406,"Sun, 12 May 2024 22:00:00 GMT",Travermünde,,1,10.859700033,53.94196692,Germany,auto,Matched source country polygon
407,"Sun, 12 May 2024 22:01:00 GMT",Rest stop,,1,10.321635739,53.693457819,Germany,auto,Matched source country polygon
408,"Sun, 12 May 2024 22:03:00 GMT",Forest next to rest stop,camping,1,10.318624513,53.692974665,Germany,auto,Matched source country polygon
409,"Sun, 12 May 2024 22:05:00 GMT",Rest stop,,1,10.320603387,53.691475408,Germany,auto,Matched source country polygon
410,"Sun, 12 May 2024 22:06:00 GMT",Rest stop between Hamburg and Hannover,,1,9.9812682,53.107644504,Germany,auto,Matched source country polygon
411,"Sun, 12 May 2024 22:07:00 GMT",Hannover outskirts,,1,9.876531578,52.436472444,Germany,auto,Matched source country polygon
412,"Sun, 12 May 2024 22:08:00 GMT",Hannover,,1,9.817749479,52.427150175,Germany,auto,Matched source country polygon
413,"Sun, 12 May 2024 22:09:00 GMT",Rest stop Hannover,,1,9.821945646,52.426184839,Germany,auto,Matched source country polygon
414,"Sun, 12 May 2024 22:10:00 GMT",Rest stop Magdeburg,,1,11.451865916,52.183746009,Germany,auto,Matched source country polygon
415,"Sun, 12 May 2024 22:11:00 GMT",Next to rest stop,camping,1,11.451131038,52.188430847,Germany,auto,Matched source country polygon
416,"Mon, 13 May 2024 22:00:00 GMT",Rest stop Madgeburg,,1,11.455302171,52.183076446,Germany,auto,Matched source country polygon
417,"Mon, 13 May 2024 22:01:00 GMT",Dresden,,1,13.729569495,51.006834853,Germany,auto,Matched source country polygon
418,"Mon, 13 May 2024 22:02:00 GMT",Pirna,,1,13.947331473,50.959628253,Germany,auto,Matched source country polygon
419,"Mon, 13 May 2024 22:05:00 GMT",Festung Königsstein,,1,14.049215153,50.921605012,Germany,auto,Matched source country polygon
420,"Mon, 13 May 2024 22:06:00 GMT",Quirl,camping,1,14.057700107,50.910549177,Germany,auto,Matched source country polygon
421,"Tue, 14 May 2024 22:00:00 GMT",Königstein,,1,14.069398113,50.919547863,Germany,auto,Matched source country polygon
422,"Tue, 14 May 2024 22:02:00 GMT",Schminka,,1,14.230625809,50.892155204,Germany,auto,Matched source country polygon
423,"Tue, 14 May 2024 22:04:00 GMT",Bad Schandau,,1,14.191910421,50.908781473,Germany,auto,Matched source country polygon
424,"Tue, 14 May 2024 22:06:00 GMT",Bad Schandau,camping,1,14.19257918,50.908195156,Germany,auto,Matched source country polygon
425,"Wed, 15 May 2024 22:00:00 GMT",Decin,,1,14.198270861,50.761492956,Czechia,auto,Matched source country polygon
426,"Wed, 15 May 2024 22:02:00 GMT",Usti nad Labem,,1,14.003717709,50.650276208,Czechia,auto,Matched source country polygon
427,"Wed, 15 May 2024 22:03:00 GMT",Usti nad Labem highway,,1,13.995940501,50.648350271,Czechia,auto,Matched source country polygon
428,"Wed, 15 May 2024 22:05:00 GMT",Prague,,1,14.447981507,50.093963074,Czechia,auto,Matched source country polygon
429,"Wed, 15 May 2024 22:10:00 GMT",Prague,house,1,14.44854334,50.093906399,Czechia,auto,Matched source country polygon
430,"Thu, 16 May 2024 22:00:00 GMT",Prague,house,1,14.477003369,50.077365506,Czechia,auto,Matched source country polygon
431,"Sun, 19 May 2024 22:00:00 GMT",Prague Outskirts,,1,14.335019752,50.055660566,Czechia,auto,Matched source country polygon
432,"Sun, 19 May 2024 22:01:00 GMT",Rest area Oberpfälzer Alp,,1,11.691131944,49.423899653,Germany,auto,Matched source country polygon
433,"Sun, 19 May 2024 22:02:00 GMT",Heilsbronn highway exit,,1,10.790780513,49.305218746,Germany,auto,Matched source country polygon
434,"Sun, 19 May 2024 22:04:00 GMT",Heilsbronn,,1,10.803809494,49.340340421,Germany,auto,Matched source country polygon
435,"Sun, 19 May 2024 22:05:00 GMT",Bonnhof,friends,1,10.794114799,49.356048736,Germany,auto,Matched source country polygon
436,"Tue, 21 May 2024 22:00:00 GMT",Bonnhof,,1,10.795410961,49.349265136,Germany,auto,Matched source country polygon
437,"Tue, 21 May 2024 22:01:00 GMT",Heilsbronn highway,,1,10.792551902,49.305979268,Germany,auto,Matched source country polygon
438,"Tue, 21 May 2024 22:03:00 GMT",Stuttgart,,1,9.091361422,48.731629985,Germany,auto,Matched source country polygon
439,"Tue, 21 May 2024 22:04:00 GMT",Rest Area Schönbuch,,1,8.904375606,48.615100594,Germany,auto,Matched source country polygon
440,"Tue, 21 May 2024 22:06:00 GMT",Rest area Neckarburg ,,1,8.622295427,48.205881257,Germany,auto,Matched source country polygon
441,"Tue, 21 May 2024 22:07:00 GMT",Rest Area Hegau,,1,8.786501037,47.861820976,Germany,auto,Matched source country polygon
442,"Tue, 21 May 2024 22:08:00 GMT",Radolfszell,,1,8.972261476,47.737272198,Germany,auto,Matched source country polygon
443,"Tue, 21 May 2024 22:09:00 GMT",Mettnauturm,camping,1,9.002937005,47.729269518,Germany,auto,Matched source country polygon
444,"Wed, 22 May 2024 22:00:00 GMT",Radolfszell,,1,8.978182004,47.741954734,Germany,auto,Matched source country polygon
445,"Wed, 22 May 2024 22:01:00 GMT",Konstanz,,1,9.162194085,47.672053918,Germany,auto,Matched source country polygon
446,"Wed, 22 May 2024 22:03:00 GMT",Konstanz,,1,9.162054799,47.666150964,Switzerland,auto,Matched source country polygon
447,"Wed, 22 May 2024 22:04:00 GMT",Frauenfeld,,1,8.870290196,47.560367334,Switzerland,auto,Matched source country polygon
448,"Wed, 22 May 2024 22:05:00 GMT",Rest area Forrenberg,,1,8.73372195,47.526598561,Switzerland,auto,Matched source country polygon
449,"Wed, 22 May 2024 22:06:00 GMT",Zurich,,1,8.533877291,47.3773795,Switzerland,auto,Matched source country polygon
450,"Wed, 22 May 2024 22:06:30 GMT",Zurich,,1,8.518992116,47.374624355,Switzerland,auto,Matched source country polygon
451,"Wed, 22 May 2024 22:07:00 GMT",Schlieren,,1,8.480961428,47.397708311,Switzerland,auto,Matched source country polygon
452,"Wed, 22 May 2024 22:08:00 GMT",Schlieren,,1,8.474495516,47.397521102,Switzerland,auto,Matched source country polygon
453,"Wed, 22 May 2024 22:09:00 GMT",Schlieren - My parent's home,friends,1,8.464780556,47.392640521,Switzerland,auto,Matched source country polygon
454,"Sat, 01 Jun 2024 22:00:00 GMT",Zermatt train station,,1,7.748305043,46.024449437,Switzerland,auto,Matched source country polygon
455,"Sat, 01 Jun 2024 22:01:00 GMT",Zermatt Triftweg 46,volunteering,1,7.744490941,46.020751526,Switzerland,auto,Matched source country polygon
456,"Thu, 06 Jun 2024 22:00:00 GMT",Zermatt,,1,7.754053016,46.0291164,Switzerland,auto,Matched source country polygon
457,"Thu, 06 Jun 2024 22:01:00 GMT",Gampel,,1,7.750665085,46.306461605,Switzerland,auto,Matched source country polygon
458,"Thu, 06 Jun 2024 22:02:00 GMT",Fribourg,,1,7.127824008,46.798260637,Switzerland,auto,Matched source country polygon
459,"Thu, 06 Jun 2024 22:03:00 GMT",Centre Fries,house,1,7.154973329,46.800719197,Switzerland,auto,Matched source country polygon
460,"Fri, 07 Jun 2024 22:00:00 GMT",Fribourg highway entrance,,1,7.145216464,46.828099574,Switzerland,auto,Matched source country polygon
461,"Fri, 07 Jun 2024 22:02:00 GMT",Montreux,,1,6.896820502,46.454288233,Switzerland,auto,Matched source country polygon
462,"Fri, 07 Jun 2024 22:04:00 GMT",Rest stop Lavaux Lausanne,,1,6.710954188,46.504626607,Switzerland,auto,Matched source country polygon
463,"Fri, 07 Jun 2024 22:05:00 GMT","Bernex, Geneva",,1,6.060722383,46.1750364,Switzerland,auto,Matched source country polygon
464,"Fri, 07 Jun 2024 22:07:00 GMT",Saint-Julien-en-Genevois,,1,6.089593667,46.130398102,France,auto,Matched source country polygon
465,"Fri, 07 Jun 2024 22:08:00 GMT",Annecy,,1,6.123883033,45.923838862,France,auto,Matched source country polygon
466,"Fri, 07 Jun 2024 22:08:00 GMT",Annecy Peage,,1,6.145040255,45.948745176,France,auto,Matched source country polygon
467,"Fri, 07 Jun 2024 22:09:00 GMT",Chamonix,,1,6.856866389,45.910160968,France,auto,Matched source country polygon
468,"Fri, 07 Jun 2024 22:10:00 GMT",Martigny,,1,7.055231881,46.087952127,Switzerland,auto,Matched source country polygon
469,"Fri, 07 Jun 2024 22:11:00 GMT",Liddes,camping,1,7.183779412,45.987321085,Switzerland,auto,Matched source country polygon
470,"Fri, 07 Jun 2024 22:06:00 GMT",Aire de Valleiry,,1,5.965173258,46.096432318,France,auto,Matched source country polygon
471,"Fri, 07 Jun 2024 22:06:30 GMT",Aire de Valleiry,,1,5.964175476,46.096648073,France,auto,Matched source country polygon
472,"Sat, 08 Jun 2024 22:00:00 GMT",Liddes,,1,7.184677142,45.992909888,Switzerland,auto,Matched source country polygon
473,"Sat, 08 Jun 2024 22:01:00 GMT",Relais du St Bernard,,1,7.061836113,46.126193071,Switzerland,auto,Matched source country polygon
474,"Sat, 08 Jun 2024 22:02:00 GMT",Sion Est,,1,7.382311831,46.233913105,Switzerland,auto,Matched source country polygon
475,"Sat, 08 Jun 2024 22:03:00 GMT",Azizi,,1,7.564777146,46.290074758,Switzerland,auto,Matched source country polygon
476,"Sat, 08 Jun 2024 22:05:00 GMT",Täsch,,1,7.775667402,46.064291998,Switzerland,auto,Matched source country polygon
477,"Sat, 08 Jun 2024 22:06:00 GMT",Zermatt,,1,7.754177549,46.02924098,Switzerland,auto,Matched source country polygon
478,"Sat, 08 Jun 2024 22:08:00 GMT",Zermatt Triftweg 46,volunteering,1,7.744490941,46.020751526,Switzerland,auto,Matched source country polygon
479,"Fri, 14 Jun 2024 22:00:00 GMT",Zermatt,,1,7.756132337,46.031351766,Switzerland,auto,Matched source country polygon
480,"Fri, 14 Jun 2024 22:01:00 GMT",Täsch,,1,7.777208505,46.072026761,Switzerland,auto,Matched source country polygon
481,"Fri, 14 Jun 2024 22:03:00 GMT",Visp,,1,7.866304363,46.295710365,Switzerland,auto,Matched source country polygon
482,"Fri, 14 Jun 2024 22:04:00 GMT",Sion,,1,7.348825788,46.221810506,Switzerland,auto,Matched source country polygon
483,"Fri, 14 Jun 2024 22:06:00 GMT",Bex,,1,7.000913642,46.25139857,Switzerland,auto,Matched source country polygon
484,"Fri, 14 Jun 2024 22:07:00 GMT",Sion Decathlon,,1,7.29733554,46.22355402,Switzerland,auto,Matched source country polygon
485,"Fri, 14 Jun 2024 22:08:00 GMT",Sion Gare,,1,7.359257016,46.227497196,Switzerland,auto,Matched source country polygon
486,"Fri, 14 Jun 2024 22:09:00 GMT",Sierre,,1,7.564692769,46.289997099,Switzerland,auto,Matched source country polygon
487,"Fri, 14 Jun 2024 22:10:00 GMT",Gampel,,1,7.751074065,46.306419729,Switzerland,auto,Matched source country polygon
488,"Fri, 14 Jun 2024 22:11:00 GMT",Visp,,1,7.879373505,46.292053904,Switzerland,auto,Matched source country polygon
489,"Fri, 14 Jun 2024 22:12:00 GMT",Stalden,,1,7.869859697,46.229826769,Switzerland,auto,Matched source country polygon
490,"Fri, 14 Jun 2024 22:13:00 GMT",Täsch,,1,7.775625621,46.064190745,Switzerland,auto,Matched source country polygon
491,"Sat, 15 Jun 2024 10:14:00 GMT",Zermatt Triftweg 46,volunteering,1,7.744490941,46.020751526,Switzerland,auto,Matched source country polygon
492,"Fri, 14 Jun 2024 22:13:30 GMT",Zermatt,,1,7.754212022,46.029198077,Switzerland,auto,Matched source country polygon
493,"Thu, 27 Jun 2024 22:00:30 GMT",Zermatt,,1,7.754246948,46.029251593,Switzerland,auto,Matched source country polygon
494,"Thu, 27 Jun 2024 22:01:00 GMT",Täsch,,1,7.777139924,46.071784017,Switzerland,auto,Matched source country polygon
495,"Thu, 27 Jun 2024 22:02:00 GMT",Visp,,1,7.929757481,46.297230315,Switzerland,auto,Matched source country polygon
496,"Thu, 27 Jun 2024 22:04:00 GMT",Lax,,1,8.121945265,46.38997879,Switzerland,auto,Matched source country polygon
497,"Thu, 27 Jun 2024 22:05:00 GMT",Cello,,1,8.388138427,46.576871038,Switzerland,auto,Matched source country polygon
498,"Thu, 27 Jun 2024 22:06:00 GMT",Andermatt,,1,8.592147265,46.641428399,Switzerland,auto,Matched source country polygon
499,"Thu, 27 Jun 2024 22:07:00 GMT",Schwyz,,1,8.629139943,47.032172052,Switzerland,auto,Matched source country polygon
500,"Thu, 27 Jun 2024 22:08:00 GMT",Sattel,,1,8.63229422,47.076731298,Switzerland,auto,Matched source country polygon
501,"Thu, 27 Jun 2024 22:09:00 GMT",Wollerau,,1,8.721413907,47.192416479,Switzerland,auto,Matched source country polygon
502,"Thu, 27 Jun 2024 22:10:00 GMT",Walenstadt,,1,9.302807273,47.119113174,Switzerland,auto,Matched source country polygon
503,"Thu, 27 Jun 2024 22:11:00 GMT",Rotkreuz,,1,8.432119313,47.142944716,Switzerland,auto,Matched source country polygon
504,"Thu, 27 Jun 2024 22:13:00 GMT",Luzern,friends,1,8.30927414,47.050244796,Switzerland,auto,Matched source country polygon
505,"Fri, 28 Jun 2024 22:00:00 GMT",Horw,,1,8.297665542,47.018394044,Switzerland,auto,Matched source country polygon
506,"Fri, 28 Jun 2024 22:01:00 GMT",Sarnen,,1,8.246006199,46.885035812,Switzerland,auto,Matched source country polygon
507,"Fri, 28 Jun 2024 22:03:00 GMT",Brünig,,1,8.137836423,46.75778861,Switzerland,auto,Matched source country polygon
508,"Fri, 28 Jun 2024 22:02:00 GMT",Lungern,,1,8.150159825,46.775756279,Switzerland,auto,Matched source country polygon
509,"Fri, 28 Jun 2024 22:04:00 GMT",Meiringen,,1,8.170138244,46.726969798,Switzerland,auto,Matched source country polygon
510,"Fri, 28 Jun 2024 22:05:00 GMT",Innerkirchen,,1,8.233728056,46.699814355,Switzerland,auto,Matched source country polygon
511,"Fri, 28 Jun 2024 22:06:00 GMT",Ulrichen,,1,8.306314737,46.507121806,Switzerland,auto,Matched source country polygon
512,"Fri, 28 Jun 2024 22:08:00 GMT",Fiesch,,1,8.131872015,46.396853585,Switzerland,auto,Matched source country polygon
513,"Fri, 28 Jun 2024 22:09:00 GMT",Filet,,1,8.051979737,46.359928132,Switzerland,auto,Matched source country polygon
514,"Fri, 28 Jun 2024 22:10:00 GMT",Eyholz,,1,7.906244594,46.294515083,Switzerland,auto,Matched source country polygon
515,"Fri, 28 Jun 2024 22:11:00 GMT",Visp,,1,7.879401056,46.292265159,Switzerland,auto,Matched source country polygon
516,"Fri, 28 Jun 2024 22:12:00 GMT",Sankt Nikolaus,,1,7.806080162,46.181578798,Switzerland,auto,Matched source country polygon
517,"Fri, 28 Jun 2024 22:13:00 GMT",Täsch,,1,7.775803407,46.064226549,Switzerland,auto,Matched source country polygon
518,"Fri, 28 Jun 2024 22:14:00 GMT",Zermatt,,1,7.754219671,46.029267652,Switzerland,auto,Matched source country polygon
519,"Fri, 28 Jun 2024 22:15:00 GMT",Zermatt Triftweg 46,volunteering,1,7.744490941,46.020751526,Switzerland,auto,Matched source country polygon
520,"Mon, 01 Jul 2024 22:00:00 GMT",Zermatt,,1,7.75427635,46.029298697,Switzerland,auto,Matched source country polygon
521,"Mon, 01 Jul 2024 22:01:00 GMT",Täsch,,1,7.776049986,46.0685517,Switzerland,auto,Matched source country polygon
522,"Mon, 01 Jul 2024 22:02:00 GMT",Sankt Nikolaus,,1,7.806133627,46.181705312,Switzerland,auto,Matched source country polygon
523,"Mon, 01 Jul 2024 22:03:00 GMT",Visp,,1,7.866644262,46.295753299,Switzerland,auto,Matched source country polygon
524,"Mon, 01 Jul 2024 22:04:00 GMT",Gampel,,1,7.747371802,46.306037786,Switzerland,auto,Matched source country polygon
525,"Mon, 01 Jul 2024 22:05:00 GMT",Goppenstein,,1,7.755128757,46.368018772,Switzerland,auto,Matched source country polygon
526,"Mon, 01 Jul 2024 22:06:00 GMT",Mülenen,,1,7.691828628,46.63743292,Switzerland,auto,Matched source country polygon
527,"Mon, 01 Jul 2024 22:07:00 GMT",Bern Grauholz,,1,7.476474066,46.989122364,Switzerland,auto,Matched source country polygon
528,"Mon, 01 Jul 2024 22:08:00 GMT",Pratteln,,1,7.70039922,47.527893565,Switzerland,auto,Matched source country polygon
529,"Mon, 01 Jul 2024 22:09:00 GMT",Weil am Rhein,,1,7.603791416,47.597415831,Germany,auto,Matched source country polygon
530,"Mon, 01 Jul 2024 22:10:00 GMT",Weil am Rhein,camping,1,7.605003774,47.598808518,Germany,auto,Matched source country polygon
531,"Tue, 02 Jul 2024 22:01:00 GMT",Wetterau Ost,,1,8.694839066,50.356197187,Germany,auto,Matched source country polygon
532,"Tue, 02 Jul 2024 22:00:00 GMT",Weil am Rhein,,1,7.604065976,47.593723463,Germany,auto,Matched source country polygon
533,"Tue, 02 Jul 2024 22:02:00 GMT",Korbach,,1,8.882892873,51.29318268,Germany,auto,Matched source country polygon
534,"Tue, 02 Jul 2024 22:05:00 GMT",Diemestadt,,1,9.009235557,51.487976545,Germany,auto,Matched source country polygon
535,"Tue, 02 Jul 2024 22:06:00 GMT",Bad Salzufen,,1,8.723247813,52.079050465,Germany,auto,Matched source country polygon
536,"Tue, 02 Jul 2024 22:06:00 GMT",Bad Salzufen,,1,8.723247813,52.079050465,Germany,auto,Matched source country polygon
537,"Tue, 02 Jul 2024 22:06:00 GMT",Bad Salzufen,,1,8.723247813,52.079050465,Germany,auto,Matched source country polygon
538,"Tue, 02 Jul 2024 22:08:00 GMT",Detmold,,1,8.877356809,51.932963636,Germany,auto,Matched source country polygon
539,"Tue, 02 Jul 2024 22:10:00 GMT",Detmold Lola,friends,1,8.87564556,51.934635601,Germany,auto,Matched source country polygon
541,"Fri, 05 Jul 2024 22:00:00 GMT",Düsseldorf,friends,1,6.786144259,51.247346853,Germany,auto,Matched source country polygon
542,"Sat, 06 Jul 2024 22:00:00 GMT",Düsseldorf Rest stop,,1,6.961249069,51.158508148,Germany,auto,Matched source country polygon
543,"Sat, 06 Jul 2024 22:01:00 GMT",Frankfurt Rest Stop,,1,8.353149435,50.093900338,Germany,auto,Matched source country polygon
544,"Sat, 06 Jul 2024 22:02:00 GMT",Bern Grauholz,,1,7.476333092,46.990416742,Switzerland,auto,Matched source country polygon
545,"Sat, 06 Jul 2024 22:03:00 GMT",Bern Grauholz,camping,1,7.476290175,46.992260937,Switzerland,auto,Matched source country polygon
546,"Sun, 07 Jul 2024 22:00:00 GMT",Bern Grauholz,,1,7.476290175,46.990006912,Switzerland,auto,Matched source country polygon
547,"Sun, 07 Jul 2024 22:01:00 GMT",Münsingen Rest Area,,1,7.542036545,46.876737078,Switzerland,auto,Matched source country polygon
548,"Sun, 07 Jul 2024 22:02:00 GMT",Kandersteg,,1,7.670739656,46.495827634,Switzerland,auto,Matched source country polygon
549,"Sun, 07 Jul 2024 22:04:00 GMT",Visp,,1,7.879373505,46.292053904,Switzerland,auto,Matched source country polygon
550,"Sun, 07 Jul 2024 22:06:00 GMT",Sankt Nikolaus,,1,7.800445465,46.170485459,Switzerland,auto,Matched source country polygon
551,"Sun, 07 Jul 2024 22:07:00 GMT",Täsch,,1,7.775667402,46.064291998,Switzerland,auto,Matched source country polygon
552,"Sun, 07 Jul 2024 22:08:00 GMT",Zermatt,,1,7.75427635,46.029298697,Switzerland,auto,Matched source country polygon
553,"Sun, 07 Jul 2024 22:09:00 GMT",Zermatt Triftweg 46,volunteering,1,7.744490941,46.020751526,Switzerland,auto,Matched source country polygon
554,"Sat, 13 Jul 2024 22:00:00 GMT",Zermatt,,1,7.754287124,46.02930795,Switzerland,auto,Matched source country polygon
555,"Sat, 13 Jul 2024 22:01:00 GMT",Täsch,,1,7.777208504,46.07202676,Switzerland,auto,Matched source country polygon
556,"Sat, 13 Jul 2024 22:02:00 GMT",Sankt Nikolaus,,1,7.806133627,46.181705312,Switzerland,auto,Matched source country polygon
557,"Sat, 13 Jul 2024 22:05:00 GMT",Pfynwald,,1,7.628663168,46.3098259,Switzerland,auto,Matched source country polygon
558,"Sat, 13 Jul 2024 22:06:00 GMT",Sion,,1,7.360479789,46.227866227,Switzerland,auto,Matched source country polygon
559,"Sat, 13 Jul 2024 22:08:00 GMT",Sierre,,1,7.564719297,46.290105304,Switzerland,auto,Matched source country polygon
560,"Sat, 13 Jul 2024 22:09:00 GMT",Visp,,1,7.879373505,46.292053904,Switzerland,auto,Matched source country polygon
561,"Sat, 13 Jul 2024 22:10:00 GMT",Stalden,,1,7.865791647,46.22759489,Switzerland,auto,Matched source country polygon
562,"Sat, 13 Jul 2024 22:11:00 GMT",Täsch,,1,7.775445609,46.067546631,Switzerland,auto,Matched source country polygon
563,"Sat, 13 Jul 2024 22:12:00 GMT",Zermatt Train station,,1,7.748280197,46.024484372,Switzerland,auto,Matched source country polygon
564,"Sat, 13 Jul 2024 22:13:00 GMT",Zermatt Triftweg 46,volunteering,1,7.744490941,46.020751526,Switzerland,auto,Matched source country polygon
565,"Fri, 19 Jul 2024 22:02:00 GMT",Zermatt,,1,7.75427385,46.029253497,Switzerland,auto,Matched source country polygon
566,"Fri, 19 Jul 2024 22:03:00 GMT",Täsch,,1,7.776455723,46.069569179,Switzerland,auto,Matched source country polygon
567,"Fri, 19 Jul 2024 22:04:00 GMT",Migrolino Stalden,,1,7.876889665,46.246857107,Switzerland,auto,Matched source country polygon
568,"Fri, 19 Jul 2024 22:06:00 GMT",Visp,,1,7.879217823,46.292244135,Switzerland,auto,Matched source country polygon
569,"Fri, 19 Jul 2024 22:07:00 GMT",Leytron,,1,7.217156901,46.180847948,Switzerland,auto,Matched source country polygon
570,"Fri, 19 Jul 2024 22:08:00 GMT",Ovronnaz Bains,,1,7.174423926,46.198721669,Switzerland,auto,Matched source country polygon
571,"Fri, 19 Jul 2024 22:10:00 GMT",Täsch Train station,,1,7.775445609,46.067546631,Switzerland,auto,Matched source country polygon
572,"Fri, 19 Jul 2024 22:12:00 GMT",Zermatt train station,,1,7.748305042,46.024449436,Switzerland,auto,Matched source country polygon
573,"Fri, 19 Jul 2024 22:14:00 GMT",Zermatt Triftweg 46,volunteering,1,7.744490941,46.020751526,Switzerland,auto,Matched source country polygon
574,"Thu, 18 Jul 2024 22:00:00 GMT",Zermatt Zmutt,camping,1,7.723850424,46.009662673,Switzerland,auto,Matched source country polygon
575,"Fri, 19 Jul 2024 22:00:00 GMT",Zermatt Triftweg 46,,1,7.744490941,46.020751526,Switzerland,auto,Matched source country polygon
576,"Wed, 26 Jun 2024 22:00:00 GMT",Zermatt Hohbalmen,camping,1,7.715971334,46.015476595,Switzerland,auto,Matched source country polygon
577,"Thu, 27 Jun 2024 22:00:00 GMT",Zermatt Triftweg 46,,1,7.744490941,46.020751526,Switzerland,auto,Matched source country polygon
578,"Sun, 28 Jul 2024 22:00:00 GMT",Zermatt Lost Valley,camping,1,7.822369204,46.00543574,Switzerland,auto,Matched source country polygon
579,"Mon, 29 Jul 2024 22:00:00 GMT",Zermatt Triftweg 46,volunteering,1,7.744490941,46.020751526,Switzerland,auto,Matched source country polygon
580,"Tue, 30 Jul 2024 22:00:00 GMT",Zermatt Spiss,,1,7.752093074,46.026870238,Switzerland,auto,Matched source country polygon
581,"Tue, 30 Jul 2024 22:01:00 GMT",St Niklaus,,1,7.804439065,46.178150733,Switzerland,auto,Matched source country polygon
582,"Tue, 30 Jul 2024 22:02:00 GMT",Schlieren Parent's house,friends,1,8.464780555,47.392640522,Switzerland,auto,Matched source country polygon
584,"Wed, 07 Aug 2024 22:00:00 GMT",Schlieren Highway Entrance,,1,8.424517468,47.396836901,Switzerland,auto,Matched source country polygon
585,"Wed, 07 Aug 2024 22:01:00 GMT",Gisikon,,1,8.392113711,47.12487854,Switzerland,auto,Matched source country polygon
586,"Wed, 07 Aug 2024 22:02:00 GMT",Luzern,,1,8.30927414,47.050244797,Switzerland,auto,Matched source country polygon
587,"Wed, 07 Aug 2024 22:04:00 GMT",Dallenwil,,1,8.392054955,46.933817253,Switzerland,auto,Matched source country polygon
588,"Wed, 07 Aug 2024 22:05:00 GMT",Musenalp,,1,8.443369631,46.929013433,Switzerland,auto,Matched source country polygon
589,"Wed, 07 Aug 2024 22:06:00 GMT",Musenalp,camping,1,8.442438878,46.934416311,Switzerland,auto,Matched source country polygon
590,"Thu, 08 Aug 2024 22:00:00 GMT",Musenalp,,1,8.443369631,46.929013433,Switzerland,auto,Matched source country polygon
591,"Thu, 08 Aug 2024 22:01:00 GMT",Dallenwil,,1,8.392054955,46.933817253,Switzerland,auto,Matched source country polygon
592,"Thu, 08 Aug 2024 22:02:00 GMT",Hergiswil,,1,8.310196358,46.981968027,Switzerland,auto,Matched source country polygon
593,"Thu, 08 Aug 2024 22:03:00 GMT",Giswil,,1,8.190805873,46.856309255,Switzerland,auto,Matched source country polygon
594,"Thu, 08 Aug 2024 22:05:00 GMT",Obi Reststop,,1,8.178277279,46.820528159,Switzerland,auto,Matched source country polygon
595,"Thu, 08 Aug 2024 22:06:00 GMT",Interlaken,,1,7.852206503,46.677792082,Switzerland,auto,Matched source country polygon
596,"Thu, 08 Aug 2024 22:07:00 GMT",Bern,,1,7.436260254,46.94954554,Switzerland,auto,Matched source country polygon
597,"Thu, 08 Aug 2024 22:08:00 GMT",Münsingen,,1,7.542300797,46.876721912,Switzerland,auto,Matched source country polygon
598,"Thu, 08 Aug 2024 22:09:00 GMT",Münsingen,camping,1,7.540916777,46.876984099,Switzerland,auto,Matched source country polygon
599,"Fri, 09 Aug 2024 22:00:00 GMT",Münsingen,,1,7.542036546,46.876737078,Switzerland,auto,Matched source country polygon
600,"Fri, 09 Aug 2024 22:01:00 GMT",Thun,,1,7.604726519,46.743153085,Switzerland,auto,Matched source country polygon
601,"Fri, 09 Aug 2024 22:02:00 GMT",Kandersteg,,1,7.669890766,46.49471372,Switzerland,auto,Matched source country polygon
602,"Fri, 09 Aug 2024 22:03:00 GMT",Goppenstein,,1,7.755429067,46.368353156,Switzerland,auto,Matched source country polygon
603,"Fri, 09 Aug 2024 22:05:00 GMT","Wiler, Lötschental",airbnb,1,7.784552492,46.404277857,Switzerland,auto,Matched source country polygon
604,"Thu, 15 Aug 2024 22:00:00 GMT",Goppnstein,,1,7.757301928,46.363560033,Switzerland,auto,Matched source country polygon
605,"Tue, 13 Aug 2024 22:00:00 GMT",Gampel,,1,7.744513153,46.314827157,Switzerland,auto,Matched source country polygon
606,"Tue, 13 Aug 2024 22:01:00 GMT",Gampel-Steg,,1,7.747367023,46.306197115,Switzerland,auto,Matched source country polygon
607,"Tue, 13 Aug 2024 22:02:00 GMT",Riddes,,1,7.210206381,46.16642303,Switzerland,auto,Matched source country polygon
608,"Tue, 13 Aug 2024 22:04:00 GMT",Martigny,,1,7.055231881,46.087952127,Switzerland,auto,Matched source country polygon
609,"Tue, 13 Aug 2024 22:05:00 GMT",Martigny,,1,7.03724683,46.081863015,Switzerland,auto,Matched source country polygon
610,"Tue, 13 Aug 2024 22:06:00 GMT",Trient,,1,6.997131711,46.04822681,Switzerland,auto,Matched source country polygon
611,"Tue, 13 Aug 2024 22:07:00 GMT",Peuty Camping,camping,1,6.994588977,46.046126892,Switzerland,auto,Matched source country polygon
612,"Wed, 14 Aug 2024 22:00:00 GMT",Trient,,1,6.997131711,46.04822681,Switzerland,auto,Matched source country polygon
613,"Wed, 14 Aug 2024 22:01:00 GMT",Martigny,,1,7.0551318,46.087477601,Switzerland,auto,Matched source country polygon
614,"Wed, 14 Aug 2024 22:03:00 GMT",Relais de St-Bernard,,1,7.061836112,46.126193071,Switzerland,auto,Matched source country polygon
615,"Wed, 14 Aug 2024 22:04:00 GMT",Sierre,,1,7.564777145,46.290074758,Switzerland,auto,Matched source country polygon
616,"Wed, 14 Aug 2024 22:06:00 GMT",Gampel,,1,7.744149925,46.316912233,Switzerland,auto,Matched source country polygon
617,"Wed, 14 Aug 2024 22:07:00 GMT",Goppenstein,,1,7.753956075,46.370501558,Switzerland,auto,Matched source country polygon
618,"Wed, 14 Aug 2024 22:08:00 GMT","Wiler, Lötschental",airbnb,1,7.784552492,46.404277857,Switzerland,auto,Matched source country polygon
619,"Thu, 15 Aug 2024 22:01:00 GMT",Gampel-Steg,,1,7.747367023,46.306197116,Switzerland,auto,Matched source country polygon
620,"Thu, 15 Aug 2024 22:03:00 GMT",Pfynwald,,1,7.58715868,46.296268562,Switzerland,auto,Matched source country polygon
621,"Thu, 15 Aug 2024 22:04:00 GMT",Relais de St-Benard,,1,7.062207466,46.127070469,Switzerland,auto,Matched source country polygon
622,"Thu, 15 Aug 2024 22:06:00 GMT",Etoy,,1,6.39910103,46.478218037,Switzerland,auto,Matched source country polygon
623,"Thu, 15 Aug 2024 22:07:00 GMT",Geneva Airport,,1,6.115527163,46.234985401,Switzerland,auto,Matched source country polygon
624,"Thu, 15 Aug 2024 22:08:00 GMT",Geneva,,1,6.149880891,46.220489965,Switzerland,auto,Matched source country polygon
625,"Thu, 15 Aug 2024 22:09:00 GMT",Lausanne rest stop,,1,6.710083217,46.504661838,Switzerland,auto,Matched source country polygon
626,"Thu, 15 Aug 2024 22:10:00 GMT",Gruyere rest stop,,1,7.085270615,46.682056308,Switzerland,auto,Matched source country polygon
627,"Thu, 15 Aug 2024 22:11:00 GMT",Bern Grauholz rest stop,,1,7.476422584,46.989379059,Switzerland,auto,Matched source country polygon
628,"Thu, 15 Aug 2024 23:12:00 GMT",Bern Grauholz,camping,1,7.476290175,46.992260937,Switzerland,auto,Matched source country polygon
629,"Fri, 16 Aug 2024 22:01:00 GMT",Weil am Rhein,,1,7.604106378,47.594184363,Germany,auto,Matched source country polygon
630,"Fri, 16 Aug 2024 22:00:00 GMT",Bern Grauholz rest stop,,1,7.476406366,46.9893754,Switzerland,auto,Matched source country polygon
631,"Fri, 16 Aug 2024 22:02:00 GMT",Frankfurt Gräfingen rest stop ,,1,8.610219031,49.948037108,Germany,auto,Matched source country polygon
632,"Fri, 16 Aug 2024 22:05:00 GMT",Wetterau rest stop,,1,8.695674226,50.358046121,Germany,auto,Matched source country polygon
633,"Fri, 16 Aug 2024 22:08:00 GMT",Göttingen,,1,9.927881215,51.522329066,Germany,auto,Matched source country polygon
634,"Fri, 16 Aug 2024 22:10:00 GMT",Göttingen Wald,camping,1,9.995644523,51.533108858,Germany,auto,Matched source country polygon
635,"Mon, 19 Aug 2024 22:00:00 GMT",Berlin David's Home,friends,1,13.450737735,52.549914566,Germany,auto,Matched source country polygon
636,"Thu, 22 Aug 2024 22:00:00 GMT",Rest area Erfurt,,1,11.192059472,50.94949116,Germany,auto,Matched source country polygon
637,"Thu, 22 Aug 2024 22:01:00 GMT",Rest area Reinhardshain,,1,8.893751527,50.622827682,Germany,auto,Matched source country polygon
638,"Thu, 22 Aug 2024 22:02:00 GMT",Frankfurt rest area,,1,8.599899544,50.153294755,Germany,auto,Matched source country polygon
639,"Fri, 23 Aug 2024 22:00:00 GMT",Rest area Bruchsal,,1,8.567479234,49.160680803,Germany,auto,Matched source country polygon
640,"Fri, 23 Aug 2024 22:01:00 GMT",Aire de la Porte d'Alsace,,1,7.131703477,47.715709842,France,auto,Matched source country polygon
641,"Fri, 23 Aug 2024 22:03:00 GMT",Aire du Bois des Potets,,1,5.432870869,47.130436909,France,auto,Matched source country polygon
642,"Fri, 23 Aug 2024 22:04:00 GMT",Beaune rest stop,,1,4.834997654,46.960793606,France,auto,Matched source country polygon
643,"Fri, 23 Aug 2024 22:05:00 GMT",Etangs d'Or,camping,1,4.827974287,46.956976661,France,auto,Matched source country polygon
644,"Sat, 24 Aug 2024 22:00:00 GMT",Beaune rest stop,,1,4.835273291,46.959994631,France,auto,Matched source country polygon
645,"Sat, 24 Aug 2024 22:01:00 GMT",Chalon-sur-Saone,,1,4.833858516,46.757380756,France,auto,Matched source country polygon
646,"Sat, 24 Aug 2024 22:01:00 GMT",Chalon-sur-Saone,,1,4.833858516,46.757380756,France,auto,Matched source country polygon
647,"Sat, 24 Aug 2024 22:03:00 GMT",Montchanin,,1,4.491771449,46.748652818,France,auto,Matched source country polygon
648,"Sat, 24 Aug 2024 22:04:00 GMT",Montceau-les-Mines,,1,4.349442728,46.683428525,France,auto,Matched source country polygon
649,"Sat, 24 Aug 2024 22:05:00 GMT",Les Muratons,,1,2.84531719,46.479468822,France,auto,Matched source country polygon
650,"Sat, 24 Aug 2024 22:06:00 GMT",Vieure,,1,2.903553312,46.500646189,France,auto,Matched source country polygon
651,"Sat, 24 Aug 2024 22:07:00 GMT",Aire des Volcans,,1,3.111864388,46.057242158,France,auto,Matched source country polygon
652,"Sat, 24 Aug 2024 22:08:00 GMT",Tulle,,1,1.771421427,45.267259714,France,auto,Matched source country polygon
653,"Sat, 24 Aug 2024 22:09:00 GMT",Curemont,house,1,1.745798067,45.011155675,France,auto,Matched source country polygon
654,"Sun, 25 Aug 2024 22:00:00 GMT",Souillac,,1,1.504236286,44.900589469,France,auto,Matched source country polygon
655,"Sun, 25 Aug 2024 22:01:00 GMT",Peage,,1,1.525811976,44.989921471,France,auto,Matched source country polygon
656,"Sun, 25 Aug 2024 22:02:00 GMT",Caussade,,1,1.51562315,44.150144303,France,auto,Matched source country polygon
657,"Sun, 25 Aug 2024 22:04:00 GMT",Peage Montauban,,1,1.40867267,44.052437906,France,auto,Matched source country polygon
658,"Sun, 25 Aug 2024 22:05:00 GMT",Peage Toulouse,,1,1.426764159,43.656010274,France,auto,Matched source country polygon
659,"Sun, 25 Aug 2024 22:06:00 GMT",Lannemezan,,1,0.36225319,43.080297683,France,auto,Matched source country polygon
660,"Mon, 26 Aug 2024 17:09:00 GMT",Barossa,,1,0.200364264,42.702690116,Spain,auto,Matched source country polygon
661,"Mon, 26 Aug 2024 17:10:00 GMT",Valle de Barossa,camping,1,0.192653534,42.703366867,Spain,auto,Matched source country polygon
662,"Mon, 26 Aug 2024 22:00:00 GMT",Barrosa,,1,0.201096238,42.701344299,Spain,auto,Matched source country polygon
663,"Mon, 26 Aug 2024 22:01:00 GMT",Bielsa,,1,0.215697599,42.584682453,Spain,auto,Matched source country polygon
664,"Mon, 26 Aug 2024 22:02:00 GMT",Ainsa,,1,0.145206698,42.415357168,Spain,auto,Matched source country polygon
665,"Mon, 26 Aug 2024 22:04:00 GMT",Boltana,,1,0.066252009,42.444192907,Spain,auto,Matched source country polygon
666,"Mon, 26 Aug 2024 22:05:00 GMT",Javonas,,1,-0.006303502,42.473831331,Spain,auto,Matched source country polygon
667,"Mon, 26 Aug 2024 22:06:00 GMT",Sabinanigo,,1,-0.375828411,42.483310865,Spain,auto,Matched source country polygon
668,"Mon, 26 Aug 2024 22:06:00 GMT",Sabinanigo,,1,-0.375828411,42.483310865,Spain,auto,Matched source country polygon
669,"Mon, 26 Aug 2024 22:10:00 GMT",Zaragoza,,1,-0.887725731,41.611199514,Spain,auto,Matched source country polygon
670,"Mon, 26 Aug 2024 22:11:00 GMT",Zaragoza,camping,1,-0.881956001,41.61249009,Spain,auto,Matched source country polygon
671,"Tue, 27 Aug 2024 22:00:00 GMT",Zaragoza,,1,-0.880575558,41.60880903,Spain,auto,Matched source country polygon
672,"Tue, 27 Aug 2024 22:01:00 GMT",Zaragoza outskirts,,1,-1.016470158,41.624499216,Spain,auto,Matched source country polygon
673,"Tue, 27 Aug 2024 22:02:00 GMT",Madrid Legazpi,,1,-3.695028098,40.390670712,Spain,auto,Matched source country polygon
674,"Tue, 27 Aug 2024 22:04:00 GMT",Madrid OK Hostel,hostel,1,-3.706885345,40.411103846,Spain,auto,Matched source country polygon
675,"Wed, 28 Aug 2024 22:00:00 GMT",Madrid Airport,,1,-3.593183499,40.491455364,Spain,auto,Matched source country polygon
676,"Wed, 28 Aug 2024 22:01:00 GMT",Bogota airport,,1,-74.141826675,4.696572437,Colombia,auto,Matched source country polygon
677,"Wed, 28 Aug 2024 22:04:00 GMT",Bogota,,1,-74.0965057,4.641744669,Colombia,auto,Matched source country polygon
678,"Wed, 28 Aug 2024 22:05:00 GMT",Bogota,house,1,-74.085918754,4.650160008,Colombia,auto,Matched source country polygon
679,"Thu, 29 Aug 2024 22:00:00 GMT",Bogota Portal Norte,,1,-74.044894477,4.758626974,Colombia,auto,Matched source country polygon
681,"Thu, 29 Aug 2024 22:01:00 GMT",Bogota outskirts,,1,-74.03079323,4.844394854,Colombia,auto,Matched source country polygon
682,"Thu, 29 Aug 2024 22:02:00 GMT",Bogota outskirts,,1,-74.031019273,4.847604656,Colombia,auto,Matched source country polygon
683,"Thu, 29 Aug 2024 22:04:00 GMT",Bogota outskirts,,1,-74.036415878,4.814503515,Colombia,auto,Matched source country polygon
684,"Thu, 29 Aug 2024 22:05:00 GMT",Bogota outskirts,camping,1,-74.043142858,4.803297938,Colombia,auto,Matched source country polygon
686,"Fri, 30 Aug 2024 22:01:00 GMT",Ruta 90,nightbusNighttrain,1,-73.85774567,11.266858123,Colombia,auto,Matched source country polygon
687,"Sat, 31 Aug 2024 22:00:00 GMT",Costeno Beach Hostel,volunteering,1,-73.845831298,11.272158566,Colombia,auto,Matched source country polygon
688,"Sat, 14 Sep 2024 22:00:00 GMT",Ruta 90,,1,-73.85767121,11.266902075,Colombia,auto,Matched source country polygon
689,"Sat, 14 Sep 2024 22:01:00 GMT",Tayrona,,1,-73.914758151,11.281225759,Colombia,auto,Matched source country polygon
690,"Sat, 14 Sep 2024 22:02:00 GMT",Santa Marta ourskirts,,1,-74.164413389,11.225187251,Colombia,auto,Matched source country polygon
691,"Sat, 14 Sep 2024 22:03:00 GMT",Yucal,,1,-74.158576903,11.219574618,Colombia,auto,Matched source country polygon
692,"Sat, 14 Sep 2024 22:04:00 GMT",Minca,,1,-74.117189142,11.143479459,Colombia,auto,Matched source country polygon
693,"Sat, 14 Sep 2024 22:06:00 GMT",Minca,camping,1,-74.118462302,11.133143362,Colombia,auto,Matched source country polygon
694,"Sun, 15 Sep 2024 22:00:00 GMT",Eco Point Hostel,hostel,1,-74.116566874,11.14463562,Colombia,auto,Matched source country polygon
695,"Tue, 17 Sep 2024 22:00:00 GMT",Way to Cerro Kennedy,,1,-74.098095396,11.122023189,Colombia,auto,Matched source country polygon
696,"Tue, 17 Sep 2024 22:01:00 GMT",El Campano,,1,-74.093708493,11.1115793,Colombia,auto,Matched source country polygon
697,"Tue, 17 Sep 2024 22:03:00 GMT",Tagua,,1,-74.082472421,11.096684552,Colombia,auto,Matched source country polygon
698,"Tue, 17 Sep 2024 22:05:00 GMT",Collegio,camping,1,-74.078437188,11.097222666,Colombia,auto,Matched source country polygon
699,"Wed, 18 Sep 2024 22:00:00 GMT",Cerro Kennedy,camping,1,-74.035159452,11.11204019,Colombia,auto,Matched source country polygon
700,"Thu, 19 Sep 2024 22:00:00 GMT",Way to Cerro Kennedy,camping,1,-74.055151453,11.111298579,Colombia,auto,Matched source country polygon
701,"Fri, 20 Sep 2024 22:00:00 GMT",Tagua,,1,-74.082432494,11.096668191,Colombia,auto,Matched source country polygon
702,"Fri, 20 Sep 2024 22:01:00 GMT",Minca,,1,-74.117762551,11.143669524,Colombia,auto,Matched source country polygon
703,"Fri, 20 Sep 2024 22:03:00 GMT",Santa Marta,,1,-74.198704457,11.243943323,Colombia,auto,Matched source country polygon
704,"Fri, 20 Sep 2024 22:06:00 GMT",Believer Hostal,hostel,1,-74.208090994,11.243587593,Colombia,auto,Matched source country polygon
705,"Sun, 22 Sep 2024 22:00:00 GMT",Santa Marta,,1,-74.204213587,11.226961102,Colombia,auto,Matched source country polygon
706,"Sun, 22 Sep 2024 22:01:00 GMT",Santa Marta outskirts,,1,-74.190938441,11.217213817,Colombia,auto,Matched source country polygon
707,"Sun, 22 Sep 2024 22:03:00 GMT",Cienaga,,1,-74.215757876,11.011956969,Colombia,auto,Matched source country polygon
708,"Sun, 22 Sep 2024 22:05:00 GMT",Barranquilla outskirts,,1,-74.783208804,10.931689951,Colombia,auto,Matched source country polygon
709,"Sun, 22 Sep 2024 22:06:00 GMT",Barranquilla Couchsurfing,couchsurfing,1,-74.811515555,10.930231632,Colombia,auto,Matched source country polygon
710,"Tue, 24 Sep 2024 22:00:00 GMT",Barranquilla,,1,-74.811553706,10.925538017,Colombia,auto,Matched source country polygon
711,"Tue, 24 Sep 2024 22:01:00 GMT",Barranquilla outskirts,,1,-74.769465671,10.949802353,Colombia,auto,Matched source country polygon
712,"Tue, 24 Sep 2024 22:03:00 GMT",Cienaga,,1,-74.222569256,11.003624919,Colombia,auto,Matched source country polygon
713,"Tue, 24 Sep 2024 22:05:00 GMT",Santa Marta ourkirts,,1,-74.190782097,11.217369688,Colombia,auto,Matched source country polygon
714,"Tue, 24 Sep 2024 22:06:00 GMT",Santa Marta,airbnb,1,-74.208150894,11.251675481,Colombia,auto,Matched source country polygon
715,"Wed, 25 Sep 2024 22:00:00 GMT",Barrio 11 Noviembre,,1,-74.15598967,11.224717606,Colombia,auto,Matched source country polygon
716,"Wed, 25 Sep 2024 22:01:00 GMT",Paso de Mango,,1,-74.097229034,11.207930792,Colombia,auto,Matched source country polygon
717,"Wed, 25 Sep 2024 22:04:00 GMT",Caoba Farm,camping,1,-74.101170093,11.196653288,Colombia,auto,Matched source country polygon
718,"Thu, 26 Sep 2024 22:00:00 GMT",Jungle,camping,1,-74.106377155,11.19038522,Colombia,auto,Matched source country polygon
719,"Sat, 28 Sep 2024 22:00:00 GMT",Bonda,,1,-74.115768471,11.218665301,Colombia,auto,Matched source country polygon
720,"Sat, 28 Sep 2024 22:01:00 GMT",Barrio 11 Noviembre,,1,-74.153190659,11.226017855,Colombia,auto,Matched source country polygon
721,"Sat, 28 Sep 2024 22:04:00 GMT",Believer Hostel,hostel,1,-74.208090994,11.243587593,Colombia,auto,Matched source country polygon
722,"Sun, 29 Sep 2024 22:00:00 GMT",Ruta 90,,1,-73.85774567,11.266858123,Colombia,auto,Matched source country polygon
723,"Sun, 29 Sep 2024 22:01:00 GMT",Beach next to Costeno,camping,1,-73.847161674,11.272841317,Colombia,auto,Matched source country polygon
724,"Tue, 01 Oct 2024 22:00:00 GMT",Ruta 90,,1,-73.855715926,11.265705422,Colombia,auto,Matched source country polygon
725,"Tue, 01 Oct 2024 22:01:00 GMT",Mingueo,,1,-73.394978921,11.216700305,Colombia,auto,Matched source country polygon
726,"Tue, 01 Oct 2024 22:02:00 GMT",Mingueo,camping,1,-73.382164517,11.214294416,Colombia,auto,Matched source country polygon
727,"Wed, 02 Oct 2024 22:01:00 GMT",Maicao,,1,-72.232778282,11.381469577,Colombia,auto,Matched source country polygon
728,"Wed, 02 Oct 2024 22:00:00 GMT",Mingueo,,1,-73.384397397,11.216834126,Colombia,auto,Matched source country polygon
729,"Wed, 02 Oct 2024 22:03:00 GMT",Maicao outskirts,camping,1,-72.267917024,11.364515595,Colombia,auto,Matched source country polygon
730,"Thu, 03 Oct 2024 22:00:00 GMT",Police checkpoint,,1,-72.28564635,11.352709157,Colombia,auto,Matched source country polygon
731,"Thu, 03 Oct 2024 22:01:00 GMT",San Juan de Cesar,,1,-73.006451231,10.772458143,Colombia,auto,Matched source country polygon
732,"Thu, 03 Oct 2024 22:03:00 GMT",San Juan de Cesar,,1,-73.011677368,10.770640614,Colombia,auto,Matched source country polygon
733,"Thu, 03 Oct 2024 22:05:00 GMT",Valledupar,,1,-73.268399348,10.50052064,Colombia,auto,Matched source country polygon
734,"Thu, 03 Oct 2024 22:06:00 GMT",Valledupar rio,camping,1,-73.282837978,10.506015532,Colombia,auto,Matched source country polygon
735,"Sun, 06 Oct 2024 22:00:00 GMT",Valledupar outskirts,camping,1,-73.253485653,10.488591682,Colombia,auto,Matched source country polygon
736,"Mon, 07 Oct 2024 22:00:00 GMT",Valledupar parque de la vida,camping,1,-73.260770533,10.474444972,Colombia,auto,Matched source country polygon
737,"Tue, 08 Oct 2024 22:00:00 GMT",Valledupar,,1,-73.248332809,10.456174092,Colombia,auto,Matched source country polygon
738,"Tue, 08 Oct 2024 22:01:00 GMT",Valledupar outskirts,,1,-73.243194891,10.446488423,Colombia,auto,Matched source country polygon
739,"Tue, 08 Oct 2024 22:04:00 GMT",La paz,,1,-73.171004254,10.386543646,Colombia,auto,Matched source country polygon
740,"Tue, 08 Oct 2024 22:06:00 GMT","La paz, rio",camping,1,-73.16884895,10.384601882,Colombia,auto,Matched source country polygon
741,"Wed, 09 Oct 2024 22:00:00 GMT",Manaure,,1,-73.026857592,10.391374566,Colombia,auto,Matched source country polygon
742,"Wed, 09 Oct 2024 22:01:00 GMT",Manaure,camping,1,-73.036861636,10.391173475,Colombia,auto,Matched source country polygon
743,"Thu, 10 Oct 2024 22:00:00 GMT",Pozo Azul,camping,1,-73.038578806,10.430227262,Colombia,auto,Matched source country polygon
744,"Fri, 11 Oct 2024 22:00:00 GMT",Manaure,camping,1,-73.020386989,10.392466906,Colombia,auto,Matched source country polygon
745,"Sun, 13 Oct 2024 22:00:00 GMT",Manaure ,,1,-73.037153219,10.392134144,Colombia,auto,Matched source country polygon
746,"Sun, 13 Oct 2024 22:01:00 GMT",La Paz,,1,-73.170616363,10.386924506,Colombia,auto,Matched source country polygon
747,"Sun, 13 Oct 2024 22:02:00 GMT",La Paz,camping,1,-73.168848951,10.384601882,Colombia,auto,Matched source country polygon
748,"Mon, 14 Oct 2024 22:00:00 GMT",Urumita,,1,-73.011968218,10.561673684,Colombia,auto,Matched source country polygon
749,"Mon, 14 Oct 2024 22:01:00 GMT",El Molino,,1,-72.935075836,10.660667735,Colombia,auto,Matched source country polygon
750,"Mon, 14 Oct 2024 22:03:00 GMT",Barrancas,,1,-72.787432669,10.968385361,Colombia,auto,Matched source country polygon
751,"Mon, 14 Oct 2024 22:05:00 GMT",Papayal,,1,-72.776112553,10.997569265,Colombia,auto,Matched source country polygon
752,"Mon, 14 Oct 2024 22:06:00 GMT",Hatonuevo,house,1,-72.759902469,11.07351952,Colombia,auto,Matched source country polygon
753,"Tue, 15 Oct 2024 22:00:00 GMT",Maicao,hostel,1,-72.236587591,11.379030638,Colombia,auto,Matched source country polygon
754,"Wed, 16 Oct 2024 22:00:00 GMT",Border Colombia - Venezuela,,1,-72.128424239,11.359634888,Venezuela,auto,Matched source country polygon
755,"Wed, 16 Oct 2024 22:01:00 GMT",Police station - Venezuela,camping,1,-72.107263349,11.354003452,Venezuela,auto,Matched source country polygon
756,"Thu, 17 Oct 2024 22:00:00 GMT",Police station,,1,-71.793524876,10.99686013,Venezuela,auto,Matched source country polygon
757,"Thu, 17 Oct 2024 22:01:00 GMT",Maracaibo,,1,-71.625915586,10.693387145,Venezuela,auto,Matched source country polygon
758,"Thu, 17 Oct 2024 22:03:00 GMT",Maracaibo,hostel,1,-71.621099534,10.634823657,Venezuela,auto,Matched source country polygon
759,"Fri, 18 Oct 2024 22:00:00 GMT",Agua Viva,,1,-70.630695608,9.552533156,Venezuela,auto,Matched source country polygon
760,"Fri, 18 Oct 2024 22:01:00 GMT",Agua Viva,camping,1,-70.629035023,9.554418754,Venezuela,auto,Matched source country polygon
761,"Sat, 19 Oct 2024 22:00:00 GMT",Small town in Paramo,,1,-70.716641611,9.045417187,Venezuela,auto,Matched source country polygon
762,"Sat, 19 Oct 2024 22:02:00 GMT",Timotes,,1,-70.740823191,8.979072066,Venezuela,auto,Matched source country polygon
763,"Sat, 19 Oct 2024 22:04:00 GMT",Timotes,camping,1,-70.740413111,8.977400035,Venezuela,auto,Matched source country polygon
764,"Sun, 20 Oct 2024 22:00:00 GMT",Timotes - Leidas house,camping,1,-70.739638251,8.976867809,Venezuela,auto,Matched source country polygon
765,"Tue, 22 Oct 2024 22:00:00 GMT",Timotes,,1,-70.740998726,8.978951963,Venezuela,auto,Matched source country polygon
766,"Tue, 22 Oct 2024 22:01:00 GMT",Apartaderos,,1,-70.852473133,8.800829866,Venezuela,auto,Matched source country polygon
767,"Tue, 22 Oct 2024 22:03:00 GMT",Muchuchies,,1,-70.917593589,8.74924502,Venezuela,auto,Matched source country polygon
768,"Tue, 22 Oct 2024 22:05:00 GMT",Mucuchies,camping,1,-70.926359644,8.744999865,Venezuela,auto,Matched source country polygon
769,"Thu, 24 Oct 2024 22:00:00 GMT",Mucuchies,,1,-70.926181724,8.746690333,Venezuela,auto,Matched source country polygon
770,"Thu, 24 Oct 2024 22:01:00 GMT",Tabay,,1,-71.079058418,8.631254076,Venezuela,auto,Matched source country polygon
771,"Thu, 24 Oct 2024 22:03:00 GMT",Finca Mucuy de Tabay,,1,-71.04137338,8.634527894,Venezuela,auto,Matched source country polygon
772,"Sat, 26 Oct 2024 22:00:00 GMT",Merida - Luis house,couchsurfing,1,-71.189384121,8.562058536,Venezuela,auto,Matched source country polygon
773,"Fri, 01 Nov 2024 23:00:00 GMT",La Culata,,1,-71.06540949,8.745138256,Venezuela,auto,Matched source country polygon
774,"Fri, 01 Nov 2024 23:01:00 GMT",First Refugio,camping,1,-71.039333056,8.774746685,Venezuela,auto,Matched source country polygon
775,"Sat, 02 Nov 2024 23:00:00 GMT",Cascada El duende,camping,1,-71.005371517,8.792633372,Venezuela,auto,Matched source country polygon
776,"Sun, 03 Nov 2024 23:00:00 GMT",La Carbonera,camping,1,-70.957346268,8.793087524,Venezuela,auto,Matched source country polygon
777,"Mon, 04 Nov 2024 23:00:00 GMT",Aguas termales Musuy,,1,-70.959005064,8.751702137,Venezuela,auto,Matched source country polygon
778,"Tue, 05 Nov 2024 23:00:00 GMT",Entrance hot springs,,1,-70.947682861,8.744741482,Venezuela,auto,Matched source country polygon
779,"Tue, 05 Nov 2024 23:01:00 GMT",Merida,,1,-71.155788923,8.597527437,Venezuela,auto,Matched source country polygon
780,"Tue, 05 Nov 2024 23:02:00 GMT",Merida - Luis house,couchsurfing,1,-71.189384121,8.562058537,Venezuela,auto,Matched source country polygon
781,"Wed, 13 Nov 2024 23:00:00 GMT",Merida la vuelta,,1,-71.129159261,8.621353752,Venezuela,auto,Matched source country polygon
782,"Wed, 13 Nov 2024 23:01:00 GMT",Tabay,,1,-71.076565099,8.63277862,Venezuela,auto,Matched source country polygon
783,"Wed, 13 Nov 2024 23:02:00 GMT",Parque Alberto Carnevalli,camping,1,-70.972840501,8.719430164,Venezuela,auto,Matched source country polygon
784,"Thu, 14 Nov 2024 23:00:00 GMT",Mucuchies,,1,-70.922061367,8.748255205,Venezuela,auto,Matched source country polygon
785,"Thu, 14 Nov 2024 23:01:00 GMT",Way to agua termales,,1,-70.935558239,8.74969735,Venezuela,auto,Matched source country polygon
786,"Thu, 14 Nov 2024 23:03:00 GMT",Aguas termales entrance,,1,-70.947676459,8.744727587,Venezuela,auto,Matched source country polygon
787,"Thu, 14 Nov 2024 23:04:00 GMT",Aguas termales,camping,1,-70.959222454,8.751942392,Venezuela,auto,Matched source country polygon
788,"Fri, 15 Nov 2024 23:00:00 GMT",Aguas termales entrance,,1,-70.942793024,8.746081913,Venezuela,auto,Matched source country polygon
789,"Fri, 15 Nov 2024 23:01:00 GMT",Via to Mucuchies,,1,-70.937013757,8.747382678,Venezuela,auto,Matched source country polygon
790,"Fri, 15 Nov 2024 23:04:00 GMT",Mucuchies,,1,-70.920384064,8.748747064,Venezuela,auto,Matched source country polygon
791,"Fri, 15 Nov 2024 23:06:00 GMT",Santo Domingo,,1,-70.697560447,8.859567079,Venezuela,auto,Matched source country polygon
792,"Fri, 15 Nov 2024 23:07:00 GMT",Santo Domingo El Cerrito,camping,1,-70.69399445,8.864291485,Venezuela,auto,Matched source country polygon
793,"Sun, 17 Nov 2024 23:00:00 GMT",Santp Domingo,,1,-70.693885091,8.861876365,Venezuela,auto,Matched source country polygon
794,"Sun, 17 Nov 2024 23:00:01 GMT",Maracay,,1,-67.565549595,10.323288336,Venezuela,auto,Matched source country polygon
795,"Sun, 17 Nov 2024 23:04:00 GMT",Maracay Bomberos,house,1,-67.565694434,10.323538142,Venezuela,auto,Matched source country polygon
796,"Mon, 18 Nov 2024 23:00:00 GMT",Choroni,,1,-67.605832616,10.509362114,Venezuela,auto,Matched source country polygon
797,"Mon, 18 Nov 2024 23:02:00 GMT",Choroni - Tipire,camping,1,-67.607402603,10.509667152,Venezuela,auto,Matched source country polygon
798,"Tue, 26 Nov 2024 23:00:00 GMT",Choroni,,1,-67.609469692,10.499972607,Venezuela,auto,Matched source country polygon
799,"Tue, 26 Nov 2024 23:01:00 GMT",Choroni - Rio,camping,1,-67.607030671,10.47986873,Venezuela,auto,Matched source country polygon
800,"Wed, 27 Nov 2024 23:00:00 GMT",Choroni,,1,-67.605927387,10.50987725,Venezuela,auto,Matched source country polygon
801,"Wed, 27 Nov 2024 23:01:00 GMT",Choroni - Tipire,camping,1,-67.607402603,10.509667153,Venezuela,auto,Matched source country polygon
802,"Fri, 29 Nov 2024 23:00:00 GMT",Cuyagua,camping,1,-67.685563982,10.496752455,Venezuela,auto,Matched source country polygon
803,"Mon, 09 Dec 2024 23:00:00 GMT",Maracay Terminal,,1,-67.589299935,10.243488953,Venezuela,auto,Matched source country polygon
804,"Mon, 09 Dec 2024 23:01:00 GMT",Valencia Terminal,,1,-67.96885442,10.192790156,Venezuela,auto,Matched source country polygon
805,"Mon, 09 Dec 2024 23:03:00 GMT",Valencia,couchsurfing,1,-67.997989163,10.179656193,Venezuela,auto,Matched source country polygon
806,"Thu, 12 Dec 2024 23:00:00 GMT",Valencia Terminal,,1,-67.968635061,10.192625914,Venezuela,auto,Matched source country polygon
807,"Thu, 12 Dec 2024 23:01:00 GMT",Maracay Terminal,,1,-67.589777201,10.243250065,Venezuela,auto,Matched source country polygon
808,"Thu, 12 Dec 2024 23:03:00 GMT",Maracay Hotel Las Americas,hostel,1,-67.600190135,10.249636318,Venezuela,auto,Matched source country polygon
809,"Sat, 14 Dec 2024 23:00:00 GMT",Maracay,,1,-67.573378782,10.22384534,Venezuela,auto,Matched source country polygon
810,"Sat, 14 Dec 2024 23:02:00 GMT",Las Tejeras,,1,-67.159989534,10.250604149,Venezuela,auto,Matched source country polygon
811,"Sat, 14 Dec 2024 23:03:00 GMT",La Victoria,camping,1,-67.339217144,10.21995455,Venezuela,auto,Matched source country polygon
812,"Sun, 15 Dec 2024 23:00:00 GMT",La Victoria,hostel,1,-67.32749291,10.226736628,Venezuela,auto,Matched source country polygon
813,"Mon, 16 Dec 2024 23:00:00 GMT",La Victoria,,1,-67.315762715,10.224885382,Venezuela,auto,Matched source country polygon
814,"Mon, 16 Dec 2024 23:01:00 GMT",Caracas,,1,-66.910839706,10.495623587,Venezuela,auto,Matched source country polygon
815,"Mon, 16 Dec 2024 23:03:00 GMT",Caracas,house,1,-66.873360307,10.485479642,Venezuela,auto,Matched source country polygon
816,"Sat, 14 Dec 2024 23:02:01 GMT",La Victoria Center,,1,-67.332953568,10.226663614,Venezuela,auto,Matched source country polygon
817,"Mon, 23 Dec 2024 23:00:00 GMT",Caracas Airport,,1,-66.980990437,10.59915246,Venezuela,auto,Matched source country polygon
818,"Mon, 23 Dec 2024 23:01:00 GMT",Medellin Airport,,1,-75.428359942,6.171483347,Colombia,auto,Matched source country polygon
819,"Tue, 24 Dec 2024 09:04:00 GMT",Medellin Aeropuerto,camping,1,-75.427508352,6.181694418,Colombia,auto,Matched source country polygon
820,"Tue, 24 Dec 2024 23:00:00 GMT",Medellin airport,,1,-75.428359943,6.171483347,Colombia,auto,Matched source country polygon
821,"Tue, 24 Dec 2024 23:01:00 GMT",Bogota airport,,1,-74.141826676,4.696572437,Colombia,auto,Matched source country polygon
822,"Tue, 24 Dec 2024 23:03:00 GMT",Bogota,,1,-74.076866226,4.651801538,Colombia,auto,Matched source country polygon
823,"Tue, 24 Dec 2024 23:05:00 GMT",Bogota Santiagos apartment,couchsurfing,1,-74.057196412,4.648052642,Colombia,auto,Matched source country polygon
824,"Sat, 28 Dec 2024 23:00:00 GMT",Jorges Apartment,house,1,-74.15602665,4.637885754,Colombia,auto,Matched source country polygon
825,"Sun, 29 Dec 2024 23:00:00 GMT",Gun Glub Hotel,hostel,1,-74.073566218,4.603274694,Colombia,auto,Matched source country polygon
826,"Wed, 01 Jan 2025 23:00:00 GMT",Bogota airport,,1,-74.141826676,4.696572437,Colombia,auto,Matched source country polygon
827,"Wed, 01 Jan 2025 23:01:00 GMT",Leticia airport,,1,-69.942421766,-4.197489233,Brazil,auto,Matched source country polygon
828,"Wed, 01 Jan 2025 23:03:00 GMT",Tambo Hostel,hostel,1,-69.939104113,-4.211642233,Brazil,auto,Matched source country polygon
829,"Thu, 02 Jan 2025 23:00:00 GMT",Apartment of Thiago,house,1,-69.93893418,-4.224860072,Brazil,auto,Matched source country polygon
830,"Fri, 03 Jan 2025 23:00:00 GMT",Tabatinga port,,1,-69.944519137,-4.234605047,Brazil,auto,Matched source country polygon
831,"Fri, 03 Jan 2025 23:01:00 GMT",Amazonas Ferry,boat,1,-69.999616616,-4.372081042,Brazil,auto,Matched source country polygon
832,"Sat, 04 Jan 2025 23:00:00 GMT",Amazon Ferry,boat,1,-67.045896531,-2.714697975,Brazil,auto,Matched source country polygon
833,"Sun, 05 Jan 2025 23:00:00 GMT",Amazon Ferry,boat,1,-64.1021744,-3.693229203,Brazil,auto,Matched source country polygon
834,"Mon, 06 Jan 2025 23:00:00 GMT",Amazon Ferry,boat,1,-60.924073721,-3.596989418,Brazil,auto,Matched source country polygon
835,"Tue, 07 Jan 2025 23:00:00 GMT",Manaus port,,1,-60.027429203,-3.138403877,Brazil,auto,Matched source country polygon
836,"Tue, 07 Jan 2025 23:01:00 GMT",Ponta Negra Airbnb,airbnb,1,-60.100978356,-3.059335498,Brazil,auto,Matched source country polygon
837,"Mon, 13 Jan 2025 23:00:00 GMT",Manaus port,,1,-60.009425294,-3.147316669,Brazil,auto,Matched source country polygon
838,"Mon, 13 Jan 2025 23:01:00 GMT",Madeira Ferry,boat,1,-59.112713703,-3.271333204,Brazil,auto,Matched source country polygon
839,"Tue, 14 Jan 2025 23:00:00 GMT",Madeira Ferry,boat,1,-59.542401156,-4.300257023,Brazil,auto,Matched source country polygon
840,"Wed, 15 Jan 2025 23:00:00 GMT",Madeira Ferry,boat,1,-60.35615328,-5.093476664,Brazil,auto,Matched source country polygon
841,"Thu, 16 Jan 2025 23:00:00 GMT",Madeira Ferry,boat,1,-61.340039682,-5.828948596,Brazil,auto,Matched source country polygon
842,"Fri, 17 Jan 2025 23:00:00 GMT",Madeira Ferry,boat,1,-62.341778616,-6.684107395,Brazil,auto,Matched source country polygon
843,"Sat, 18 Jan 2025 23:00:00 GMT",Madeira Ferry,boat,1,-63.005078303,-7.531343757,Brazil,auto,Matched source country polygon
844,"Sun, 19 Jan 2025 23:00:00 GMT",Port Porto Velho,boat,1,-63.926423168,-8.728361083,Brazil,auto,Matched source country polygon
845,"Mon, 20 Jan 2025 23:00:00 GMT",Porto Velho port,,1,-63.927796459,-8.738465937,Brazil,auto,Matched source country polygon
846,"Mon, 20 Jan 2025 23:01:00 GMT",Porto Velho,,1,-63.90010085,-8.787394562,Brazil,auto,Matched source country polygon
847,"Mon, 20 Jan 2025 23:03:00 GMT",Restaurant da Pedra,,1,-64.150081299,-9.134250519,Brazil,auto,Matched source country polygon
848,"Mon, 20 Jan 2025 23:04:00 GMT",Restaurante Pedra,camping,1,-64.150515221,-9.134321137,Brazil,auto,Matched source country polygon
849,"Tue, 21 Jan 2025 23:00:00 GMT",Intersection to Bolivia,,1,-65.222335834,-9.724215079,Brazil,auto,Matched source country polygon
850,"Tue, 21 Jan 2025 23:02:00 GMT",Extrema,,1,-66.366459449,-9.772198903,Brazil,auto,Matched source country polygon
851,"Tue, 21 Jan 2025 23:04:00 GMT",Extrema gas station,camping,1,-66.367110331,-9.771649098,Brazil,auto,Matched source country polygon
852,"Wed, 22 Jan 2025 23:01:00 GMT",Intersection to Bolivia,,1,-65.222519462,-9.724242398,Brazil,auto,Matched source country polygon
853,"Wed, 22 Jan 2025 23:00:00 GMT",Extrema gas station,,1,-66.347491465,-9.769946576,Brazil,auto,Matched source country polygon
854,"Wed, 22 Jan 2025 23:02:00 GMT",Vista Alegre de Abuna,,1,-65.736930672,-9.658572398,Brazil,auto,Matched source country polygon
855,"Wed, 22 Jan 2025 23:05:00 GMT",Vista Alegre do Abuna,camping,1,-65.737059418,-9.65816813,Brazil,auto,Matched source country polygon
856,"Fri, 24 Jan 2025 23:00:00 GMT",Brasileia,,1,-68.753911367,-10.996491945,Brazil,auto,Matched source country polygon
857,"Fri, 24 Jan 2025 23:02:00 GMT",Brasileia,camping,1,-68.755780569,-10.994203601,Brazil,auto,Matched source country polygon
858,"Sat, 25 Jan 2025 23:00:00 GMT",Restaurante km 75,,1,-69.239194712,-10.818179863,Brazil,auto,Matched source country polygon
859,"Sat, 25 Jan 2025 23:02:00 GMT",Another restaurant,,1,-69.288408627,-10.812195451,Brazil,auto,Matched source country polygon
860,"Sat, 25 Jan 2025 23:04:00 GMT",In the middle of nowhere,,1,-69.35636204,-10.809475089,Brazil,auto,Matched source country polygon
861,"Sat, 25 Jan 2025 23:06:00 GMT",In the middle of nowhere 2.0,,1,-69.372814418,-10.808851135,Brazil,auto,Matched source country polygon
862,"Sat, 25 Jan 2025 23:07:00 GMT",Assis Brasil,,1,-69.567268516,-10.939474598,Brazil,auto,Matched source country polygon
863,"Sat, 25 Jan 2025 23:08:00 GMT",Inapari,camping,1,-69.57784417,-10.955046181,Peru,auto,Matched source country polygon
864,"Sun, 26 Jan 2025 23:00:00 GMT",Iberia,,1,-69.486971342,-11.402388964,Peru,auto,Matched source country polygon
865,"Sun, 26 Jan 2025 23:01:00 GMT",Alerta,,1,-69.236143037,-11.660047789,Peru,auto,Matched source country polygon
866,"Sun, 26 Jan 2025 23:04:00 GMT",Puerto Maldonado,,1,-69.193186858,-12.582242493,Peru,auto,Matched source country polygon
867,"Sun, 26 Jan 2025 23:05:00 GMT",Puerto Maldonado,,1,-69.236984348,-12.598860874,Peru,auto,Matched source country polygon
868,"Sun, 26 Jan 2025 23:07:00 GMT",Mazuko,,1,-70.365049562,-13.095075189,Peru,auto,Matched source country polygon
869,"Sun, 26 Jan 2025 23:09:00 GMT",Mazuko,camping,1,-70.365522821,-13.104916417,Peru,auto,Matched source country polygon
870,"Mon, 27 Jan 2025 23:00:00 GMT",Mazuko,,1,-70.367821177,-13.103105178,Peru,auto,Matched source country polygon
871,"Mon, 27 Jan 2025 23:01:00 GMT",Saylla,,1,-71.80920347,-13.582917966,Peru,auto,Matched source country polygon
872,"Mon, 27 Jan 2025 23:03:00 GMT",Saylla,camping,1,-71.811743223,-13.579979933,Peru,auto,Matched source country polygon
873,"Tue, 28 Jan 2025 23:00:00 GMT",Cusco,,1,-71.964697098,-13.526391416,Peru,auto,Matched source country polygon
874,"Tue, 28 Jan 2025 23:03:00 GMT",Bosque de Quenqo,camping,1,-71.97309718,-13.507295684,Peru,auto,Matched source country polygon
875,"Tue, 28 Jan 2025 23:02:00 GMT",Cusco center,,1,-71.976703262,-13.514076438,Peru,auto,Matched source country polygon
876,"Wed, 29 Jan 2025 23:00:00 GMT",Cusco,,1,-71.959657514,-13.523332728,Peru,auto,Matched source country polygon
877,"Wed, 29 Jan 2025 23:02:00 GMT",Pieros apartment,house,1,-71.90414687,-13.539321141,Peru,auto,Matched source country polygon
878,"Thu, 30 Jan 2025 23:00:00 GMT",Magic Cusco Hostel,hostel,1,-71.959121901,-13.528887092,Peru,auto,Matched source country polygon
879,"Fri, 31 Jan 2025 23:00:00 GMT",Pisac,camping,1,-71.834554751,-13.407766284,Peru,auto,Matched source country polygon
880,"Sun, 02 Feb 2025 23:00:00 GMT",Cuyo Chico,camping,1,-71.834347853,-13.408724927,Peru,auto,Matched source country polygon
881,"Mon, 03 Feb 2025 23:00:00 GMT",Magic Cusco Hostel,hostel,1,-71.959121901,-13.528887092,Peru,auto,Matched source country polygon
882,"Wed, 05 Feb 2025 23:00:00 GMT",Poroy,,1,-72.033936087,-13.49843956,Peru,auto,Matched source country polygon
883,"Wed, 05 Feb 2025 23:01:00 GMT",Anta,,1,-72.137749481,-13.467853094,Peru,auto,Matched source country polygon
884,"Wed, 05 Feb 2025 23:03:00 GMT",Anta,camping,1,-72.145703113,-13.470416311,Peru,auto,Matched source country polygon
885,"Thu, 06 Feb 2025 23:00:00 GMT",Anta,,1,-72.153194225,-13.468030463,Peru,auto,Matched source country polygon
886,"Thu, 06 Feb 2025 23:01:00 GMT",Inquillpata,,1,-72.191951568,-13.499055079,Peru,auto,Matched source country polygon
887,"Thu, 06 Feb 2025 23:03:00 GMT",Outside of Abancay,,1,-72.913390734,-13.700223112,Peru,auto,Matched source country polygon
888,"Thu, 06 Feb 2025 23:04:00 GMT",Andahuaylas,,1,-73.38570511,-13.656456191,Peru,auto,Matched source country polygon
889,"Thu, 06 Feb 2025 23:05:00 GMT",Andahuaylas Mirador,camping,1,-73.386124727,-13.6607561,Peru,auto,Matched source country polygon
890,"Fri, 07 Feb 2025 23:00:00 GMT",Talavera,,1,-73.427805062,-13.653608848,Peru,auto,Matched source country polygon
891,"Fri, 07 Feb 2025 23:03:00 GMT",Quinta curva,,1,-73.450273631,-13.657315716,Peru,auto,Matched source country polygon
892,"Fri, 07 Feb 2025 23:02:00 GMT",Talavera,,1,-73.439888126,-13.658437032,Peru,auto,Matched source country polygon
893,"Fri, 07 Feb 2025 23:05:00 GMT",Santa Maria de Chicmo,,1,-73.493651514,-13.658237786,Peru,auto,Matched source country polygon
894,"Fri, 07 Feb 2025 23:06:00 GMT",Uripa,,1,-73.677839413,-13.532793408,Peru,auto,Matched source country polygon
895,"Fri, 07 Feb 2025 23:07:00 GMT",Chincheros,,1,-73.72195401,-13.516648048,Peru,auto,Matched source country polygon
896,"Fri, 07 Feb 2025 23:08:00 GMT",Chincheros Cascada,camping,1,-73.712518594,-13.518495606,Peru,auto,Matched source country polygon
897,"Sat, 08 Feb 2025 23:00:00 GMT",Chincheros,,1,-73.722454683,-13.516803365,Peru,auto,Matched source country polygon
898,"Sat, 08 Feb 2025 23:01:00 GMT",Ahuayro,,1,-73.806026499,-13.511875473,Peru,auto,Matched source country polygon
899,"Sat, 08 Feb 2025 23:02:00 GMT",Ahuayro police checkpoint,,1,-73.807819409,-13.50905653,Peru,auto,Matched source country polygon
900,"Sat, 08 Feb 2025 23:04:00 GMT",Ayacucho center,,1,-74.222388739,-13.159361839,Peru,auto,Matched source country polygon
901,"Sat, 08 Feb 2025 23:05:00 GMT",Joshues house,house,1,-74.219115251,-13.177562339,Peru,auto,Matched source country polygon
902,"Sun, 09 Feb 2025 23:00:00 GMT",Aguas termales de Colpa,camping,1,-74.107910487,-13.091856941,Peru,auto,Matched source country polygon
903,"Mon, 10 Feb 2025 23:00:00 GMT",Muyurina,,1,-74.197007512,-13.114903862,Peru,auto,Matched source country polygon
904,"Mon, 10 Feb 2025 23:02:00 GMT",Outside of Ayacucho,,1,-74.223975026,-13.078640823,Peru,auto,Matched source country polygon
905,"Mon, 10 Feb 2025 23:04:00 GMT",La vega,,1,-74.215871175,-13.028152612,Peru,auto,Matched source country polygon
906,"Mon, 10 Feb 2025 23:05:00 GMT",Huanta,,1,-74.260213464,-12.93184163,Peru,auto,Matched source country polygon
907,"Mon, 10 Feb 2025 23:06:00 GMT",Azangaro,,1,-74.296786889,-12.919246797,Peru,auto,Matched source country polygon
908,"Mon, 10 Feb 2025 23:07:00 GMT",Mayocc,,1,-74.388813498,-12.806992729,Peru,auto,Matched source country polygon
909,"Mon, 10 Feb 2025 23:08:00 GMT",La Esmeralda,,1,-74.587293375,-12.679591351,Peru,auto,Matched source country polygon
910,"Mon, 10 Feb 2025 23:09:00 GMT",Quichuas,camping,1,-74.767440053,-12.472410154,Peru,auto,Matched source country polygon
911,"Tue, 11 Feb 2025 23:00:00 GMT",Huancayo,,1,-75.205503186,-12.076404745,Peru,auto,Matched source country polygon
912,"Tue, 11 Feb 2025 23:01:00 GMT",Chupaca,couchsurfing,1,-75.280512064,-12.055894437,Peru,auto,Matched source country polygon
913,"Thu, 13 Feb 2025 23:00:00 GMT",Pilcomayo,,1,-75.245970055,-12.053128968,Peru,auto,Matched source country polygon
914,"Thu, 13 Feb 2025 23:01:00 GMT",Sicaya,,1,-75.271356873,-12.023900467,Peru,auto,Matched source country polygon
915,"Thu, 13 Feb 2025 23:03:00 GMT",Muquiyauyo,,1,-75.456896612,-11.817394454,Peru,auto,Matched source country polygon
916,"Thu, 13 Feb 2025 23:04:00 GMT",Jauja,,1,-75.494790869,-11.778657736,Peru,auto,Matched source country polygon
917,"Thu, 13 Feb 2025 23:05:00 GMT",Jauja,,1,-75.505967932,-11.764578787,Peru,auto,Matched source country polygon
918,"Thu, 13 Feb 2025 23:06:00 GMT",Acolla,,1,-75.5385073,-11.743543055,Peru,auto,Matched source country polygon
919,"Thu, 13 Feb 2025 23:07:00 GMT",Acolla center,,1,-75.545259316,-11.731143072,Peru,auto,Matched source country polygon
920,"Thu, 13 Feb 2025 23:09:00 GMT",Tarma,,1,-75.693770387,-11.419884171,Peru,auto,Matched source country polygon
921,"Thu, 13 Feb 2025 23:10:00 GMT",Cruze,,1,-75.882739761,-11.403954837,Peru,auto,Matched source country polygon
922,"Thu, 13 Feb 2025 23:11:00 GMT",Junin,,1,-75.989241368,-11.156196277,Peru,auto,Matched source country polygon
923,"Thu, 13 Feb 2025 23:12:00 GMT",Cerro de Pasco,,1,-76.257249536,-10.68633704,Peru,auto,Matched source country polygon
924,"Thu, 13 Feb 2025 23:13:00 GMT",Cerro de Pasco Hotel,hostel,1,-76.256148042,-10.685896,Peru,auto,Matched source country polygon
925,"Fri, 14 Feb 2025 23:00:00 GMT",Outside of cerro de Pasco,,1,-76.268675746,-10.693938866,Peru,auto,Matched source country polygon
926,"Fri, 14 Feb 2025 23:01:00 GMT",Outside of Cerro de Pasco,,1,-76.294159109,-10.704114556,Peru,auto,Matched source country polygon
927,"Fri, 14 Feb 2025 23:03:00 GMT",Yurajhuanca,,1,-76.313744598,-10.701296277,Peru,auto,Matched source country polygon
928,"Fri, 14 Feb 2025 23:05:00 GMT",Oyon,,1,-76.769854895,-10.668619387,Peru,auto,Matched source country polygon
929,"Fri, 14 Feb 2025 23:07:00 GMT",Oyon,camping,1,-76.773666018,-10.662685456,Peru,auto,Matched source country polygon
930,"Sat, 15 Feb 2025 23:00:00 GMT",Oyon,,1,-76.777574515,-10.663088108,Peru,auto,Matched source country polygon
931,"Sat, 15 Feb 2025 23:01:00 GMT",Outside of Oyon,,1,-76.776887869,-10.647361377,Peru,auto,Matched source country polygon
932,"Sat, 15 Feb 2025 23:02:00 GMT",Quichas,,1,-76.769862868,-10.576426096,Peru,auto,Matched source country polygon
933,"Sat, 15 Feb 2025 23:04:00 GMT",Nevado Santa Rosa,,1,-76.750684495,-10.47736856,Peru,auto,Matched source country polygon
934,"Sat, 15 Feb 2025 23:05:00 GMT",Mina Raura,,1,-76.745790954,-10.445930455,Peru,auto,Matched source country polygon
935,"Sat, 15 Feb 2025 23:07:00 GMT",Mina Raura,,1,-76.738657467,-10.435463667,Peru,auto,Matched source country polygon
936,"Sat, 15 Feb 2025 23:08:00 GMT",Banos,,1,-76.735605727,-10.076085083,Peru,auto,Matched source country polygon
937,"Sat, 15 Feb 2025 23:09:00 GMT",Banos hot springs,,1,-76.721032988,-10.044889687,Peru,auto,Matched source country polygon
938,"Sat, 15 Feb 2025 23:10:00 GMT",Banos hot springs,camping,1,-76.71813799,-10.04644294,Peru,auto,Matched source country polygon
939,"Fri, 14 Feb 2025 23:04:30 GMT",In the middle of nowhere,,1,-76.468428215,-10.661877806,Peru,auto,Matched source country polygon
940,"Sun, 16 Feb 2025 23:00:00 GMT",Banos hot springs,,1,-76.720546488,-10.044101567,Peru,auto,Matched source country polygon
941,"Sun, 16 Feb 2025 23:01:00 GMT",Banos,,1,-76.710194351,-10.025843415,Peru,auto,Matched source country polygon
942,"Sun, 16 Feb 2025 23:02:00 GMT",La Union,,1,-76.801511087,-9.828173473,Peru,auto,Matched source country polygon
943,"Sun, 16 Feb 2025 23:04:00 GMT",Huallanca,,1,-76.943473868,-9.896936664,Peru,auto,Matched source country polygon
944,"Sun, 16 Feb 2025 23:05:00 GMT",Cruze por Chiquian,,1,-77.194133098,-10.08604728,Peru,auto,Matched source country polygon
945,"Sun, 16 Feb 2025 23:06:00 GMT",Chiquian,hostel,1,-77.15631693,-10.149767142,Peru,auto,Matched source country polygon
946,"Mon, 17 Feb 2025 23:00:00 GMT",Pacllon,hostel,1,-77.071746867,-10.234424983,Peru,auto,Matched source country polygon
947,"Tue, 18 Feb 2025 23:00:00 GMT",Turpa,camping,1,-77.004024684,-10.26609135,Peru,auto,Matched source country polygon
948,"Wed, 19 Feb 2025 23:00:00 GMT",Huatiaq,camping,1,-76.998660866,-10.335063154,Peru,auto,Matched source country polygon
949,"Thu, 20 Feb 2025 23:00:00 GMT",Camp Elefante,camping,1,-76.892288632,-10.376575254,Peru,auto,Matched source country polygon
950,"Fri, 21 Feb 2025 23:00:00 GMT",Aguas termales Gunog,camping,1,-76.858134272,-10.423977428,Peru,auto,Matched source country polygon
951,"Sat, 22 Feb 2025 23:00:00 GMT",Cajatambo,hostel,1,-76.99333531,-10.472265049,Peru,auto,Matched source country polygon
952,"Sun, 23 Feb 2025 23:01:00 GMT",Barranca,,1,-77.748693435,-10.743597557,Peru,auto,Matched source country polygon
953,"Sun, 23 Feb 2025 23:02:00 GMT","Barranca, playa colorado",camping,1,-77.758945446,-10.773192258,Peru,auto,Matched source country polygon
954,"Sun, 23 Feb 2025 23:00:30 GMT",Somewhere,,1,-77.333659028,-10.596400925,Peru,auto,Matched source country polygon
955,"Mon, 24 Feb 2025 23:00:00 GMT",Barranca,,1,-77.74671128,-10.739666101,Peru,auto,Matched source country polygon
956,"Mon, 24 Feb 2025 23:01:00 GMT",Peaje,,1,-77.758142256,-10.572340034,Peru,auto,Matched source country polygon
957,"Mon, 24 Feb 2025 23:03:00 GMT",Conococho,,1,-77.29330496,-10.122001135,Peru,auto,Matched source country polygon
958,"Mon, 24 Feb 2025 23:05:00 GMT",Cruze por Chiquian,,1,-77.193789074,-10.086649819,Peru,auto,Matched source country polygon
959,"Mon, 24 Feb 2025 23:06:00 GMT",Chiquian,hostel,1,-77.156316931,-10.149767142,Peru,auto,Matched source country polygon
960,"Tue, 25 Feb 2025 23:00:00 GMT",Conochocho,,1,-77.293327418,-10.122041029,Peru,auto,Matched source country polygon
961,"Tue, 25 Feb 2025 23:01:00 GMT",Huaraz,,1,-77.529091159,-9.529484395,Peru,auto,Matched source country polygon
962,"Tue, 25 Feb 2025 23:03:00 GMT",Apartment of Elis,house,1,-77.527951816,-9.536221936,Peru,auto,Matched source country polygon
963,"Wed, 26 Feb 2025 23:00:00 GMT",Cheap Hospedaje,hostel,1,-77.528719008,-9.529150666,Peru,auto,Matched source country polygon
964,"Thu, 27 Feb 2025 23:00:00 GMT",Guest House of Steven,couchsurfing,1,-77.531627119,-9.519709822,Peru,auto,Matched source country polygon
965,"Sat, 01 Mar 2025 23:00:00 GMT",Apartment of Elis,house,1,-77.527951816,-9.536221937,Peru,auto,Matched source country polygon
966,"Fri, 14 Mar 2025 23:00:00 GMT",Laguna Llaca,,1,-77.447998366,-9.43734369,Peru,auto,Matched source country polygon
967,"Fri, 14 Mar 2025 23:15:00 GMT",Camp Morena,camping,1,-77.456308501,-9.438507312,Peru,auto,Matched source country polygon
968,"Sat, 15 Mar 2025 23:00:00 GMT",Nevado Vallunareju,,1,-77.459609799,-9.42310031,Peru,auto,Matched source country polygon
969,"Sun, 16 Mar 2025 05:02:00 GMT",Elis Apartment,house,1,-77.527856484,-9.536191396,Peru,auto,Matched source country polygon
970,"Sun, 16 Mar 2025 05:00:00 GMT",Laguna LLaca,,1,-77.447717709,-9.437391989,Peru,auto,Matched source country polygon
971,"Mon, 17 Mar 2025 23:00:00 GMT",Huaraz,,1,-77.532107207,-9.507238153,Peru,auto,Matched source country polygon
972,"Mon, 17 Mar 2025 23:01:00 GMT",Marcara,,1,-77.605720131,-9.322386656,Peru,auto,Matched source country polygon
973,"Mon, 17 Mar 2025 23:02:00 GMT",Carhuaz,,1,-77.649794189,-9.282202641,Peru,auto,Matched source country polygon
974,"Mon, 17 Mar 2025 23:04:00 GMT",Huallanca,,1,-77.850297824,-8.817657063,Peru,auto,Matched source country polygon
975,"Mon, 17 Mar 2025 23:05:00 GMT",Huallanca,,1,-77.864107028,-8.819353383,Peru,auto,Matched source country polygon
976,"Mon, 17 Mar 2025 23:06:00 GMT",Yuracmarca,,1,-77.89918941,-8.745015636,Peru,auto,Matched source country polygon
977,"Mon, 17 Mar 2025 23:07:00 GMT",La Pampa,,1,-77.901064575,-8.661950242,Peru,auto,Matched source country polygon
978,"Mon, 17 Mar 2025 23:08:00 GMT",Corongo,,1,-77.922134395,-8.570652962,Peru,auto,Matched source country polygon
979,"Mon, 17 Mar 2025 23:09:00 GMT",Banos termales Aticara,camping,1,-77.923060205,-8.568955513,Peru,auto,Matched source country polygon
980,"Tue, 18 Mar 2025 23:00:00 GMT",Yupan,,1,-77.967692951,-8.615142721,Peru,auto,Matched source country polygon
981,"Tue, 18 Mar 2025 23:01:00 GMT",Aticara,,1,-77.91595136,-8.584355342,Peru,auto,Matched source country polygon
982,"Tue, 18 Mar 2025 23:02:00 GMT",La pampa,,1,-77.901000135,-8.662441042,Peru,auto,Matched source country polygon
983,"Tue, 18 Mar 2025 23:04:00 GMT",Cruze to La Pampa,,1,-77.922096255,-8.67983286,Peru,auto,Matched source country polygon
984,"Tue, 18 Mar 2025 23:06:00 GMT",Huarochiri,,1,-77.961163536,-8.699522889,Peru,auto,Matched source country polygon
985,"Tue, 18 Mar 2025 23:07:00 GMT",Santa,,1,-78.608271518,-8.987023316,Peru,auto,Matched source country polygon
986,"Tue, 18 Mar 2025 23:09:00 GMT",Santa,camping,1,-78.607251086,-8.98800767,Peru,auto,Matched source country polygon
987,"Wed, 19 Mar 2025 23:00:00 GMT",Santa,,1,-78.617026247,-8.983773518,Peru,auto,Matched source country polygon
988,"Wed, 19 Mar 2025 23:01:00 GMT",Ciudad de dios,,1,-79.476634865,-7.304142007,Peru,auto,Matched source country polygon
989,"Wed, 19 Mar 2025 23:03:00 GMT",Cumbico,house,1,-78.63279408,-7.217265965,Peru,auto,Matched source country polygon
990,"Thu, 20 Mar 2025 23:00:00 GMT",Cumbico,,1,-78.630900312,-7.218218118,Peru,auto,Matched source country polygon
991,"Thu, 20 Mar 2025 23:01:00 GMT",Cruze to Cumbe Mayo,,1,-78.555677537,-7.198324403,Peru,auto,Matched source country polygon
992,"Thu, 20 Mar 2025 23:04:00 GMT",Close to Cumbe Mayo,,1,-78.568571203,-7.196053619,Peru,auto,Matched source country polygon
993,"Thu, 20 Mar 2025 23:05:00 GMT",Cumbe Mayo,,1,-78.571851844,-7.192647421,Peru,auto,Matched source country polygon
994,"Thu, 20 Mar 2025 23:06:00 GMT","Kinti Wasi, Banos de Inca",,1,-78.456403609,-7.161731457,Peru,auto,Matched source country polygon
995,"Thu, 20 Mar 2025 23:07:00 GMT",Kinti Wasi,couchsurfing,1,-78.456308242,-7.161996403,Peru,auto,Matched source country polygon
996,"Mon, 24 Mar 2025 23:00:00 GMT",Choten,,1,-78.500272626,-7.257324143,Peru,auto,Matched source country polygon
997,"Mon, 24 Mar 2025 23:01:00 GMT",Yumagual,camping,1,-78.515397901,-7.247409595,Peru,auto,Matched source country polygon
998,"Tue, 25 Mar 2025 23:00:00 GMT",Choten,,1,-78.499752875,-7.257212981,Peru,auto,Matched source country polygon
999,"Tue, 25 Mar 2025 23:01:00 GMT",Kinti Wasi,couchsurfing,1,-78.456308242,-7.161996403,Peru,auto,Matched source country polygon
1000,"Wed, 26 Mar 2025 23:00:00 GMT",Salida de Cajamarca,,1,-78.525926465,-7.121744231,Peru,auto,Matched source country polygon
1001,"Wed, 26 Mar 2025 23:03:00 GMT",Cochabamba,,1,-78.885857476,-6.474446777,Peru,auto,Matched source country polygon
1002,"Wed, 26 Mar 2025 23:04:00 GMT",Mirador Cochabamba,camping,1,-78.88542713,-6.476127565,Peru,auto,Matched source country polygon
1003,"Thu, 27 Mar 2025 23:00:00 GMT",Cochabamba,,1,-78.886495245,-6.475113644,Peru,auto,Matched source country polygon
1004,"Thu, 27 Mar 2025 23:02:00 GMT",Chiclayo,,1,-79.856334276,-6.764837005,Peru,auto,Matched source country polygon
1005,"Thu, 27 Mar 2025 23:03:00 GMT",Chiclayo,,1,-79.871936387,-6.746767244,Peru,auto,Matched source country polygon
1006,"Thu, 27 Mar 2025 23:04:00 GMT",Lambayeque,,1,-79.903331342,-6.708650904,Peru,auto,Matched source country polygon
1007,"Thu, 27 Mar 2025 23:05:00 GMT",Lambayeque,camping,1,-79.900076216,-6.715454883,Peru,auto,Matched source country polygon
1008,"Fri, 28 Mar 2025 23:00:00 GMT",Lambeyeque,,1,-79.90314258,-6.708573819,Peru,auto,Matched source country polygon
1009,"Fri, 28 Mar 2025 23:02:00 GMT",Morrope,,1,-80.015073481,-6.544389551,Peru,auto,Matched source country polygon
1010,"Fri, 28 Mar 2025 23:04:00 GMT",San Juan,,1,-80.616560879,-5.290285219,Peru,auto,Matched source country polygon
1011,"Fri, 28 Mar 2025 23:05:00 GMT",Piura,,1,-80.627704562,-5.200086915,Peru,auto,Matched source country polygon
1012,"Fri, 28 Mar 2025 23:06:00 GMT","Piura, Apartment of Gabriela",house,1,-80.658367595,-5.194877521,Peru,auto,Matched source country polygon
1013,"Sat, 29 Mar 2025 23:00:00 GMT",Piura Eppo,,1,-80.643997668,-5.18233182,Peru,auto,Matched source country polygon
1014,"Sat, 29 Mar 2025 23:01:00 GMT",Talara Eppo,,1,-81.268768208,-4.58029293,Peru,auto,Matched source country polygon
1015,"Sat, 29 Mar 2025 23:02:00 GMT",Talara,,1,-81.273543733,-4.556449578,Peru,auto,Matched source country polygon
1016,"Sat, 29 Mar 2025 23:04:00 GMT",Lobitos,,1,-81.284716021,-4.459594578,Peru,auto,Matched source country polygon
1017,"Sat, 29 Mar 2025 23:05:00 GMT",Surfcamp El Muelle,campingPaid,1,-81.277955962,-4.451308125,Peru,auto,Matched source country polygon
1018,"Wed, 09 Apr 2025 22:00:00 GMT",Talara,,1,-81.272115305,-4.579203264,Peru,auto,Matched source country polygon
1019,"Wed, 09 Apr 2025 22:01:00 GMT",La Campana,,1,-81.217474533,-4.563666228,Peru,auto,Matched source country polygon
1020,"Wed, 09 Apr 2025 22:03:00 GMT",Mancora,,1,-81.053957609,-4.106988861,Peru,auto,Matched source country polygon
1021,"Wed, 09 Apr 2025 22:05:00 GMT",Zorritos,,1,-80.658986189,-3.669429612,Peru,auto,Matched source country polygon
1022,"Wed, 09 Apr 2025 22:06:00 GMT",Zorritos,camping,1,-80.657012083,-3.667278724,Peru,auto,Matched source country polygon
1023,"Thu, 10 Apr 2025 22:00:00 GMT",Zorritos,,1,-80.657469847,-3.669343957,Peru,auto,Matched source country polygon
1024,"Thu, 10 Apr 2025 22:01:00 GMT",Zarumilla,,1,-80.2756448,-3.498374116,Peru,auto,Matched source country polygon
1025,"Thu, 10 Apr 2025 22:02:00 GMT",Zarumilla,,1,-80.262298129,-3.515086896,Peru,auto,Matched source country polygon
1026,"Thu, 10 Apr 2025 22:04:00 GMT",CEBAF Peru,,1,-80.250956556,-3.512647701,Peru,auto,Matched source country polygon
1027,"Thu, 10 Apr 2025 22:05:00 GMT",CEBAF Ecuador,,1,-80.217530272,-3.497708972,Ecuador,auto,Matched source country polygon
1028,"Thu, 10 Apr 2025 22:06:00 GMT",Jesus Maria,,1,-79.553906149,-2.556625115,Ecuador,auto,Matched source country polygon
1029,"Thu, 10 Apr 2025 22:07:00 GMT",Cuenca entrada,,1,-79.034930915,-2.888495464,Ecuador,auto,Matched source country polygon
1030,"Thu, 10 Apr 2025 22:08:00 GMT",Apartment of Royer,house,1,-79.016350951,-2.890174739,Ecuador,auto,Matched source country polygon
1031,"Fri, 11 Apr 2025 22:00:00 GMT",Apartment of Luis,couchsurfing,1,-78.994727579,-2.898494458,Ecuador,auto,Matched source country polygon
1032,"Sat, 12 Apr 2025 22:00:00 GMT",Cafecito Hostel,hostel,1,-79.000567618,-2.89555021,Ecuador,auto,Matched source country polygon
1033,"Sat, 19 Apr 2025 22:00:00 GMT",Cuenca salida,,1,-78.970813289,-2.900177067,Ecuador,auto,Matched source country polygon
1034,"Sat, 19 Apr 2025 22:01:00 GMT",Cuenca intersection,,1,-78.880958088,-2.844293203,Ecuador,auto,Matched source country polygon
1035,"Sat, 19 Apr 2025 22:02:00 GMT",Zhud,,1,-79.003916468,-2.459732016,Ecuador,auto,Matched source country polygon
1036,"Sat, 19 Apr 2025 22:03:00 GMT",Calpi,,1,-78.740464405,-1.649012868,Ecuador,auto,Matched source country polygon
1037,"Sat, 19 Apr 2025 22:04:00 GMT",Calpi,camping,1,-78.738779977,-1.63963496,Ecuador,auto,Matched source country polygon
1038,"Sun, 20 Apr 2025 22:00:00 GMT",Calpi salida,,1,-78.740217632,-1.647188521,Ecuador,auto,Matched source country polygon
1039,"Sun, 20 Apr 2025 22:01:00 GMT",Chimborazo entrada,,1,-78.875291322,-1.498461898,Ecuador,auto,Matched source country polygon
1040,"Sun, 20 Apr 2025 22:03:00 GMT",Refugio Carrel,,1,-78.845916127,-1.475140426,Ecuador,auto,Matched source country polygon
1041,"Sun, 20 Apr 2025 22:05:00 GMT",Chimborazo Entrada,camping,1,-78.874718855,-1.4980154,Ecuador,auto,Matched source country polygon
1042,"Mon, 21 Apr 2025 22:05:00 GMT",Guanujo,,1,-79.007792391,-1.56159667,Ecuador,auto,Matched source country polygon
1043,"Mon, 21 Apr 2025 22:06:00 GMT",Middle of nowhere,,1,-78.909222995,-1.43158968,Ecuador,auto,Matched source country polygon
1044,"Mon, 21 Apr 2025 22:07:00 GMT",Middle of nowhere 2.0,,1,-78.863182004,-1.415009219,Ecuador,auto,Matched source country polygon
1045,"Mon, 21 Apr 2025 22:08:00 GMT",Hot springs,,1,-78.865932747,-1.338925599,Ecuador,auto,Matched source country polygon
1046,"Mon, 21 Apr 2025 22:09:00 GMT",Hot springs,camping,1,-78.865001574,-1.339260039,Ecuador,auto,Matched source country polygon
1047,"Tue, 22 Apr 2025 22:00:00 GMT",El Salado,,1,-78.853678475,-1.308634568,Ecuador,auto,Matched source country polygon
1048,"Tue, 22 Apr 2025 22:01:00 GMT",Ambato,,1,-78.633069754,-1.252682187,Ecuador,auto,Matched source country polygon
1049,"Tue, 22 Apr 2025 22:04:00 GMT",Hotel Emperador,hostel,1,-78.624087062,-1.239035336,Ecuador,auto,Matched source country polygon
1050,"Wed, 23 Apr 2025 22:00:00 GMT",Ambato salida,,1,-78.611415108,-1.273681145,Ecuador,auto,Matched source country polygon
1051,"Wed, 23 Apr 2025 22:02:00 GMT",Ambato salida 2.0,,1,-78.605709754,-1.290008729,Ecuador,auto,Matched source country polygon
1052,"Wed, 23 Apr 2025 22:03:00 GMT",Banos,,1,-78.42914173,-1.396690778,Ecuador,auto,Matched source country polygon
1053,"Wed, 23 Apr 2025 22:06:00 GMT",Montano Camping,hostel,1,-78.429067224,-1.397106099,Ecuador,auto,Matched source country polygon
1054,"Mon, 28 Apr 2025 22:00:00 GMT",Puyo,,1,-77.999462859,-1.482090411,Ecuador,auto,Matched source country polygon
1055,"Mon, 28 Apr 2025 22:02:00 GMT",Puyo Motocross track,camping,1,-77.988793994,-1.490109272,Ecuador,auto,Matched source country polygon
1056,"Tue, 29 Apr 2025 22:00:00 GMT",Puyo,hostel,1,-78.004912577,-1.476814141,Ecuador,auto,Matched source country polygon
1057,"Wed, 30 Apr 2025 22:00:00 GMT",Puyo Salida,,1,-77.993942934,-1.461796324,Ecuador,auto,Matched source country polygon
1058,"Wed, 30 Apr 2025 22:01:00 GMT",Archidona,,1,-77.805121157,-0.901261425,Ecuador,auto,Matched source country polygon
1059,"Wed, 30 Apr 2025 22:02:00 GMT",Archidona,,1,-77.806565975,-0.894184838,Ecuador,auto,Matched source country polygon
1060,"Wed, 30 Apr 2025 22:03:00 GMT",Batan Cocha balneario,camping,1,-77.803606605,-0.872574166,Ecuador,auto,Matched source country polygon
1061,"Thu, 01 May 2025 22:00:00 GMT",Archidona,,1,-77.804884529,-0.900900592,Ecuador,auto,Matched source country polygon
1062,"Thu, 01 May 2025 22:01:00 GMT",Cruza to Coca,,1,-77.784997843,-0.73088455,Ecuador,auto,Matched source country polygon
1063,"Thu, 01 May 2025 22:03:00 GMT",Conocoto,,1,-78.470872722,-0.296933578,Ecuador,auto,Matched source country polygon
1064,"Thu, 01 May 2025 22:04:00 GMT",Conocoto - House of Mateo,couchsurfing,1,-78.472303233,-0.297810947,Ecuador,auto,Matched source country polygon
1065,"Mon, 05 May 2025 22:00:00 GMT",Triangulo,,1,-78.459388066,-0.299683663,Ecuador,auto,Matched source country polygon
1066,"Mon, 05 May 2025 22:01:00 GMT",Tambillo,,1,-78.547469426,-0.409121643,Ecuador,auto,Matched source country polygon
1067,"Mon, 05 May 2025 22:02:00 GMT",Cruze por Santa Domingo,,1,-78.56564995,-0.460445855,Ecuador,auto,Matched source country polygon
1068,"Mon, 05 May 2025 22:03:00 GMT",Santa Domingo,,1,-79.202678173,-0.248727118,Ecuador,auto,Matched source country polygon
1069,"Mon, 05 May 2025 22:04:00 GMT",El Carmen,,1,-79.469826217,-0.280112203,Ecuador,auto,Matched source country polygon
1070,"Mon, 05 May 2025 22:05:00 GMT",El Carmen,,1,-79.471733563,-0.288924046,Ecuador,auto,Matched source country polygon
1071,"Mon, 05 May 2025 22:06:00 GMT",El Carmen,,1,-79.501335619,-0.247458743,Ecuador,auto,Matched source country polygon
1072,"Mon, 05 May 2025 22:07:00 GMT",Chone,,1,-80.098586065,-0.70842616,Ecuador,auto,Matched source country polygon
1073,"Mon, 05 May 2025 22:08:00 GMT",Chone,hostel,1,-80.099318007,-0.708283118,Ecuador,auto,Matched source country polygon
1074,"Tue, 06 May 2025 22:00:00 GMT",San Antonio,,1,-80.220403648,-0.690770195,Ecuador,auto,Matched source country polygon
1075,"Tue, 06 May 2025 22:01:00 GMT",San Vicente,,1,-80.407938855,-0.598314771,Unassigned,unassigned,Outside source polygons and no manual rule matched
1076,"Tue, 06 May 2025 22:02:00 GMT",San Vicente Salida,,1,-80.413515467,-0.581559604,Unassigned,unassigned,Outside source polygons and no manual rule matched
1077,"Tue, 06 May 2025 22:03:00 GMT",Canoa,,1,-80.454553284,-0.462155037,Ecuador,auto,Matched source country polygon
1078,"Tue, 06 May 2025 22:04:00 GMT",Tramonto Camping,hostel,1,-80.455462851,-0.467152126,Ecuador,auto,Matched source country polygon
1079,"Sun, 11 May 2025 08:00:00 GMT",Canoa ,,1,-80.451258038,-0.451474487,Ecuador,auto,Matched source country polygon
1080,"Sun, 11 May 2025 08:01:00 GMT",Jama,,1,-80.256253757,-0.210123085,Ecuador,auto,Matched source country polygon
1081,"Sun, 11 May 2025 08:02:00 GMT",Pedernales,,1,-80.010257007,0.080785225,Ecuador,auto,Matched source country polygon
1082,"Sun, 11 May 2025 08:04:00 GMT",La Concordia,,1,-79.390660817,-0.003807957,Ecuador,auto,Matched source country polygon
1083,"Sun, 11 May 2025 08:05:00 GMT",Santo Domingo,,1,-79.166943187,-0.23368095,Ecuador,auto,Matched source country polygon
1084,"Sun, 11 May 2025 08:06:00 GMT",Santo Domingo,,1,-79.146210306,-0.246712796,Ecuador,auto,Matched source country polygon
1085,"Sun, 11 May 2025 08:07:00 GMT",Alluriquin,,1,-79.000186063,-0.321870897,Ecuador,auto,Matched source country polygon
1086,"Sun, 11 May 2025 08:08:00 GMT",Aloag,,1,-78.588358482,-0.468468589,Ecuador,auto,Matched source country polygon
1087,"Sun, 11 May 2025 08:09:00 GMT",Machachi,,1,-78.572629537,-0.501650484,Ecuador,auto,Matched source country polygon
1088,"Sun, 11 May 2025 08:10:00 GMT",Machachi,,1,-78.549493396,-0.505517483,Ecuador,auto,Matched source country polygon
1089,"Sun, 11 May 2025 08:11:00 GMT",On the way to cotopaxi,,1,-78.512459847,-0.513697303,Ecuador,auto,Matched source country polygon
1090,"Sun, 11 May 2025 08:12:00 GMT",Santa Ana,camping,1,-78.48353968,-0.532899332,Ecuador,auto,Matched source country polygon
1091,"Mon, 12 May 2025 08:00:00 GMT",Park entrance Cotopaxi,camping,1,-78.443218916,-0.563268,Ecuador,auto,Matched source country polygon
1092,"Mon, 12 May 2025 22:00:00 GMT",Cotopaxi parking,,1,-78.438329129,-0.657296777,Ecuador,auto,Matched source country polygon
1093,"Mon, 12 May 2025 22:01:00 GMT",Cotopaxi,,1,-78.434312968,-0.66748253,Ecuador,auto,Matched source country polygon
1094,"Mon, 12 May 2025 22:04:00 GMT",Cotopaxi Refugio,,1,-78.438547283,-0.663896956,Ecuador,auto,Matched source country polygon
1095,"Mon, 12 May 2025 22:05:00 GMT",Cotopaxi Parking,,1,-78.43831721,-0.657280685,Ecuador,auto,Matched source country polygon
1096,"Mon, 12 May 2025 22:06:00 GMT",Cotopaxi,,1,-78.458102974,-0.615798414,Ecuador,auto,Matched source country polygon
1097,"Mon, 12 May 2025 22:08:00 GMT",Entrance Cotopaxi,,1,-78.443288829,-0.563551482,Ecuador,auto,Matched source country polygon
1098,"Mon, 12 May 2025 22:09:00 GMT",Santa Ana,,1,-78.483953495,-0.533373846,Ecuador,auto,Matched source country polygon
1099,"Mon, 12 May 2025 22:10:00 GMT",Machachi,,1,-78.568794778,-0.513096021,Ecuador,auto,Matched source country polygon
1100,"Mon, 12 May 2025 22:11:00 GMT",Tambillo,,1,-78.546884102,-0.407480028,Ecuador,auto,Matched source country polygon
1101,"Mon, 12 May 2025 22:12:00 GMT",Tambillo,,1,-78.539480013,-0.40427576,Ecuador,auto,Matched source country polygon
1102,"Mon, 12 May 2025 22:13:00 GMT",El Colibri,,1,-78.434478076,-0.332076952,Ecuador,auto,Matched source country polygon
1103,"Mon, 12 May 2025 22:14:00 GMT",Triangulo,,1,-78.459292679,-0.299516621,Ecuador,auto,Matched source country polygon
1104,"Mon, 12 May 2025 22:15:00 GMT",House of Mateo,couchsurfing,1,-78.472303233,-0.297810947,Ecuador,auto,Matched source country polygon
1105,"Thu, 15 May 2025 22:00:00 GMT",El Colobri,,1,-78.434107301,-0.332211387,Ecuador,auto,Matched source country polygon
1106,"Thu, 15 May 2025 22:01:00 GMT",Peaje,,1,-78.365872042,-0.313200275,Ecuador,auto,Matched source country polygon
1107,"Thu, 15 May 2025 22:02:00 GMT",Pifo,,1,-78.33086385,-0.240127018,Ecuador,auto,Matched source country polygon
1108,"Thu, 15 May 2025 22:04:00 GMT",Baeza,,1,-77.904317515,-0.461823328,Ecuador,auto,Matched source country polygon
1109,"Thu, 15 May 2025 22:06:00 GMT",El Chaco,,1,-77.811577539,-0.340901565,Ecuador,auto,Matched source country polygon
1110,"Thu, 15 May 2025 22:07:00 GMT",Nueva Loja,,1,-76.899540456,0.084081517,Ecuador,auto,Matched source country polygon
1111,"Thu, 15 May 2025 22:08:00 GMT",Nueva Loja,hostel,1,-76.881880793,0.082295168,Ecuador,auto,Matched source country polygon
1112,"Fri, 16 May 2025 22:00:00 GMT","Nueva Loja, salida",,1,-76.877750188,0.107127026,Ecuador,auto,Matched source country polygon
1113,"Fri, 16 May 2025 22:01:00 GMT",La Hormiga,,1,-76.902952266,0.427936788,Colombia,auto,Matched source country polygon
1114,"Fri, 16 May 2025 22:03:00 GMT",Yarumo,,1,-76.824631768,0.647567754,Colombia,auto,Matched source country polygon
1115,"Fri, 16 May 2025 22:04:00 GMT",Villagarzon,,1,-76.615698415,1.025214025,Colombia,auto,Matched source country polygon
1116,"Fri, 16 May 2025 22:06:00 GMT",Mocoa,,1,-76.64562569,1.144848507,Colombia,auto,Matched source country polygon
1117,"Fri, 16 May 2025 22:08:00 GMT",House of Jose,house,1,-76.646108488,1.146714951,Colombia,auto,Matched source country polygon
1118,"Sat, 17 May 2025 22:00:00 GMT",Mocoa Salida,,1,-76.64747904,1.161679069,Colombia,auto,Matched source country polygon
1119,"Sat, 17 May 2025 22:01:00 GMT",Mocoa Police Stop,,1,-76.645324888,1.193951685,Colombia,auto,Matched source country polygon
1120,"Sat, 17 May 2025 22:02:00 GMT",Pitalito,,1,-76.050090458,1.861003938,Colombia,auto,Matched source country polygon
1121,"Sat, 17 May 2025 22:04:00 GMT",Pitalito Salida,,1,-76.031474734,1.865237201,Colombia,auto,Matched source country polygon
1122,"Sat, 17 May 2025 22:05:00 GMT",Neiva,,1,-75.288572451,2.926066199,Colombia,auto,Matched source country polygon
1123,"Sat, 17 May 2025 22:07:00 GMT",Neiva Hostal,hostel,1,-75.291327378,2.928316315,Colombia,auto,Matched source country polygon
1124,"Sun, 18 May 2025 22:00:00 GMT",Neiva,,1,-75.295586726,2.92873062,Colombia,auto,Matched source country polygon
1125,"Sun, 18 May 2025 22:01:00 GMT",Neiva Peaje,,1,-75.307089829,2.977997479,Colombia,auto,Matched source country polygon
1126,"Sun, 18 May 2025 22:03:00 GMT",Espinal,,1,-74.894780963,4.148958262,Colombia,auto,Matched source country polygon
1127,"Sun, 18 May 2025 22:03:00 GMT",Espinal salida,,1,-74.875479788,4.165270743,Colombia,auto,Matched source country polygon
1128,"Sun, 18 May 2025 22:04:00 GMT",Espinal Peaje,,1,-74.860369767,4.193127742,Colombia,auto,Matched source country polygon
1129,"Sun, 18 May 2025 22:05:00 GMT",Bogota,,1,-74.141536343,4.59536425,Colombia,auto,Matched source country polygon
1130,"Sun, 18 May 2025 22:06:00 GMT",Bogota Station Trans Milenio,,1,-74.123138777,4.59379723,Colombia,auto,Matched source country polygon
1131,"Sun, 18 May 2025 22:07:00 GMT",House of Charie,house,1,-74.108021848,4.594349773,Colombia,auto,Matched source country polygon
1132,"Mon, 19 May 2025 22:00:00 GMT",Hotel El Encanto,hostel,1,-74.068870324,4.650636792,Colombia,auto,Matched source country polygon
1133,"Tue, 20 May 2025 22:00:00 GMT",Bogota airport,,1,-74.141826676,4.696572437,Colombia,auto,Matched source country polygon
1134,"Tue, 20 May 2025 22:01:00 GMT",Madrid Airport,nightbusNighttrain,1,-3.593183499,40.491455364,Spain,auto,Matched source country polygon
1135,"Wed, 21 May 2025 22:02:00 GMT",Atocha,,1,-3.689509183,40.406459449,Spain,auto,Matched source country polygon
1136,"Wed, 21 May 2025 22:04:00 GMT",Roberto apartment,couchsurfing,1,-3.701034188,40.405288493,Spain,auto,Matched source country polygon
1137,"Fri, 23 May 2025 22:00:00 GMT",Madrid Gas station,,1,-3.761282209,40.401613336,Spain,auto,Matched source country polygon
1138,"Fri, 23 May 2025 22:02:00 GMT",Mostoles,,1,-3.885748687,40.334744324,Spain,auto,Matched source country polygon
1139,"Fri, 23 May 2025 22:04:00 GMT",Rest area Madrid,,1,-3.898082967,40.316788904,Spain,auto,Matched source country polygon
1140,"Fri, 23 May 2025 22:05:00 GMT",Arroyomolino,,1,-3.932676922,40.282089402,Spain,auto,Matched source country polygon
1141,"Fri, 23 May 2025 22:06:00 GMT",Coimbra,,1,-3.937339794,40.299598781,Spain,auto,Matched source country polygon
1142,"Fri, 23 May 2025 22:08:00 GMT",Rest area las Esparteras,,1,-4.135054361,40.184416285,Spain,auto,Matched source country polygon
1143,"Fri, 23 May 2025 22:09:00 GMT",Campo,camping,1,-4.133507621,40.189843989,Spain,auto,Matched source country polygon
1144,"Sat, 24 May 2025 22:00:00 GMT",Rest area las Esperteras,,1,-4.135851198,40.183647403,Spain,auto,Matched source country polygon
1145,"Sat, 24 May 2025 22:01:00 GMT",Navalmoral de la Mata,,1,-5.549822893,39.873620906,Spain,auto,Matched source country polygon
1146,"Sat, 24 May 2025 22:02:00 GMT",Rest area before Trujilo,,1,-5.835341166,39.518522995,Spain,auto,Matched source country polygon
1147,"Sat, 24 May 2025 22:04:00 GMT",A bit before Caceres,,1,-6.285064823,39.464194773,Spain,auto,Matched source country polygon
1148,"Sat, 24 May 2025 22:06:00 GMT",Albergue Caceres,hostel,1,-6.37235106,39.47702702,Spain,auto,Matched source country polygon
1149,"Sun, 25 May 2025 22:00:00 GMT",Casar de Caceres,camping,1,-6.421861648,39.553030062,Spain,auto,Matched source country polygon
1150,"Mon, 26 May 2025 22:00:00 GMT",Canaveral,camping,1,-6.376864921,39.802195987,Spain,auto,Matched source country polygon
1151,"Tue, 27 May 2025 22:00:00 GMT",Galisteo,camping,1,-6.270469479,39.98094114,Spain,auto,Matched source country polygon
1152,"Wed, 28 May 2025 22:00:00 GMT",Olivia de Plasencia,,1,-6.08464667,40.116044593,Spain,auto,Matched source country polygon
1153,"Wed, 28 May 2025 22:02:00 GMT",Gas station,,1,-6.043036619,40.142619854,Spain,auto,Matched source country polygon
1154,"Wed, 28 May 2025 22:03:00 GMT",Ermita,,1,-6.036894361,40.140559861,Spain,auto,Matched source country polygon
1155,"Wed, 28 May 2025 22:05:00 GMT",Villar de Plasencia,,1,-6.028211605,40.137610901,Spain,auto,Matched source country polygon
1156,"Wed, 28 May 2025 22:07:00 GMT",Villars de Plasencia,house,1,-6.028600526,40.137769818,Spain,auto,Matched source country polygon
1157,"Thu, 29 May 2025 22:00:00 GMT","Villar de Plasencia, highway entrance",,1,-6.039696377,40.141997216,Spain,auto,Matched source country polygon
1158,"Thu, 29 May 2025 22:01:00 GMT",Aldeanueva del Camino,,1,-5.929983281,40.259243333,Spain,auto,Matched source country polygon
1159,"Thu, 29 May 2025 22:04:00 GMT",Banos de Montemayor,,1,-5.856081241,40.319723096,Spain,auto,Matched source country polygon
1160,"Thu, 29 May 2025 22:24:00 GMT",Puerto de Bejar,camping,1,-5.846729719,40.349538286,Spain,auto,Matched source country polygon
1161,"Fri, 30 May 2025 22:00:00 GMT",Fuenteroble de Salvatierra,camping,1,-5.731818047,40.56329221,Spain,auto,Matched source country polygon
1162,"Sat, 31 May 2025 22:00:00 GMT",San Pedro de Rozados,camping,1,-5.734846268,40.79250584,Spain,auto,Matched source country polygon
1163,"Sun, 01 Jun 2025 22:00:00 GMT",Albergue Salamanca,hostel,1,-5.66562887,40.959552521,Spain,auto,Matched source country polygon
1164,"Mon, 02 Jun 2025 22:00:00 GMT",Salamanca train station,,1,-5.64922,40.971995319,Spain,auto,Matched source country polygon
1165,"Mon, 02 Jun 2025 22:01:00 GMT",Robertos apartment,couchsurfing,1,-3.701034189,40.405288493,Spain,auto,Matched source country polygon
1166,"Tue, 03 Jun 2025 22:00:00 GMT",Atocha,,1,-3.689380359,40.406495855,Spain,auto,Matched source country polygon
1167,"Tue, 03 Jun 2025 22:01:00 GMT",Alcala de Henares,,1,-3.393036873,40.480439658,Spain,auto,Matched source country polygon
1168,"Tue, 03 Jun 2025 22:03:00 GMT",Alcala de Henares,,1,-3.398165257,40.48271644,Spain,auto,Matched source country polygon
1169,"Tue, 03 Jun 2025 22:04:00 GMT",Meco,,1,-3.289951901,40.531051683,Spain,auto,Matched source country polygon
1170,"Tue, 03 Jun 2025 22:05:00 GMT",Rest area,,1,-3.269683561,40.548382534,Spain,auto,Matched source country polygon
1171,"Tue, 03 Jun 2025 22:06:00 GMT",Rest Area,,1,-2.002611073,41.311426168,Spain,auto,Matched source country polygon
1172,"Tue, 03 Jun 2025 22:07:00 GMT",Rest area puerto de Barcelona,,1,1.977563067,41.466419158,Spain,auto,Matched source country polygon
1173,"Tue, 03 Jun 2025 22:08:00 GMT",Barcelona,,1,2.116725615,41.338435071,Spain,auto,Matched source country polygon
1174,"Tue, 03 Jun 2025 22:10:00 GMT",Rocket Hostel Barcelona,hostel,1,2.148441724,41.410012709,Spain,auto,Matched source country polygon
1175,"Wed, 04 Jun 2025 22:00:00 GMT",Cerdanyola del Valles,,1,2.147448425,41.492692913,Spain,auto,Matched source country polygon
1176,"Wed, 04 Jun 2025 22:03:00 GMT",Cerdanyola,,1,2.108790429,41.492628261,Spain,auto,Matched source country polygon
1177,"Wed, 04 Jun 2025 22:04:00 GMT",Rest area Barcelona,camping,1,2.101767807,41.491654965,Spain,auto,Matched source country polygon
1178,"Thu, 05 Jun 2025 22:00:00 GMT",Rest area,,1,2.426524136,41.647154575,Spain,auto,Matched source country polygon
1179,"Thu, 05 Jun 2025 22:01:00 GMT",Verges,,1,3.048005056,42.062273756,Spain,auto,Matched source country polygon
1180,"Thu, 05 Jun 2025 22:02:00 GMT",Perpignan Peage,,1,2.897025021,42.782043884,France,auto,Matched source country polygon
1181,"Thu, 05 Jun 2025 22:03:00 GMT",Narbonne peage,,1,2.990526701,43.164260313,France,auto,Matched source country polygon
1182,"Thu, 05 Jun 2025 22:05:00 GMT",Narbonne peage 2,,1,3.034299161,43.178775008,France,auto,Matched source country polygon
1183,"Thu, 05 Jun 2025 22:05:00 GMT",Bezier,,1,3.290193813,43.342458135,France,auto,Matched source country polygon
1184,"Thu, 05 Jun 2025 22:06:00 GMT",Crossing to Sete,,1,3.686011578,43.47551366,France,auto,Matched source country polygon
1185,"Thu, 05 Jun 2025 22:08:00 GMT",Aire Montpellier,,1,3.792825963,43.544517207,France,auto,Matched source country polygon
1186,"Thu, 05 Jun 2025 22:10:00 GMT",Montpellier,,1,3.977397714,43.66790426,France,auto,Matched source country polygon
1187,"Thu, 05 Jun 2025 22:11:00 GMT",Aubais,,1,4.140555911,43.756148411,France,auto,Matched source country polygon
1188,"Thu, 05 Jun 2025 22:12:00 GMT",Chloes house,friends,1,4.139530711,43.756386057,France,auto,Matched source country polygon
1189,"Fri, 06 Jun 2025 22:00:00 GMT",Salad Festival,camping,1,3.898029915,44.084904661,France,auto,Matched source country polygon
1190,"Sat, 07 Jun 2025 22:00:00 GMT",Chloes house,friends,1,4.139530711,43.756386056,France,auto,Matched source country polygon
1191,"Sun, 08 Jun 2025 22:00:00 GMT",Aire Ambrussum,,1,4.134138151,43.71411965,France,auto,Matched source country polygon
1192,"Sun, 08 Jun 2025 22:01:00 GMT",Aire close to Orange,,1,4.72181615,44.216582198,France,auto,Matched source country polygon
1193,"Sun, 08 Jun 2025 22:02:00 GMT",Grenoble Peage ,,1,5.621393439,45.282855121,France,auto,Matched source country polygon
1194,"Sun, 08 Jun 2025 22:03:00 GMT",Allevard,,1,6.074040679,45.394198757,France,auto,Matched source country polygon
1195,"Sun, 08 Jun 2025 22:05:00 GMT",Juliettes apartment,friends,1,6.075056699,45.393071587,France,auto,Matched source country polygon
1196,"Sun, 15 Jun 2025 22:00:00 GMT",Allevard,,1,6.067544595,45.387246535,France,auto,Matched source country polygon
1197,"Sun, 15 Jun 2025 22:01:00 GMT",Crets en Belledonne,,1,6.054381207,45.376066233,France,auto,Matched source country polygon
1198,"Sun, 15 Jun 2025 22:02:00 GMT",Peage Chambery,,1,6.00203758,45.513644484,France,auto,Matched source country polygon
1199,"Sun, 15 Jun 2025 22:03:00 GMT",Aire de l'Abis,,1,5.975334103,45.527191754,France,auto,Matched source country polygon
1200,"Sun, 15 Jun 2025 22:04:00 GMT",Border France Switzerland,,1,6.09572862,46.148333448,Switzerland,auto,Matched source country polygon
1201,"Sun, 15 Jun 2025 22:05:00 GMT",Geneva,,1,6.130118147,46.201240768,Switzerland,auto,Matched source country polygon
1202,"Sun, 15 Jun 2025 22:06:00 GMT",Geneve ourskirts,,1,6.148592029,46.22398063,Switzerland,auto,Matched source country polygon
1203,"Sun, 15 Jun 2025 22:07:00 GMT",Plage Perroy,camping,1,6.372832442,46.465413971,Switzerland,auto,Matched source country polygon
1204,"Mon, 16 Jun 2025 22:00:00 GMT",Le Pre Neuf,,1,6.400392746,46.477448185,Switzerland,auto,Matched source country polygon
1205,"Mon, 16 Jun 2025 22:01:00 GMT",Vevey,,1,6.868760652,46.47104503,Switzerland,auto,Matched source country polygon
1206,"Mon, 16 Jun 2025 22:03:00 GMT",Bern,,1,7.418599302,46.953532037,Switzerland,auto,Matched source country polygon
1207,"Mon, 16 Jun 2025 22:05:00 GMT",Bern Grauholz,,1,7.478214681,46.990087369,Switzerland,auto,Matched source country polygon
1208,"Mon, 16 Jun 2025 22:06:00 GMT",Dietikon,,1,8.392597314,47.421297855,Switzerland,auto,Matched source country polygon
1209,"Mon, 16 Jun 2025 22:07:00 GMT",Parents home,friends,1,8.464780555,47.392640522,Switzerland,auto,Matched source country polygon
1210,"Wed, 25 Jun 2025 22:00:00 GMT",Urdorf,,1,8.424448396,47.396805474,Switzerland,auto,Matched source country polygon
1211,"Wed, 25 Jun 2025 22:01:00 GMT",Affoltern am Albis,,1,8.437725106,47.272004231,Switzerland,auto,Matched source country polygon
1212,"Wed, 25 Jun 2025 22:02:00 GMT",Stansstad,,1,8.329386731,46.979536901,Switzerland,auto,Matched source country polygon
1213,"Wed, 25 Jun 2025 22:04:00 GMT",Stans,,1,8.366188431,46.95712126,Switzerland,auto,Matched source country polygon
1214,"Wed, 25 Jun 2025 22:05:00 GMT",Oberdorf,,1,8.386777045,46.958366148,Switzerland,auto,Matched source country polygon
1215,"Wed, 25 Jun 2025 22:06:00 GMT",Wolfenschiessen,,1,8.395908471,46.90800916,Switzerland,auto,Matched source country polygon
1216,"Wed, 25 Jun 2025 22:07:00 GMT",Oberrickenbach,,1,8.421335749,46.883311763,Switzerland,auto,Matched source country polygon
1217,"Wed, 25 Jun 2025 22:08:00 GMT",Chrüzhütte,,1,8.435419731,46.871795252,Switzerland,auto,Matched source country polygon
1218,"Wed, 25 Jun 2025 22:09:00 GMT",Chaiserstuel,camping,1,8.467625904,46.877249666,Switzerland,auto,Matched source country polygon
1219,"Thu, 26 Jun 2025 22:00:00 GMT",?,camping,1,8.441491992,46.846592259,Switzerland,auto,Matched source country polygon
1220,"Fri, 27 Jun 2025 22:00:00 GMT",Engelberg Brunnibahn,,1,8.41553566,46.818497674,Switzerland,auto,Matched source country polygon
1221,"Fri, 27 Jun 2025 22:03:00 GMT",Fürenalpbahn,,1,8.44927021,46.80179746,Switzerland,auto,Matched source country polygon
1222,"Fri, 27 Jun 2025 22:04:00 GMT",Fürenalp,,1,8.468223891,46.801195236,Switzerland,auto,Matched source country polygon
1223,"Fri, 27 Jun 2025 22:05:00 GMT",Wissenberg,camping,1,8.47221174,46.814101988,Switzerland,auto,Matched source country polygon
1224,"Sat, 28 Jun 2025 22:00:00 GMT",Fürenalp,,1,8.468302272,46.801096293,Switzerland,auto,Matched source country polygon
1225,"Sat, 28 Jun 2025 22:01:00 GMT",Fürenalp Bahn,,1,8.449097059,46.802038079,Switzerland,auto,Matched source country polygon
1226,"Sat, 28 Jun 2025 22:02:00 GMT",Luzern Allmend,,1,8.303301884,47.033032458,Switzerland,auto,Matched source country polygon
1227,"Sat, 28 Jun 2025 22:04:00 GMT",Luzern,,1,8.303392182,47.048660279,Switzerland,auto,Matched source country polygon
1228,"Sat, 28 Jun 2025 22:05:00 GMT",Raststätte St Katharina,,1,8.376605731,47.118796183,Switzerland,auto,Matched source country polygon
1229,"Sat, 28 Jun 2025 22:06:00 GMT",Schlieren,,1,8.448347057,47.397801121,Switzerland,auto,Matched source country polygon
1230,"Sat, 28 Jun 2025 22:07:00 GMT",Mülligen,,1,8.466726745,47.395947564,Switzerland,auto,Matched source country polygon
1231,"Sat, 28 Jun 2025 22:08:00 GMT",Parents home,friends,1,8.464780555,47.392640522,Switzerland,auto,Matched source country polygon
1232,"Sun, 29 Jun 2025 22:00:00 GMT",Border Germany Switzerland,,1,7.603688394,47.596807738,Germany,auto,Matched source country polygon
1233,"Sun, 29 Jun 2025 22:02:00 GMT",Raststatt Bühl,,1,8.132404798,48.754555122,Germany,auto,Matched source country polygon
1234,"Sun, 29 Jun 2025 22:04:00 GMT",Raststatt Bruchsal,,1,8.57043112,49.163538203,Germany,auto,Matched source country polygon
1235,"Sun, 29 Jun 2025 22:06:00 GMT",Close to Giessen,,1,8.603226756,50.529846601,Germany,auto,Matched source country polygon
1236,"Sun, 29 Jun 2025 22:07:00 GMT",Lützellinden,,1,8.626796814,50.539517978,Germany,auto,Matched source country polygon
1237,"Sun, 29 Jun 2025 22:08:00 GMT",Dutenhofen,,1,8.60245666,50.562645772,Germany,auto,Matched source country polygon
1238,"Sun, 29 Jun 2025 22:09:00 GMT",Dutenhofener See,camping,1,8.61316962,50.569651146,Germany,auto,Matched source country polygon
1239,"Mon, 30 Jun 2025 22:00:00 GMT",Dutenhofen,,1,8.626929279,50.564061969,Germany,auto,Matched source country polygon
1240,"Mon, 30 Jun 2025 22:01:00 GMT",Close to Giessen,,1,8.602999213,50.529695946,Germany,auto,Matched source country polygon
1241,"Mon, 30 Jun 2025 22:02:00 GMT",Reststop,,1,8.518799327,50.592242387,Germany,auto,Matched source country polygon
1242,"Mon, 30 Jun 2025 22:03:00 GMT",Düsseldorf,,1,6.787418925,51.224000335,Germany,auto,Matched source country polygon
1243,"Mon, 30 Jun 2025 22:06:00 GMT",Lolas home,friends,1,6.786144259,51.247346853,Germany,auto,Matched source country polygon
1244,"Wed, 02 Jul 2025 22:00:00 GMT",Düsseldorf,,1,6.79637871,51.260498877,Germany,auto,Matched source country polygon
1245,"Wed, 02 Jul 2025 22:01:00 GMT",Essen,,1,7.003927555,51.447632849,Germany,auto,Matched source country polygon
1246,"Wed, 02 Jul 2025 22:03:00 GMT",Dortmund,,1,7.45631728,51.497784726,Germany,auto,Matched source country polygon
1247,"Wed, 02 Jul 2025 22:04:00 GMT",Raststätte bei Werl,,1,7.864986141,51.532484357,Germany,auto,Matched source country polygon
1248,"Wed, 02 Jul 2025 22:05:00 GMT",Rest area,,1,8.489490584,51.594371571,Germany,auto,Matched source country polygon
1249,"Wed, 02 Jul 2025 22:06:00 GMT",Dresden,,1,13.762295429,51.120265631,Germany,auto,Matched source country polygon
1250,"Wed, 02 Jul 2025 22:08:00 GMT",Bautzen,,1,14.448012146,51.179756723,Germany,auto,Matched source country polygon
1251,"Wed, 02 Jul 2025 22:09:00 GMT",Rumburk,,1,14.559053215,50.928406088,Czechia,auto,Matched source country polygon
1252,"Wed, 02 Jul 2025 22:10:00 GMT",Jiretin,,1,14.583562664,50.874823935,Czechia,auto,Matched source country polygon
1253,"Wed, 02 Jul 2025 22:11:00 GMT",Svor,,1,14.601663434,50.789708136,Czechia,auto,Matched source country polygon
1254,"Wed, 02 Jul 2025 22:12:00 GMT",Liberec,,1,15.058130129,50.766429574,Czechia,auto,Matched source country polygon
1255,"Wed, 02 Jul 2025 22:13:00 GMT",Jablonec,camping,1,15.170509958,50.746502946,Czechia,auto,Matched source country polygon
1256,"Thu, 03 Jul 2025 22:00:00 GMT",Pec pod Snezkou,camping,1,15.72644014,50.690784886,Czechia,auto,Matched source country polygon
1257,"Fri, 04 Jul 2025 22:00:00 GMT",Bukowa Lake,camping,1,15.947381185,50.709526492,Poland,auto,Matched source country polygon
1258,"Sat, 05 Jul 2025 22:00:00 GMT",Gosias house,friends,1,18.526675924,54.378543009,Poland,auto,Matched source country polygon
1259,"Sun, 06 Jul 2025 22:00:00 GMT",Lake House Gosia,house,1,17.789069989,54.271560895,Poland,auto,Matched source country polygon
1260,"Mon, 07 Jul 2025 22:00:00 GMT",Gosias house,house,1,18.526675924,54.378543009,Poland,auto,Matched source country polygon
1261,"Tue, 08 Jul 2025 22:00:00 GMT",Park in Gdansk,camping,1,18.594056291,54.374299687,Poland,auto,Matched source country polygon
1262,"Wed, 09 Jul 2025 22:00:00 GMT",Gosias house,house,1,18.526675924,54.378543009,Poland,auto,Matched source country polygon
1263,"Thu, 10 Jul 2025 22:00:00 GMT",Rest area close to Gdansk,,1,18.274220705,54.478634408,Poland,auto,Matched source country polygon
1264,"Thu, 10 Jul 2025 22:01:00 GMT",Koszalin,,1,16.178399591,54.231908694,Poland,auto,Matched source country polygon
1265,"Thu, 10 Jul 2025 22:02:00 GMT",Koszalin,,1,16.150332956,54.210415286,Poland,auto,Matched source country polygon
1266,"Thu, 10 Jul 2025 22:03:00 GMT",Szczecin,,1,14.422121594,53.337989632,Poland,auto,Matched source country polygon
1267,"Thu, 10 Jul 2025 22:04:00 GMT",Berlin,,1,13.529096633,52.607901054,Germany,auto,Matched source country polygon
1268,"Thu, 10 Jul 2025 22:05:00 GMT",Davids parents,house,1,13.450737735,52.549914566,Germany,auto,Matched source country polygon
1269,"Sun, 13 Jul 2025 22:00:00 GMT",Berlin Wannsee,,1,13.176005441,52.419741507,Germany,auto,Matched source country polygon
1270,"Sun, 13 Jul 2025 22:01:00 GMT",Berlin,,1,13.189521987,52.419176061,Germany,auto,Matched source country polygon
1271,"Sun, 13 Jul 2025 22:02:00 GMT",Berlin,,1,13.185872395,52.402753131,Germany,auto,Matched source country polygon
1272,"Sun, 13 Jul 2025 22:04:00 GMT",Gescher,,1,7.041567906,51.937972169,Germany,auto,Matched source country polygon
1273,"Sun, 13 Jul 2025 22:05:00 GMT",Lola and Raul,friends,1,6.786144259,51.247346853,Germany,auto,Matched source country polygon
1274,"Tue, 15 Jul 2025 22:00:00 GMT",Raststätte,,1,6.889290459,51.327393682,Germany,auto,Matched source country polygon
1275,"Tue, 15 Jul 2025 22:02:00 GMT",Heek,,1,7.099728364,52.124634899,Germany,auto,Matched source country polygon
1276,"Tue, 15 Jul 2025 22:01:00 GMT",Duisburg,,1,6.887662442,51.540171847,Germany,auto,Matched source country polygon
1277,"Tue, 15 Jul 2025 22:03:00 GMT",Epe,,1,7.052960781,52.173327842,Germany,auto,Matched source country polygon
1278,"Tue, 15 Jul 2025 22:04:00 GMT",Gronau,,1,7.026706313,52.208106333,Germany,auto,Matched source country polygon
1279,"Tue, 15 Jul 2025 22:05:00 GMT",Lucia,,1,6.98766324,52.214813131,Germany,auto,Matched source country polygon
1280,"Tue, 15 Jul 2025 22:06:00 GMT",Enschede,,1,6.902976514,52.216705975,Netherlands,auto,Matched source country polygon
1281,"Tue, 15 Jul 2025 22:07:00 GMT",Enschede - Marie,friends,1,6.902335216,52.215709308,Netherlands,auto,Matched source country polygon
1282,"Wed, 16 Jul 2025 22:00:00 GMT","Liege, Maries parents",friends,1,5.682208674,50.647060701,Belgium,auto,Matched source country polygon
1283,"Thu, 17 Jul 2025 22:00:00 GMT",Aire de Tignee,,1,5.708443748,50.656255849,Belgium,auto,Matched source country polygon
1284,"Thu, 17 Jul 2025 22:01:00 GMT",Marc,,1,5.423667163,50.623556731,Belgium,auto,Matched source country polygon
1285,"Thu, 17 Jul 2025 22:02:00 GMT",Aire de Verlaine,,1,5.301209066,50.593163822,Belgium,auto,Matched source country polygon
1286,"Thu, 17 Jul 2025 22:04:00 GMT",Aire de Spy,,1,4.702345302,50.495530496,Belgium,auto,Matched source country polygon
1287,"Thu, 17 Jul 2025 22:05:00 GMT",Aire de Saint Ghislain,,1,3.805923222,50.452565892,Belgium,auto,Matched source country polygon
1288,"Thu, 17 Jul 2025 22:06:00 GMT",Saint Ghislain,,1,3.809726154,50.455206075,Belgium,auto,Matched source country polygon
1289,"Thu, 17 Jul 2025 22:07:00 GMT",Vilerot,,1,3.787206432,50.461926206,Belgium,auto,Matched source country polygon
1290,"Thu, 17 Jul 2025 22:08:00 GMT",Saint Ghislain,camping,1,3.797511311,50.452946331,Belgium,auto,Matched source country polygon
1291,"Fri, 18 Jul 2025 22:00:00 GMT",Aire de Saint Ghislain,,1,3.803400604,50.452216884,Belgium,auto,Matched source country polygon
1292,"Fri, 18 Jul 2025 22:01:00 GMT",Caen,,1,-0.298886036,49.162596362,France,auto,Matched source country polygon
1293,"Fri, 18 Jul 2025 22:03:00 GMT",Caen,,1,-0.425564296,49.164240759,France,auto,Matched source country polygon
1294,"Fri, 18 Jul 2025 22:05:00 GMT",Carpiquet,,1,-0.438144946,49.193977423,France,auto,Matched source country polygon
1295,"Fri, 18 Jul 2025 22:06:00 GMT",Centre commercial,,1,-0.459622608,49.197291163,France,auto,Matched source country polygon
1296,"Fri, 18 Jul 2025 22:07:00 GMT",Bayeux,,1,-0.724367493,49.283701145,France,auto,Matched source country polygon
1297,"Fri, 18 Jul 2025 22:08:00 GMT",Colleville,,1,-0.844737951,49.359447491,France,auto,Matched source country polygon
1298,"Fri, 18 Jul 2025 22:09:00 GMT",Omaha beach,camping,1,-0.833419804,49.358624233,France,auto,Matched source country polygon
1299,"Sat, 19 Jul 2025 22:00:00 GMT",American cemetery,,1,-0.852927594,49.355133487,France,auto,Matched source country polygon
1300,"Sat, 19 Jul 2025 22:01:00 GMT",Le cavee,,1,-0.832316787,49.312091759,France,auto,Matched source country polygon
1301,"Sat, 19 Jul 2025 22:02:00 GMT",Bayeux,,1,-0.725038653,49.253749121,France,auto,Matched source country polygon
1302,"Sat, 19 Jul 2025 22:03:00 GMT",Subles,,1,-0.749166464,49.239778487,France,auto,Matched source country polygon
1303,"Sat, 19 Jul 2025 22:05:00 GMT",La masse,,1,-0.732737515,49.249249029,France,auto,Matched source country polygon
1304,"Sat, 19 Jul 2025 22:06:00 GMT",Saint Lo,,1,-1.063488084,49.102449772,France,auto,Matched source country polygon
1305,"Sat, 19 Jul 2025 22:06:00 GMT",Aire de la Vallee de la Vire Gouvets,,1,-1.10638721,48.907479576,France,auto,Matched source country polygon
1306,"Sat, 19 Jul 2025 22:07:00 GMT",Guingamp,,1,-3.205782255,48.566074426,France,auto,Matched source country polygon
1307,"Sat, 19 Jul 2025 22:09:00 GMT",Lannion,,1,-3.436584748,48.735220721,France,auto,Matched source country polygon
1308,"Sat, 19 Jul 2025 22:10:00 GMT","Lannion, house of Denis and Yannick",camping,1,-3.434633923,48.739189811,France,auto,Matched source country polygon
1309,"Sun, 20 Jul 2025 22:00:00 GMT",Trebeurden,camping,1,-3.587514965,48.768389603,France,manual,French coastal/island points not covered by source polygons
1310,"Mon, 21 Jul 2025 22:00:00 GMT","Lannion, house of Yann",house,1,-3.450006082,48.73016155,France,auto,Matched source country polygon
1311,"Tue, 22 Jul 2025 22:00:00 GMT",Trebeurden,,1,-3.577967904,48.771966097,France,manual,French coastal/island points not covered by source polygons
1312,"Tue, 22 Jul 2025 22:01:00 GMT",Tregastel,camping,1,-3.499261498,48.837240908,France,manual,French coastal/island points not covered by source polygons
1313,"Wed, 23 Jul 2025 22:00:00 GMT",Tregastel,camping,1,-3.502786496,48.828086472,France,auto,Matched source country polygon
1314,"Thu, 24 Jul 2025 22:00:00 GMT",Perros Guirec,camping,1,-3.413901561,48.800166679,France,auto,Matched source country polygon
1315,"Fri, 25 Jul 2025 22:00:00 GMT",Nantouar,,1,-3.389585894,48.801488553,France,auto,Matched source country polygon
1316,"Fri, 25 Jul 2025 22:01:00 GMT",Louannec,,1,-3.408590235,48.793534677,France,auto,Matched source country polygon
1317,"Fri, 25 Jul 2025 22:03:00 GMT",Penvenan,,1,-3.295689463,48.811833221,France,auto,Matched source country polygon
1318,"Fri, 25 Jul 2025 22:04:00 GMT",Port Blanc,,1,-3.310180546,48.835254724,France,auto,Matched source country polygon
1319,"Fri, 25 Jul 2025 22:05:00 GMT",Port Blanc,camping,1,-3.30442989,48.835731799,France,auto,Matched source country polygon
1320,"Sat, 26 Jul 2025 22:00:00 GMT",Port Blanc,,1,-3.310196043,48.83514487,France,auto,Matched source country polygon
1321,"Sat, 26 Jul 2025 22:01:00 GMT",Penvenan,,1,-3.296731342,48.811983161,France,auto,Matched source country polygon
1322,"Sat, 26 Jul 2025 22:02:00 GMT",Porz Scaff,,1,-3.247409669,48.854898537,France,auto,Matched source country polygon
1323,"Sat, 26 Jul 2025 22:03:00 GMT",Keravel,,1,-3.230678656,48.860019349,France,auto,Matched source country polygon
1324,"Sat, 26 Jul 2025 22:04:00 GMT",Treguier,,1,-3.231217468,48.787967621,France,auto,Matched source country polygon
1325,"Sat, 26 Jul 2025 22:05:00 GMT",Treguier,,1,-3.241853227,48.780015519,France,auto,Matched source country polygon
1326,"Sat, 26 Jul 2025 22:06:00 GMT",Lannion,,1,-3.461989855,48.746570562,France,auto,Matched source country polygon
1327,"Sat, 26 Jul 2025 22:07:00 GMT","Lannion, house of Denis and Yannick",,1,-3.434633922,48.739189811,France,auto,Matched source country polygon
1328,"Sun, 27 Jul 2025 22:00:00 GMT",Lannion,,1,-3.436872456,48.734383659,France,auto,Matched source country polygon
1329,"Sun, 27 Jul 2025 22:01:00 GMT",Begard,,1,-3.291513408,48.619810616,France,auto,Matched source country polygon
1330,"Sun, 27 Jul 2025 22:02:00 GMT",Saint Brieuc,,1,-2.646657822,48.480099126,France,auto,Matched source country polygon
1331,"Sun, 27 Jul 2025 22:04:00 GMT",Saint Alban,,1,-2.543701518,48.554189209,France,auto,Matched source country polygon
1332,"Sun, 27 Jul 2025 22:05:00 GMT",Erqui,,1,-2.43822514,48.621571034,France,auto,Matched source country polygon
1333,"Sun, 27 Jul 2025 22:04:20 GMT",La Croix des Landes,,1,-2.502839201,48.575572531,France,auto,Matched source country polygon
1334,"Sun, 27 Jul 2025 22:04:50 GMT",La Couture,,1,-2.47276726,48.597934846,France,auto,Matched source country polygon
1335,"Sun, 27 Jul 2025 22:06:00 GMT",Matignon,,1,-2.291222793,48.596843978,France,auto,Matched source country polygon
1336,"Sun, 27 Jul 2025 22:07:00 GMT",Tregon,,1,-2.189296477,48.565372512,France,auto,Matched source country polygon
1337,"Sun, 27 Jul 2025 22:08:00 GMT",St Malo,,1,-1.988276205,48.62628035,France,auto,Matched source country polygon
1338,"Sun, 27 Jul 2025 22:09:00 GMT",Les Portes Rouges,,1,-1.857417783,48.62418125,France,auto,Matched source country polygon
1339,"Sun, 27 Jul 2025 22:10:00 GMT",Le Vivier sur Mer,,1,-1.779757898,48.60390159,France,auto,Matched source country polygon
1340,"Sun, 27 Jul 2025 22:11:00 GMT",L'Hebergement,,1,-1.719384441,48.604484967,France,auto,Matched source country polygon
1341,"Sun, 27 Jul 2025 22:12:00 GMT",La Fontaine au Jeune,,1,-1.60451437,48.564986397,France,auto,Matched source country polygon
1342,"Sun, 27 Jul 2025 22:13:00 GMT",Ponterson,,1,-1.509334034,48.557493684,France,auto,Matched source country polygon
1343,"Sun, 27 Jul 2025 22:14:00 GMT",Mont St Michel,,1,-1.509860818,48.612114729,France,auto,Matched source country polygon
1344,"Sun, 27 Jul 2025 22:15:00 GMT",La Greve,,1,-1.512576393,48.57592697,France,auto,Matched source country polygon
1345,"Sun, 27 Jul 2025 22:16:50 GMT",La Greve,camping,1,-1.520526163,48.576125925,France,auto,Matched source country polygon
1346,"Mon, 28 Jul 2025 22:00:00 GMT",La Greve,,1,-1.512475064,48.575881225,France,auto,Matched source country polygon
1347,"Mon, 28 Jul 2025 22:01:00 GMT",Ponterson,,1,-1.50010829,48.553973686,France,auto,Matched source country polygon
1348,"Mon, 28 Jul 2025 22:02:00 GMT",Janze,,1,-1.509015757,47.95149191,France,auto,Matched source country polygon
1349,"Mon, 28 Jul 2025 22:03:00 GMT",Retiers,,1,-1.398337092,47.907275903,France,auto,Matched source country polygon
1350,"Mon, 28 Jul 2025 22:05:00 GMT",Martigny Ferchaud,,1,-1.323940975,47.818058098,France,auto,Matched source country polygon
1351,"Mon, 28 Jul 2025 22:06:00 GMT",Chateaubriant,,1,-1.360271208,47.705960471,France,auto,Matched source country polygon
1352,"Mon, 28 Jul 2025 22:07:00 GMT",La Chapelle-Glain,,1,-1.19020845,47.61957049,France,auto,Matched source country polygon
1353,"Mon, 28 Jul 2025 22:08:00 GMT",Angers,,1,-0.339799334,47.539665037,France,auto,Matched source country polygon
1354,"Mon, 28 Jul 2025 22:09:00 GMT",Peage de Restigne,,1,0.254391768,47.270233167,France,auto,Matched source country polygon
1355,"Mon, 28 Jul 2025 22:10:00 GMT",Aire de Bourges,,1,2.242201611,47.094050228,France,auto,Matched source country polygon
1356,"Mon, 28 Jul 2025 22:12:00 GMT",Peage de Vienne,,1,4.832527259,45.473778973,France,auto,Matched source country polygon
1357,"Mon, 28 Jul 2025 22:13:00 GMT",Peage de Vienne,camping,1,4.83204476,45.475021581,France,auto,Matched source country polygon
1358,"Tue, 29 Jul 2025 22:00:00 GMT",Chanas,,1,4.809155211,45.317506014,France,auto,Matched source country polygon
1359,"Tue, 29 Jul 2025 22:01:00 GMT",Bouge Chambalud,,1,4.894814029,45.331525719,France,auto,Matched source country polygon
1360,"Tue, 29 Jul 2025 22:02:00 GMT",Beaurepaire,,1,5.053815378,45.323374285,France,auto,Matched source country polygon
1361,"Tue, 29 Jul 2025 22:04:00 GMT",Voreppe,,1,5.623840853,45.285716348,France,auto,Matched source country polygon
1362,"Tue, 29 Jul 2025 22:05:00 GMT",Aire before Grenoble,,1,5.621122876,45.282658281,France,auto,Matched source country polygon
1363,"Tue, 29 Jul 2025 22:06:00 GMT",Goncelin,,1,5.97894137,45.344513094,France,auto,Matched source country polygon
1364,"Tue, 29 Jul 2025 22:07:00 GMT",Allevard,,1,6.075939588,45.392829889,France,auto,Matched source country polygon
1365,"Tue, 29 Jul 2025 22:08:00 GMT",Allevard,camping,1,6.068487222,45.384798654,France,auto,Matched source country polygon
1366,"Wed, 30 Jul 2025 22:00:00 GMT",Allevard,,1,6.07049769,45.390082332,France,auto,Matched source country polygon
1367,"Wed, 30 Jul 2025 22:01:00 GMT",Crets en Belledonne,,1,6.051001007,45.371333529,France,auto,Matched source country polygon
1368,"Wed, 30 Jul 2025 22:02:00 GMT",Goncelin,,1,5.9634078,45.347348305,France,auto,Matched source country polygon
1369,"Wed, 30 Jul 2025 22:04:00 GMT",Peage before Chambery,,1,6.001019848,45.513899879,France,auto,Matched source country polygon
1370,"Wed, 30 Jul 2025 22:05:00 GMT",Aix les Bains,,1,5.922693062,45.653273013,France,auto,Matched source country polygon
1371,"Wed, 30 Jul 2025 22:08:00 GMT",Annemasse,,1,6.229288633,46.181664209,France,auto,Matched source country polygon
1372,"Wed, 30 Jul 2025 22:09:00 GMT",Geneva,,1,6.13177305,46.200492715,Switzerland,auto,Matched source country polygon
1373,"Wed, 30 Jul 2025 22:10:00 GMT",Maries place,friends,1,6.183781832,46.202273335,Switzerland,auto,Matched source country polygon
1374,"Thu, 31 Jul 2025 22:00:00 GMT",Parents home,friends,1,8.464780555,47.392640522,Switzerland,auto,Matched source country polygon
1375,"Thu, 07 Aug 2025 22:00:00 GMT",Brunau,,1,8.524795185,47.351438051,Switzerland,auto,Matched source country polygon
1376,"Thu, 07 Aug 2025 22:01:00 GMT",Sargans,,1,9.436668805,47.044436613,Switzerland,auto,Matched source country polygon
1377,"Thu, 07 Aug 2025 22:02:00 GMT",Buchs,,1,9.473032405,47.164279448,Switzerland,auto,Matched source country polygon
1378,"Thu, 07 Aug 2025 22:04:00 GMT",Voralp,,1,9.377436962,47.163075135,Switzerland,auto,Matched source country polygon
1379,"Thu, 07 Aug 2025 22:05:00 GMT",Voralpsee,camping,1,9.375930157,47.157355793,Switzerland,auto,Matched source country polygon
1380,"Fri, 08 Aug 2025 22:00:00 GMT",Voralp,,1,9.383168214,47.164261739,Switzerland,auto,Matched source country polygon
1381,"Fri, 08 Aug 2025 22:01:00 GMT",Buchs,,1,9.483098972,47.167840805,Switzerland,auto,Matched source country polygon
1382,"Fri, 08 Aug 2025 22:03:00 GMT",Heidiland,,1,9.510837772,47.012536532,Switzerland,auto,Matched source country polygon
1383,"Fri, 08 Aug 2025 22:04:00 GMT",Weesen,,1,9.093409748,47.12916202,Switzerland,auto,Matched source country polygon
1384,"Fri, 08 Aug 2025 22:06:00 GMT",Parents home,friends,1,8.464780555,47.392640522,Switzerland,auto,Matched source country polygon
1385,"Mon, 11 Aug 2025 22:00:00 GMT",Wald,,1,8.91625898,47.294378297,Switzerland,auto,Matched source country polygon
1386,"Mon, 11 Aug 2025 22:01:00 GMT",Wald,,1,8.917335448,47.278611515,Switzerland,auto,Matched source country polygon
1387,"Mon, 11 Aug 2025 22:04:00 GMT",Scheidegg,,1,8.943816588,47.303363362,Switzerland,auto,Matched source country polygon
1388,"Mon, 11 Aug 2025 22:03:00 GMT",Hüebli,,1,8.929311202,47.291063271,Switzerland,auto,Matched source country polygon
1389,"Mon, 11 Aug 2025 22:05:00 GMT",Hüttchopf,camping,1,8.948533701,47.313371749,Switzerland,auto,Matched source country polygon
1390,"Tue, 12 Aug 2025 22:00:00 GMT",Scheidegg,,1,8.951776193,47.296557591,Switzerland,auto,Matched source country polygon
1391,"Tue, 12 Aug 2025 22:01:00 GMT",Wald,,1,8.915584249,47.277184434,Switzerland,auto,Matched source country polygon
1392,"Tue, 12 Aug 2025 22:04:00 GMT",Wald,,1,8.91625898,47.294378297,Switzerland,auto,Matched source country polygon
1393,"Tue, 12 Aug 2025 22:05:00 GMT",Parents home,friends,1,8.464780555,47.392640522,Switzerland,auto,Matched source country polygon
1394,"Thu, 14 Aug 2025 22:00:00 GMT",Thun,,1,7.630131973,46.754935179,Switzerland,auto,Matched source country polygon
1395,"Thu, 14 Aug 2025 22:01:00 GMT",Thunerseespiele,,1,7.632194302,46.738222356,Switzerland,auto,Matched source country polygon
1396,"Thu, 14 Aug 2025 22:02:00 GMT",Bonstetterpark,,1,7.625298049,46.725555225,Switzerland,auto,Matched source country polygon
1397,"Thu, 14 Aug 2025 22:04:00 GMT",Bonstetterpark,camping,1,7.629473354,46.725601804,Switzerland,auto,Matched source country polygon
1398,"Fri, 15 Aug 2025 22:00:00 GMT",Bonstetterpark,,1,7.624714519,46.724924364,Switzerland,auto,Matched source country polygon
1399,"Fri, 15 Aug 2025 22:01:00 GMT",Spiez,,1,7.668643144,46.684714665,Switzerland,auto,Matched source country polygon
1400,"Fri, 15 Aug 2025 22:02:00 GMT",Interlaken,,1,7.874576024,46.688245769,Switzerland,auto,Matched source country polygon
1401,"Fri, 15 Aug 2025 22:05:00 GMT",Luzern,,1,8.297230109,47.066163282,Switzerland,auto,Matched source country polygon
1402,"Fri, 15 Aug 2025 22:00:00 GMT",Verkehrshaus,,1,8.335515954,47.052456618,Switzerland,auto,Matched source country polygon
1403,"Fri, 15 Aug 2025 22:06:00 GMT",Kindhausen,,1,8.371897436,47.396163803,Switzerland,auto,Matched source country polygon
1404,"Fri, 15 Aug 2025 22:07:00 GMT",Egelsee,camping,1,8.360300755,47.400863316,Switzerland,auto,Matched source country polygon
1405,"Sat, 16 Aug 2025 22:00:00 GMT",Widen,,1,8.361154293,47.364708891,Switzerland,auto,Matched source country polygon
1406,"Sat, 16 Aug 2025 22:01:00 GMT",Parents home,friends,1,8.464780555,47.392640522,Switzerland,auto,Matched source country polygon
1407,"Sun, 17 Aug 2025 22:00:00 GMT",Limmat,camping,1,8.436489196,47.404976663,Switzerland,auto,Matched source country polygon
1408,"Mon, 18 Aug 2025 22:00:00 GMT",Dietikon,,1,8.429120269,47.40206476,Switzerland,auto,Matched source country polygon
1409,"Mon, 18 Aug 2025 22:01:00 GMT",Basel Border,,1,7.56035866,47.57698636,Switzerland,auto,Matched source country polygon
1410,"Mon, 18 Aug 2025 22:02:00 GMT",Mulhouse,,1,7.379820954,47.774461852,France,auto,Matched source country polygon
1411,"Mon, 18 Aug 2025 22:03:00 GMT",Besancon,,1,6.125636726,47.328295187,France,auto,Matched source country polygon
1412,"Mon, 18 Aug 2025 22:05:00 GMT",Dole,,1,5.504670758,47.135651593,France,auto,Matched source country polygon
1413,"Mon, 18 Aug 2025 22:06:00 GMT",Dole center,,1,5.496515656,47.094505671,France,auto,Matched source country polygon
1414,"Mon, 18 Aug 2025 22:08:00 GMT",Dole,camping,1,5.505344294,47.08781551,France,auto,Matched source country polygon
1415,"Tue, 19 Aug 2025 22:00:00 GMT",Dole,,1,5.497353694,47.099499817,France,auto,Matched source country polygon
1416,"Tue, 19 Aug 2025 22:01:00 GMT",Dole peage,,1,5.5062932,47.136018948,France,auto,Matched source country polygon
1417,"Tue, 19 Aug 2025 22:02:00 GMT",Dijon,,1,4.981256149,47.333798965,France,auto,Matched source country polygon
1418,"Tue, 19 Aug 2025 22:03:00 GMT",Peage A6,,1,4.560645245,47.252589898,France,auto,Matched source country polygon
1419,"Tue, 19 Aug 2025 22:04:00 GMT",Auxerre,,1,3.670662126,47.790610521,France,auto,Matched source country polygon
1420,"Tue, 19 Aug 2025 22:05:00 GMT",Villeneuve Saint-Georges,,1,2.446799845,48.730715519,France,auto,Matched source country polygon
1421,"Tue, 19 Aug 2025 22:09:00 GMT",Yann home,friends,1,2.315396696,48.814357907,France,auto,Matched source country polygon
1422,"Thu, 21 Aug 2025 22:00:00 GMT",Airtport Paris,,1,2.542795604,49.009306058,France,auto,Matched source country polygon
1423,"Thu, 21 Aug 2025 22:01:00 GMT",Keflavik Airport,,1,-22.624572039,63.995941304,Iceland,auto,Matched source country polygon
1424,"Thu, 21 Aug 2025 22:03:00 GMT",Mariannas place,campingPaid,1,-21.509973564,64.39814224,Iceland,manual,Reykjavik-area points not covered by source polygons
1425,"Mon, 25 Aug 2025 22:00:00 GMT",Western Fjords,camping,1,-22.132692181,65.582250159,Iceland,auto,Matched source country polygon
1426,"Tue, 26 Aug 2025 22:00:00 GMT",Hot Springs,camping,1,-23.468754998,65.622667282,Iceland,auto,Matched source country polygon
1427,"Wed, 27 Aug 2025 22:00:00 GMT",Tree planting place,volunteering,1,-21.097478716,65.138028751,Iceland,auto,Matched source country polygon
1428,"Fri, 29 Aug 2025 22:00:00 GMT",Bifröst,,1,-21.548916685,64.755778627,Iceland,auto,Matched source country polygon
1429,"Fri, 29 Aug 2025 22:01:00 GMT",Campspot next to a river,camping,1,-21.555382597,64.749300316,Iceland,auto,Matched source country polygon
1430,"Sat, 30 Aug 2025 22:00:00 GMT",Bifröst,,1,-21.558663235,64.7580399,Iceland,auto,Matched source country polygon
1431,"Sat, 30 Aug 2025 22:00:20 GMT",Borganes,,1,-21.908357508,64.541380083,Iceland,manual,Reykjavik-area points not covered by source polygons
1432,"Sat, 30 Aug 2025 22:00:40 GMT",Mariannas Place,,1,-21.509973565,64.39814224,Iceland,manual,Reykjavik-area points not covered by source polygons
1433,"Sat, 30 Aug 2025 22:01:00 GMT",Hitchhike trip #1,,1,-21.836446752,64.274912378,Iceland,auto,Matched source country polygon
1434,"Sat, 30 Aug 2025 22:01:20 GMT",Hitchhike trip #2,,1,-21.732763307,64.332217439,Iceland,auto,Matched source country polygon
1435,"Sat, 30 Aug 2025 22:02:00 GMT",Hitchhike trip #3,,1,-21.57550238,64.364349183,Iceland,auto,Matched source country polygon
1436,"Sat, 30 Aug 2025 22:04:00 GMT",Hitchhike trip #4,,1,-21.608027443,64.342038884,Iceland,auto,Matched source country polygon
1437,"Sat, 30 Aug 2025 22:06:00 GMT",Hitchhike trip #5,,1,-21.837364662,64.273613613,Iceland,auto,Matched source country polygon
1438,"Sat, 30 Aug 2025 22:07:00 GMT",Hitchike trip #6,,1,-21.845978761,64.386775373,Iceland,auto,Matched source country polygon
1439,"Sat, 30 Aug 2025 22:08:00 GMT",Mariannas place,campingPaid,1,-21.509973565,64.39814224,Iceland,manual,Reykjavik-area points not covered by source polygons
1440,"Sun, 31 Aug 2025 22:00:00 GMT",Borganes,,1,-21.897976811,64.560015486,Iceland,manual,Reykjavik-area points not covered by source polygons
1441,"Sun, 31 Aug 2025 22:01:00 GMT",Grundarfoss,,1,-23.222649713,64.922490711,Iceland,auto,Matched source country polygon
1442,"Sun, 31 Aug 2025 22:02:00 GMT",Grundarfjördur,,1,-23.257256178,64.924423776,Iceland,auto,Matched source country polygon
1443,"Sun, 31 Aug 2025 22:03:00 GMT",Kirkjufell Mountain,,1,-23.312225959,64.928690568,Iceland,auto,Matched source country polygon
1444,"Sun, 31 Aug 2025 22:04:00 GMT",Olafsvik,,1,-23.707090034,64.89517652,Iceland,auto,Matched source country polygon
1445,"Sun, 31 Aug 2025 22:05:00 GMT",Laxafoss,,1,-23.785420106,64.905244667,Iceland,auto,Matched source country polygon
1446,"Sun, 31 Aug 2025 22:06:00 GMT",Laxafoss,,1,-23.810318159,64.900338008,Iceland,auto,Matched source country polygon
1447,"Sun, 31 Aug 2025 22:07:00 GMT",Laxafoss,,1,-23.785689526,64.905254778,Iceland,auto,Matched source country polygon
1448,"Sun, 31 Aug 2025 22:08:00 GMT",Hellissandur,,1,-23.884318527,64.914911756,Iceland,auto,Matched source country polygon
1449,"Sun, 31 Aug 2025 22:09:00 GMT",Olafsvik,,1,-23.706695499,64.894894833,Iceland,auto,Matched source country polygon
1450,"Sun, 31 Aug 2025 22:10:00 GMT",Borganes,,1,-21.907294593,64.540121864,Iceland,manual,Reykjavik-area points not covered by source polygons
1451,"Sun, 31 Aug 2025 22:11:00 GMT",Road to Glymur,,1,-21.843596323,64.386557427,Iceland,auto,Matched source country polygon
1452,"Sun, 31 Aug 2025 22:12:00 GMT",Mariannas place,,1,-21.509973565,64.39814224,Iceland,manual,Reykjavik-area points not covered by source polygons
1453,"Mon, 01 Sep 2025 22:00:00 GMT",Parking,,1,-21.32414989,64.211279595,Iceland,auto,Matched source country polygon
1454,"Mon, 01 Sep 2025 22:01:00 GMT",Thingvellir National Park,,1,-21.091498647,64.279197147,Iceland,auto,Matched source country polygon
1455,"Mon, 01 Sep 2025 22:02:00 GMT",Geysers,,1,-20.301069592,64.310082356,Iceland,auto,Matched source country polygon
1456,"Mon, 01 Sep 2025 22:03:00 GMT",Kerlingarfjöll,camping,1,-19.301091419,64.683051353,Iceland,auto,Matched source country polygon
1457,"Tue, 02 Sep 2025 22:00:00 GMT",Laugarvatn,,1,-20.744738669,64.2118657,Iceland,auto,Matched source country polygon
1458,"Tue, 02 Sep 2025 22:01:00 GMT",Parking,,1,-21.324992229,64.21138444,Iceland,auto,Matched source country polygon
1459,"Tue, 02 Sep 2025 22:03:00 GMT",Mariannas place,campingPaid,1,-21.509973565,64.39814224,Iceland,manual,Reykjavik-area points not covered by source polygons
1460,"Fri, 05 Sep 2025 22:00:00 GMT",Keflavik,camping,1,-22.622288718,64.059416946,Iceland,auto,Matched source country polygon
1461,"Sat, 06 Sep 2025 22:00:00 GMT",Keflavik Airport,,1,-22.625551484,63.996987425,Iceland,auto,Matched source country polygon
1462,"Sat, 06 Sep 2025 22:01:00 GMT",Paris Airport,,1,2.54347224,49.009204305,France,auto,Matched source country polygon
1463,"Sat, 06 Sep 2025 22:02:00 GMT",Yann home,friends,1,2.315396695,48.814357906,France,auto,Matched source country polygon
1464,"Sun, 07 Sep 2025 22:00:00 GMT",Le Bourget,,1,2.431389522,48.940301939,France,auto,Matched source country polygon
1465,"Sun, 07 Sep 2025 22:01:00 GMT",Peage,,1,2.699322393,49.399396006,France,auto,Matched source country polygon
1466,"Sun, 07 Sep 2025 22:02:00 GMT",Noyon,,1,3.02060342,49.570029106,France,auto,Matched source country polygon
1467,"Sun, 07 Sep 2025 22:03:00 GMT",Tergnier Auchan,,1,3.259355834,49.641935659,France,auto,Matched source country polygon
1468,"Sun, 07 Sep 2025 22:04:00 GMT",La Frette,,1,3.314927634,49.649231627,France,auto,Matched source country polygon
1469,"Sun, 07 Sep 2025 22:06:00 GMT",Tergnier,camping,1,3.316110193,49.645625463,France,auto,Matched source country polygon
1470,"Mon, 08 Sep 2025 22:00:00 GMT",Tergnier,,1,3.312772332,49.6404751,France,auto,Matched source country polygon
1471,"Mon, 08 Sep 2025 22:01:00 GMT",Beautor,,1,3.353146114,49.646791784,France,auto,Matched source country polygon
1472,"Mon, 08 Sep 2025 22:03:00 GMT",Saint Gobain,,1,3.377369512,49.597178817,France,auto,Matched source country polygon
1473,"Mon, 08 Sep 2025 22:04:00 GMT",La Frette,,1,3.317257034,49.650180991,France,auto,Matched source country polygon
1474,"Mon, 08 Sep 2025 22:07:00 GMT",Tergnier,camping,1,3.316110193,49.645625463,France,auto,Matched source country polygon
1475,"Tue, 09 Sep 2025 22:00:00 GMT",Tergnier Center,,1,3.297711244,49.655107936,France,auto,Matched source country polygon
1476,"Tue, 09 Sep 2025 22:01:00 GMT",Tergnier Auchan,,1,3.256722336,49.640569167,France,auto,Matched source country polygon
1477,"Tue, 09 Sep 2025 22:02:00 GMT",Saint Quentin,,1,3.310061313,49.823365491,France,auto,Matched source country polygon
1478,"Tue, 09 Sep 2025 22:03:00 GMT",Saint Quentin Decathlon,,1,3.251319098,49.855799176,France,auto,Matched source country polygon
1479,"Tue, 09 Sep 2025 22:04:00 GMT",Peage,,1,3.240513967,49.861710565,France,auto,Matched source country polygon
1480,"Tue, 09 Sep 2025 22:04:00 GMT",Arques,,1,2.298572256,50.732700613,France,auto,Matched source country polygon
1481,"Tue, 09 Sep 2025 22:05:00 GMT",Arques,camping,1,2.299505662,50.749890755,France,auto,Matched source country polygon
1482,"Wed, 10 Sep 2025 22:00:00 GMT",Arques,,1,2.307341612,50.745089745,France,auto,Matched source country polygon
1483,"Wed, 10 Sep 2025 22:01:00 GMT",Arques,,1,2.310259861,50.734980729,France,auto,Matched source country polygon
1484,"Wed, 10 Sep 2025 22:02:00 GMT",Annezin Lidl,,1,2.589416937,50.538789176,France,auto,Matched source country polygon
1485,"Wed, 10 Sep 2025 22:03:00 GMT",Bethune,,1,2.619920208,50.510902769,France,auto,Matched source country polygon
1486,"Wed, 10 Sep 2025 22:04:00 GMT",Cambrin,,1,2.741694868,50.511753343,France,auto,Matched source country polygon
1487,"Wed, 10 Sep 2025 22:05:00 GMT",Lille,,1,3.090351061,50.633065129,France,auto,Matched source country polygon
1488,"Wed, 10 Sep 2025 22:06:00 GMT",Lille Alicias apartment,friends,1,3.095338181,50.62833986,France,auto,Matched source country polygon
1489,"Thu, 11 Sep 2025 22:00:00 GMT",Lille,,1,3.128510553,50.605312031,France,auto,Matched source country polygon
1490,"Thu, 11 Sep 2025 22:01:00 GMT",Aire de Hellebecq,,1,3.89798877,50.683480382,Belgium,auto,Matched source country polygon
1491,"Thu, 11 Sep 2025 22:02:00 GMT",Enghien,,1,4.032173135,50.680224866,Belgium,auto,Matched source country polygon
1492,"Thu, 11 Sep 2025 22:03:00 GMT",Le Roeulx,,1,4.126810955,50.497391371,Belgium,auto,Matched source country polygon
1493,"Thu, 11 Sep 2025 22:04:00 GMT",La Louviere,,1,4.189982342,50.478053635,Belgium,auto,Matched source country polygon
1494,"Thu, 11 Sep 2025 22:05:00 GMT",Chapelle lez Herlaimont,,1,4.272475165,50.483736847,Belgium,auto,Matched source country polygon
1495,"Thu, 11 Sep 2025 22:06:00 GMT",Aire de Verlaine,,1,5.303101545,50.591558559,Belgium,auto,Matched source country polygon
1496,"Thu, 11 Sep 2025 22:07:00 GMT",La Sabliere,camping,1,5.282958156,50.575620346,Belgium,auto,Matched source country polygon
1497,"Fri, 12 Sep 2025 22:00:00 GMT",Aire de Verlaine,,1,5.305609412,50.592413351,Belgium,auto,Matched source country polygon
1498,"Fri, 12 Sep 2025 22:01:00 GMT",Aire de Tignee,,1,5.711116498,50.653087626,Belgium,auto,Matched source country polygon
1499,"Fri, 12 Sep 2025 22:02:00 GMT",Düsseldorf,,1,6.746652943,51.26984784,Germany,auto,Matched source country polygon
1500,"Fri, 12 Sep 2025 22:04:00 GMT",Lola and Raul home,friends,1,6.786144259,51.247346853,Germany,auto,Matched source country polygon
1501,"Tue, 16 Sep 2025 22:00:00 GMT",Düsseldorf Gas station,,1,6.785594685,51.202741461,Germany,auto,Matched source country polygon
1502,"Tue, 16 Sep 2025 22:01:00 GMT",Rest area close to Düsseldorf,,1,6.961408305,51.158762465,Germany,auto,Matched source country polygon
1503,"Tue, 16 Sep 2025 22:03:00 GMT",Rest area Fernthal,,1,7.434652895,50.598691608,Germany,auto,Matched source country polygon
1504,"Tue, 16 Sep 2025 22:04:00 GMT",Rest area Bad Camberg,,1,8.234471448,50.300742862,Germany,auto,Matched source country polygon
1505,"Tue, 16 Sep 2025 22:05:00 GMT",Beuerbach,,1,8.206769575,50.277875323,Germany,auto,Matched source country polygon
1506,"Tue, 16 Sep 2025 22:06:00 GMT",Beuerbacher See,camping,1,8.204462874,50.273099585,Germany,auto,Matched source country polygon
1507,"Wed, 17 Sep 2025 22:00:00 GMT",Beuerbach,,1,8.206823218,50.27789932,Germany,auto,Matched source country polygon
1508,"Wed, 17 Sep 2025 22:01:00 GMT",Rest area Bad Camberg,,1,8.233956452,50.300427612,Germany,auto,Matched source country polygon
1509,"Wed, 17 Sep 2025 22:02:00 GMT",Rest area Alsbach,,1,8.591518227,49.744502283,Germany,auto,Matched source country polygon
1510,"Wed, 17 Sep 2025 22:03:00 GMT",Rest area Sindelfingen,,1,9.035557972,48.740839422,Germany,auto,Matched source country polygon
1511,"Wed, 17 Sep 2025 22:04:00 GMT",Kirchheim,,1,9.430454199,48.64101231,Germany,auto,Matched source country polygon
1512,"Wed, 17 Sep 2025 22:05:00 GMT",Bürgersee,,1,9.414672081,48.631289224,Germany,auto,Matched source country polygon
1513,"Wed, 17 Sep 2025 22:06:00 GMT",Bürgersee,camping,1,9.417871956,48.63128479,Germany,auto,Matched source country polygon
1514,"Thu, 18 Sep 2025 22:00:00 GMT",Bürgersee,,1,9.414213424,48.631405332,Germany,auto,Matched source country polygon
1515,"Thu, 18 Sep 2025 22:01:00 GMT",Kirchheim,,1,9.428933389,48.640480603,Germany,auto,Matched source country polygon
1516,"Thu, 18 Sep 2025 22:02:00 GMT",Kempten,,1,10.329050716,47.753931913,Germany,auto,Matched source country polygon
1517,"Thu, 18 Sep 2025 22:04:00 GMT","Kempten, Jonis home",friends,1,10.305563952,47.724922841,Germany,auto,Matched source country polygon
1518,"Tue, 23 Sep 2025 22:00:00 GMT",Kempten,,1,10.325524847,47.734339145,Germany,auto,Matched source country polygon
1519,"Tue, 23 Sep 2025 22:01:00 GMT",Rest area Allgäuer Tor,,1,10.282112916,47.849402802,Germany,auto,Matched source country polygon
1520,"Tue, 23 Sep 2025 22:03:00 GMT",Mannheim,,1,8.481567777,49.481880455,Germany,auto,Matched source country polygon
1521,"Tue, 23 Sep 2025 22:04:00 GMT",Mannheim Irenes home,friends,1,8.462899602,49.4940301,Germany,auto,Matched source country polygon
1522,"Thu, 25 Sep 2025 22:00:00 GMT",Mannheim Europaplatz,,1,8.492459869,49.477144213,Germany,auto,Matched source country polygon
1523,"Thu, 25 Sep 2025 22:01:00 GMT",Rest area Wunnenstein,,1,9.262640092,49.044523341,Germany,auto,Matched source country polygon
1524,"Thu, 25 Sep 2025 22:02:00 GMT",Rest area Sindelfingen,,1,9.035232018,48.740868259,Germany,auto,Matched source country polygon
1525,"Thu, 25 Sep 2025 22:04:00 GMT",Rest area Illertal,,1,10.10995341,48.126051376,Germany,auto,Matched source country polygon
1526,"Thu, 25 Sep 2025 22:05:00 GMT","Kempten, Jonis home",friends,1,10.305563952,47.724922842,Germany,auto,Matched source country polygon
1527,"Sat, 27 Sep 2025 22:00:00 GMT","Kempten, Javis home",house,1,10.308124423,47.729717993,Germany,auto,Matched source country polygon
1528,"Tue, 30 Sep 2025 22:00:00 GMT",Kempten,,1,10.306295162,47.721993035,Germany,auto,Matched source country polygon
1529,"Tue, 30 Sep 2025 22:01:00 GMT",Wagenbühl,,1,10.245655776,47.716662571,Germany,auto,Matched source country polygon
1530,"Tue, 30 Sep 2025 22:02:00 GMT",Eglofs,,1,9.941663885,47.66449576,Germany,auto,Matched source country polygon
1531,"Tue, 30 Sep 2025 22:03:00 GMT",Neuravensburg,,1,9.756443915,47.635276463,Germany,auto,Matched source country polygon
1532,"Tue, 30 Sep 2025 22:04:00 GMT",Lindau,,1,9.712396659,47.576424223,Germany,auto,Matched source country polygon
1533,"Tue, 30 Sep 2025 22:05:00 GMT",Friedrichshafen,,1,9.448746073,47.670574087,Germany,auto,Matched source country polygon
1534,"Tue, 30 Sep 2025 22:06:00 GMT",Immenstaad,,1,9.358693434,47.665714216,Germany,auto,Matched source country polygon
1535,"Tue, 30 Sep 2025 22:07:00 GMT",Meersburg,,1,9.265921147,47.694455216,Germany,auto,Matched source country polygon
1536,"Tue, 30 Sep 2025 22:08:00 GMT",Konstanz,,1,9.208114179,47.682339895,Germany,auto,Matched source country polygon
1537,"Tue, 30 Sep 2025 22:09:00 GMT",Konstanz,,1,9.174318345,47.666302193,Switzerland,auto,Matched source country polygon
1538,"Tue, 30 Sep 2025 22:10:00 GMT",Border Germany - Switzerland,,1,9.15948574,47.656155077,Switzerland,auto,Matched source country polygon
1539,"Tue, 30 Sep 2025 22:11:00 GMT",Weiningen,,1,8.44211821,47.416306636,Switzerland,auto,Matched source country polygon
1540,"Tue, 30 Sep 2025 22:13:00 GMT",Mülligen,,1,8.466708691,47.395982413,Switzerland,auto,Matched source country polygon
1541,"Tue, 30 Sep 2025 22:14:00 GMT","Schlieren, Gardenhouse",friends,1,8.465045722,47.393768168,Switzerland,auto,Matched source country polygon
1542,"Wed, 01 Oct 2025 22:00:00 GMT",Altstetten,,1,8.488154329,47.39103376,Switzerland,auto,Matched source country polygon
1543,"Wed, 01 Oct 2025 22:01:00 GMT",Wald Bahnhof,,1,8.913863646,47.272792443,Switzerland,auto,Matched source country polygon
1544,"Wed, 01 Oct 2025 22:03:00 GMT","Wald, Parents home",friends,1,8.916248129,47.294380265,Switzerland,auto,Matched source country polygon
1545,"Thu, 02 Oct 2025 22:00:00 GMT",Wald,,1,8.913863646,47.272792443,Switzerland,auto,Matched source country polygon
1546,"Thu, 02 Oct 2025 22:01:00 GMT",Altstetten,,1,8.488154329,47.39103376,Switzerland,auto,Matched source country polygon
1547,"Thu, 02 Oct 2025 22:02:00 GMT","Schlieren, Gardenhouse",friends,1,8.465045722,47.393768168,Switzerland,auto,Matched source country polygon
1548,"Sun, 05 Oct 2025 22:00:00 GMT",Wipkingen,,1,8.524347418,47.392505847,Switzerland,auto,Matched source country polygon
1549,"Sun, 05 Oct 2025 22:01:00 GMT",Kempthal,,1,8.70131956,47.450796482,Switzerland,auto,Matched source country polygon
1550,"Sun, 05 Oct 2025 22:02:00 GMT",Henggart,,1,8.689002848,47.564451331,Switzerland,auto,Matched source country polygon
1551,"Sun, 05 Oct 2025 22:03:00 GMT",Hettlingen,,1,8.712230764,47.548391894,Switzerland,auto,Matched source country polygon
1552,"Sun, 05 Oct 2025 22:04:00 GMT",Hettlingen,,1,8.709755086,47.544284833,Switzerland,auto,Matched source country polygon
1553,"Sun, 05 Oct 2025 22:05:00 GMT",Winterthur,,1,8.725210774,47.501084146,Switzerland,auto,Matched source country polygon
1554,"Sun, 05 Oct 2025 22:06:00 GMT",Winterthur Seen,,1,8.764725072,47.4795473,Switzerland,auto,Matched source country polygon
1555,"Sun, 05 Oct 2025 22:07:00 GMT",Turbenthal,,1,8.845792352,47.432984662,Switzerland,auto,Matched source country polygon
1556,"Sun, 05 Oct 2025 22:08:00 GMT",Bauma,,1,8.881497929,47.366870501,Switzerland,auto,Matched source country polygon
1557,"Sun, 05 Oct 2025 22:09:00 GMT","Wald, parents home",friends,1,8.916248129,47.294380265,Switzerland,auto,Matched source country polygon
1558,"Tue, 07 Oct 2025 22:00:00 GMT","Schlieren, Gardenhouse",friends,1,8.465045722,47.393768168,Switzerland,auto,Matched source country polygon
1559,"Wed, 08 Oct 2025 22:00:00 GMT",Dietikon,,1,8.411427659,47.400006335,Switzerland,auto,Matched source country polygon
1560,"Wed, 08 Oct 2025 22:01:00 GMT",Silbern,,1,8.392957962,47.418474224,Switzerland,auto,Matched source country polygon
1561,"Wed, 08 Oct 2025 22:02:00 GMT",Würenlos,,1,8.347277255,47.439159857,Switzerland,auto,Matched source country polygon
1562,"Wed, 08 Oct 2025 22:03:00 GMT",Oftringen,,1,7.89444986,47.313762443,Switzerland,auto,Matched source country polygon
1563,"Wed, 08 Oct 2025 22:04:00 GMT",Gunzgen,,1,7.829808623,47.310323551,Switzerland,auto,Matched source country polygon
1564,"Wed, 08 Oct 2025 22:05:00 GMT",Grauholz,,1,7.476191551,46.990224366,Switzerland,auto,Matched source country polygon
1565,"Wed, 08 Oct 2025 22:06:00 GMT","Grauholz, other side",,1,7.478168339,46.990025854,Switzerland,auto,Matched source country polygon
1566,"Wed, 08 Oct 2025 22:07:00 GMT",Biel,,1,7.227604419,47.133904734,Switzerland,auto,Matched source country polygon
1567,"Wed, 08 Oct 2025 22:07:30 GMT",Neuchatel,,1,6.886556182,46.986255781,Switzerland,auto,Matched source country polygon
1568,"Wed, 08 Oct 2025 22:08:00 GMT",Les Verrieres,,1,6.479450497,46.904026656,Switzerland,auto,Matched source country polygon
1569,"Wed, 08 Oct 2025 22:10:00 GMT",Les Cotes,camping,1,6.467552217,46.910487822,Switzerland,auto,Matched source country polygon
1570,"Thu, 09 Oct 2025 22:00:00 GMT",Border Switzerland - France,,1,6.462119663,46.901491024,Switzerland,auto,Matched source country polygon
1571,"Thu, 09 Oct 2025 22:01:00 GMT",Les Anges,,1,6.377619361,46.872307584,France,auto,Matched source country polygon
1572,"Thu, 09 Oct 2025 22:02:00 GMT",Pontarlier,,1,6.331463908,46.910660739,France,auto,Matched source country polygon
1573,"Thu, 09 Oct 2025 22:04:00 GMT",Chaffois,,1,6.267069434,46.909194864,France,auto,Matched source country polygon
1574,"Thu, 09 Oct 2025 22:05:00 GMT",Censeau,,1,6.057814215,46.817307226,France,auto,Matched source country polygon
1575,"Thu, 09 Oct 2025 22:06:00 GMT",Chalon-sur Saone,,1,4.829606299,46.802941849,France,auto,Matched source country polygon
1576,"Thu, 09 Oct 2025 22:07:00 GMT",Chalon-sur-Saone,,1,4.833382844,46.757331028,France,auto,Matched source country polygon
1577,"Thu, 09 Oct 2025 22:08:00 GMT",Montseau-les-Mines,,1,4.357703806,46.687984949,France,auto,Matched source country polygon
1578,"Thu, 09 Oct 2025 22:09:00 GMT",Digoin,,1,4.001828311,46.470453077,France,auto,Matched source country polygon
1579,"Thu, 09 Oct 2025 22:10:00 GMT",Aire des Volcans,,1,3.110165475,46.058993965,France,auto,Matched source country polygon
1580,"Thu, 09 Oct 2025 22:11:00 GMT",Aire des Volcans,camping,1,3.111849902,46.060283783,France,auto,Matched source country polygon
1581,"Fri, 10 Oct 2025 22:00:00 GMT",Aire des Volcans,,1,3.114735959,46.05753474,France,auto,Matched source country polygon
1582,"Fri, 10 Oct 2025 22:01:00 GMT",Aire de Bourges,,1,2.241381798,47.095929116,France,auto,Matched source country polygon
1583,"Fri, 10 Oct 2025 22:02:00 GMT",Tours peage,,1,0.734366402,47.312151285,France,auto,Matched source country polygon
1584,"Fri, 10 Oct 2025 22:04:00 GMT",Tours centre,,1,0.711020439,47.396813162,France,auto,Matched source country polygon
1585,"Fri, 10 Oct 2025 22:04:00 GMT",Saint-Pierre-des-Corps,,1,0.741790741,47.400409808,France,auto,Matched source country polygon
1586,"Fri, 10 Oct 2025 22:06:00 GMT",Juliette parents home,friends,1,0.742716103,47.399578298,France,auto,Matched source country polygon
1587,"Mon, 13 Oct 2025 22:00:00 GMT",Tours,,1,0.721634798,47.4068396,France,auto,Matched source country polygon
1588,"Mon, 13 Oct 2025 22:01:00 GMT",Blois Peage,,1,1.346384022,47.62113909,France,auto,Matched source country polygon
1589,"Mon, 13 Oct 2025 22:03:00 GMT",Blois,,1,1.290057632,47.632661305,France,auto,Matched source country polygon
1590,"Mon, 13 Oct 2025 22:04:00 GMT",La Chapelle Vendomoise,,1,1.230970372,47.673694132,France,auto,Matched source country polygon
1591,"Mon, 13 Oct 2025 22:05:00 GMT",Vendome,,1,1.046734802,47.798221882,France,auto,Matched source country polygon
1592,"Mon, 13 Oct 2025 22:06:00 GMT",Epuisay,,1,0.93234485,47.898528171,France,auto,Matched source country polygon
1593,"Mon, 13 Oct 2025 22:07:00 GMT",La Ferte Bernard,,1,0.687727389,48.149932491,France,auto,Matched source country polygon
1594,"Mon, 13 Oct 2025 22:08:00 GMT",Rennes,,1,-1.66289622,48.103340847,France,auto,Matched source country polygon
1595,"Mon, 13 Oct 2025 22:09:00 GMT",Brest Train station,,1,-4.480227574,48.387713815,France,auto,Matched source country polygon
1596,"Mon, 13 Oct 2025 22:10:00 GMT",Brest Marina,,1,-4.487727033,48.377452958,France,manual,French coastal/island points not covered by source polygons
1597,"Mon, 13 Oct 2025 22:11:00 GMT",Bay of Biscay,boat,1,-4.863912212,48.260979843,At sea,manual,Bay of Biscay boat transit night
1598,"Tue, 14 Oct 2025 22:00:00 GMT",Bay of Biscay,boat,1,-6.786518292,46.471630531,At sea,manual,Bay of Biscay boat transit night
1599,"Wed, 15 Oct 2025 22:00:00 GMT",Bay of Biscay,boat,1,-8.632222759,44.374617365,At sea,manual,Bay of Biscay boat transit night
1600,"Thu, 16 Oct 2025 22:00:00 GMT",Camarinas,boat,1,-9.182364111,43.127741803,Spain,manual,Spanish Galician coastal point not covered by source polygons
1601,"Fri, 17 Oct 2025 22:00:00 GMT",Baiona,boat,1,-8.846093419,42.121865388,Spain,auto,Matched source country polygon
1602,"Sat, 18 Oct 2025 22:00:00 GMT",Porto,boat,1,-8.650978636,41.143081127,Portugal,auto,Matched source country polygon
1603,"Tue, 21 Oct 2025 22:00:00 GMT",Porto,hostel,1,-8.603729012,41.159571535,Portugal,auto,Matched source country polygon
1604,"Mon, 20 Oct 2025 22:00:00 GMT",Porto,hostel,1,-8.603729012,41.159571535,Portugal,auto,Matched source country polygon
1605,"Wed, 22 Oct 2025 22:00:00 GMT",Porto,,1,-8.599984658,41.11082575,Portugal,auto,Matched source country polygon
1606,"Wed, 22 Oct 2025 22:01:00 GMT",Porto rest area,,1,-8.598525536,41.100704396,Portugal,auto,Matched source country polygon
1607,"Wed, 22 Oct 2025 22:02:00 GMT",Rest area Coimbra,,1,-8.493339775,40.332140807,Portugal,auto,Matched source country polygon
1608,"Wed, 22 Oct 2025 22:03:00 GMT",Rest area Santarem,,1,-8.639444968,39.391879273,Portugal,auto,Matched source country polygon
1609,"Wed, 22 Oct 2025 22:04:00 GMT",Rest area Montijo,,1,-8.66999173,38.72542091,Portugal,auto,Matched source country polygon
1610,"Wed, 22 Oct 2025 22:05:00 GMT",Exit Aljustrel,,1,-8.235914004,37.896443178,Portugal,auto,Matched source country polygon
1611,"Wed, 22 Oct 2025 22:06:00 GMT",Aljustrel,,1,-8.16737821,37.875070983,Portugal,auto,Matched source country polygon
1612,"Wed, 22 Oct 2025 22:07:00 GMT","Aljustrel, Molinos",camping,1,-8.159052633,37.873624919,Portugal,auto,Matched source country polygon
1613,"Thu, 23 Oct 2025 22:00:00 GMT",Aljustrel,,1,-8.170081876,37.871861232,Portugal,auto,Matched source country polygon
1614,"Thu, 23 Oct 2025 22:01:00 GMT",Messajana,,1,-8.23908976,37.832062229,Portugal,auto,Matched source country polygon
1615,"Thu, 23 Oct 2025 22:02:00 GMT",Odemiras,,1,-8.664359363,37.590539095,Portugal,auto,Matched source country polygon
1616,"Thu, 23 Oct 2025 22:03:00 GMT",Odeceixe,,1,-8.766390616,37.433641862,Portugal,auto,Matched source country polygon
1617,"Thu, 23 Oct 2025 22:04:00 GMT",Praia de Odeceixe,,1,-8.799542718,37.438974763,Portugal,auto,Matched source country polygon
1618,"Thu, 23 Oct 2025 22:05:00 GMT",Aljezur,,1,-8.803555273,37.316558958,Portugal,auto,Matched source country polygon
1619,"Thu, 23 Oct 2025 22:07:00 GMT",Carrapateira,,1,-8.895437046,37.183400595,Portugal,auto,Matched source country polygon
1620,"Thu, 23 Oct 2025 22:08:00 GMT",Carrapateira beach,,1,-8.901166245,37.168718461,Portugal,auto,Matched source country polygon
1621,"Thu, 23 Oct 2025 22:09:00 GMT",Carrapateira beach,camping,1,-8.901843502,37.163980355,Portugal,auto,Matched source country polygon
1622,"Fri, 24 Oct 2025 22:00:00 GMT",Carrapateira beach,,1,-8.900969102,37.168900404,Portugal,auto,Matched source country polygon
1623,"Fri, 24 Oct 2025 22:01:00 GMT",Carrapateira,,1,-8.89508433,37.183424368,Portugal,auto,Matched source country polygon
1624,"Fri, 24 Oct 2025 22:02:00 GMT",Aljezur,,1,-8.790966413,37.31270239,Portugal,auto,Matched source country polygon
1625,"Fri, 24 Oct 2025 22:03:00 GMT",Picota,,1,-8.530931624,37.308217068,Portugal,auto,Matched source country polygon
1626,"Fri, 24 Oct 2025 22:04:00 GMT",Picota,camping,1,-8.531500253,37.307719985,Portugal,auto,Matched source country polygon
1627,"Sat, 25 Oct 2025 22:00:00 GMT",Monchique,,1,-8.556004916,37.311509887,Portugal,auto,Matched source country polygon
1628,"Sat, 25 Oct 2025 22:02:00 GMT",Portimao,,1,-8.532755528,37.118251995,Portugal,auto,Matched source country polygon
1629,"Sat, 25 Oct 2025 22:03:00 GMT",Portimao,,1,-8.563783328,37.122820277,Portugal,auto,Matched source country polygon
1630,"Sat, 25 Oct 2025 22:04:00 GMT",Portimao beaches,camping,1,-8.566822271,37.116732387,Portugal,manual,Portuguese coastal points not covered by source polygons
1631,"Mon, 27 Oct 2025 23:00:00 GMT",Portimao,,1,-8.563314102,37.122731377,Portugal,auto,Matched source country polygon
1632,"Mon, 27 Oct 2025 23:01:00 GMT",Portimao salida,,1,-8.54084255,37.147584765,Portugal,auto,Matched source country polygon
1633,"Mon, 27 Oct 2025 23:02:00 GMT",Malheiro,,1,-8.534120935,37.161687456,Portugal,auto,Matched source country polygon
1634,"Mon, 27 Oct 2025 23:03:00 GMT",Monchique,,1,-8.554891948,37.319392925,Portugal,auto,Matched source country polygon
1635,"Mon, 27 Oct 2025 23:04:00 GMT",Nave Redonda,,1,-8.483931415,37.403708721,Portugal,auto,Matched source country polygon
1636,"Mon, 27 Oct 2025 23:05:00 GMT",Pereiras gare,volunteering,1,-8.433473696,37.438422246,Portugal,auto,Matched source country polygon
1637,"Thu, 30 Oct 2025 23:00:00 GMT",Pereiras gare,,1,-8.4457904,37.434213854,Portugal,auto,Matched source country polygon
1638,"Thu, 30 Oct 2025 23:01:00 GMT",Viradouro,,1,-8.486495625,37.485690752,Portugal,auto,Matched source country polygon
1639,"Thu, 30 Oct 2025 23:03:00 GMT",Boavista,,1,-8.668649804,37.576719958,Portugal,auto,Matched source country polygon
1640,"Thu, 30 Oct 2025 23:04:00 GMT",Carrapateira,,1,-8.895629018,37.183792781,Portugal,auto,Matched source country polygon
1641,"Thu, 30 Oct 2025 23:05:00 GMT",Vola do Bispo,,1,-8.908889859,37.080198857,Portugal,auto,Matched source country polygon
1642,"Thu, 30 Oct 2025 23:06:00 GMT",Budens,,1,-8.827146857,37.086476905,Portugal,auto,Matched source country polygon
1643,"Thu, 30 Oct 2025 23:07:00 GMT",Lagos,,1,-8.67096717,37.086378489,Portugal,manual,Portuguese coastal points not covered by source polygons
1644,"Thu, 30 Oct 2025 23:08:00 GMT",Lagos beaches,camping,1,-8.667652631,37.084028827,Portugal,manual,Portuguese coastal points not covered by source polygons
1645,"Fri, 31 Oct 2025 23:00:00 GMT",Lagos,,1,-8.67751105,37.096056961,Portugal,auto,Matched source country polygon
1646,"Fri, 31 Oct 2025 23:01:00 GMT",Lagos outskirts,,1,-8.697101897,37.108900812,Portugal,auto,Matched source country polygon
1647,"Fri, 31 Oct 2025 23:02:00 GMT",Aqua Portimao,,1,-8.542396489,37.148008622,Portugal,auto,Matched source country polygon
1648,"Fri, 31 Oct 2025 23:03:00 GMT",Alvor,,1,-8.575097982,37.122006917,Portugal,manual,Portuguese coastal points not covered by source polygons
1649,"Fri, 31 Oct 2025 23:05:00 GMT",Portimao Beach,camping,1,-8.566907665,37.116650256,Portugal,manual,Portuguese coastal points not covered by source polygons
1650,"Mon, 03 Nov 2025 23:00:00 GMT",Alvor,,1,-8.573226949,37.121156608,Portugal,manual,Portuguese coastal points not covered by source polygons
1651,"Mon, 03 Nov 2025 23:01:00 GMT",Portimao,,1,-8.548668643,37.144169682,Portugal,auto,Matched source country polygon
1652,"Mon, 03 Nov 2025 23:03:00 GMT",Lagos,,1,-8.677371761,37.110111595,Portugal,auto,Matched source country polygon
1653,"Mon, 03 Nov 2025 23:05:00 GMT",Lagos marina,boat,1,-8.674652,37.109534062,Portugal,auto,Matched source country polygon
1654,"Wed, 05 Nov 2025 23:00:00 GMT",Bay of Huelva,boat,1,-7.157176157,36.782997176,At sea,manual,Boat transit night outside a country polygon
1655,"Thu, 06 Nov 2025 23:00:00 GMT",Cadiz,boat,1,-6.283870193,36.541288235,Spain,manual,Spanish coastal points not covered by source polygons
1656,"Fri, 07 Nov 2025 23:00:00 GMT",La Linea de la Conception,boat,1,-5.355094224,36.15868266,Spain,auto,Matched source country polygon
1657,"Sun, 09 Nov 2025 23:00:00 GMT",La Linea de la Conception,,1,-5.348860091,36.177979061,Spain,auto,Matched source country polygon
1658,"Sun, 09 Nov 2025 23:01:00 GMT",Entry highway,,1,-5.342900238,36.237010553,Spain,auto,Matched source country polygon
1659,"Sun, 09 Nov 2025 23:02:00 GMT",Torrguadiaro,,1,-5.282608227,36.296657689,Spain,auto,Matched source country polygon
1660,"Sun, 09 Nov 2025 23:04:00 GMT",Estepona,,1,-5.188087186,36.407757781,Spain,manual,Spanish coastal points not covered by source polygons
1661,"Sun, 09 Nov 2025 23:05:00 GMT",Rest area before Malaga,,1,-4.527512679,36.612259932,Spain,auto,Matched source country polygon
1662,"Sun, 09 Nov 2025 23:07:00 GMT",Torremolinos,camping,1,-4.525442013,36.61507598,Spain,auto,Matched source country polygon
1663,"Mon, 10 Nov 2025 23:00:00 GMT",Rest area before Malaga,,1,-4.527072796,36.612862764,Spain,auto,Matched source country polygon
1664,"Mon, 10 Nov 2025 23:01:00 GMT",Rest area after Malaga,,1,-4.424408567,36.768594849,Spain,auto,Matched source country polygon
1665,"Mon, 10 Nov 2025 23:02:00 GMT",Rest area in Loja,,1,-4.168799464,37.16448942,Spain,auto,Matched source country polygon
1666,"Mon, 10 Nov 2025 23:03:00 GMT",Huetor Tajar,,1,-4.032725639,37.188908142,Spain,auto,Matched source country polygon
1667,"Mon, 10 Nov 2025 23:04:00 GMT",Huetor Tajar,,1,-4.055685346,37.198634109,Spain,auto,Matched source country polygon
1668,"Mon, 10 Nov 2025 23:06:00 GMT",La Fabrica,,1,-4.067873311,37.21545075,Spain,auto,Matched source country polygon
1669,"Mon, 10 Nov 2025 23:07:00 GMT",Middle of nowhere,,1,-4.08353742,37.261036768,Spain,auto,Matched source country polygon
1670,"Mon, 10 Nov 2025 23:08:00 GMT",Montefrio,,1,-4.008585763,37.322679638,Spain,auto,Matched source country polygon
1671,"Mon, 10 Nov 2025 23:09:00 GMT",Montefrio,camping,1,-4.010098452,37.315619064,Spain,auto,Matched source country polygon
1672,"Tue, 11 Nov 2025 23:00:00 GMT",Montefrio,,1,-4.010817287,37.323281067,Spain,auto,Matched source country polygon
1673,"Tue, 11 Nov 2025 23:01:00 GMT",Gas station,,1,-4.036767771,37.31986544,Spain,auto,Matched source country polygon
1674,"Tue, 11 Nov 2025 23:02:00 GMT",Huetor Tajar,,1,-4.046858241,37.192686196,Spain,auto,Matched source country polygon
1675,"Tue, 11 Nov 2025 23:04:00 GMT",Loja,camping,1,-4.151239088,37.161432065,Spain,auto,Matched source country polygon
1676,"Wed, 12 Nov 2025 23:00:00 GMT",Rest area before Loja,,1,-4.169574669,37.165569182,Spain,auto,Matched source country polygon
1677,"Wed, 12 Nov 2025 23:01:00 GMT",Salinas,,1,-4.288240971,37.130470777,Spain,auto,Matched source country polygon
1678,"Wed, 12 Nov 2025 23:03:00 GMT",Salinas,,1,-4.301807589,37.130066613,Spain,auto,Matched source country polygon
1679,"Wed, 12 Nov 2025 23:04:00 GMT",Iznajar,,1,-4.304825054,37.256872143,Spain,auto,Matched source country polygon
1680,"Wed, 12 Nov 2025 23:06:00 GMT",Iznajar,,1,-4.309760318,37.261090487,Spain,auto,Matched source country polygon
1681,"Wed, 12 Nov 2025 23:06:00 GMT",Rute,,1,-4.37508502,37.328973775,Spain,auto,Matched source country polygon
1682,"Wed, 12 Nov 2025 23:07:00 GMT",Cabra,,1,-4.445959733,37.471607962,Spain,auto,Matched source country polygon
1683,"Wed, 12 Nov 2025 23:09:00 GMT",Dona Mencia,house,1,-4.356086955,37.552485318,Spain,auto,Matched source country polygon
1684,"Fri, 14 Nov 2025 23:00:00 GMT",Rest area before Lucena,,1,-4.552167162,37.439574058,Spain,auto,Matched source country polygon
1685,"Fri, 14 Nov 2025 23:01:00 GMT",Malaga,,1,-4.46019958,36.720255191,Spain,auto,Matched source country polygon
1686,"Fri, 14 Nov 2025 23:03:00 GMT",Rincon de la Victoria,airbnb,1,-4.285005732,36.715467074,Spain,manual,Spanish coastal points not covered by source polygons
1687,"Sat, 15 Nov 2025 23:00:00 GMT",RIncon de la Victoria,,1,-4.265575808,36.71266007,Spain,manual,Spanish coastal points not covered by source polygons
1688,"Sat, 15 Nov 2025 23:01:00 GMT",Torre del Mar,,1,-4.121069114,36.73051628,Spain,auto,Matched source country polygon
1689,"Sat, 15 Nov 2025 23:04:00 GMT",Torre del Mar,camping,1,-4.116300147,36.724835552,Spain,manual,Spanish coastal points not covered by source polygons
1690,"Sun, 16 Nov 2025 23:00:00 GMT",Torre del Mar,,1,-4.131881099,36.726723084,Spain,auto,Matched source country polygon
1691,"Sun, 16 Nov 2025 23:01:00 GMT","Los Puertas, entry highway",,1,-4.1797183,36.745902117,Spain,auto,Matched source country polygon
1692,"Sun, 16 Nov 2025 23:02:00 GMT",Rest area before La Roda,,1,-4.693291586,37.133154086,Spain,auto,Matched source country polygon
1693,"Sun, 16 Nov 2025 23:05:00 GMT",Sevilla,,1,-5.997167031,37.368644244,Spain,auto,Matched source country polygon
1694,"Sun, 16 Nov 2025 23:06:00 GMT","Sevilla, port",camping,1,-5.994136135,37.36513329,Spain,auto,Matched source country polygon
1695,"Mon, 17 Nov 2025 23:00:00 GMT",Sevilla,camping,1,-6.016675309,37.389971041,Spain,auto,Matched source country polygon
1696,"Wed, 19 Nov 2025 23:00:00 GMT","Sevilla, parque Alamillo",camping,1,-5.996226147,37.417416343,Spain,auto,Matched source country polygon
1697,"Thu, 20 Nov 2025 23:00:00 GMT",Manu's apartment,house,1,-5.978652323,37.405217297,Spain,auto,Matched source country polygon
1698,"Fri, 21 Nov 2025 23:00:00 GMT","Sevilla, salida",,1,-6.010034164,37.390187333,Spain,auto,Matched source country polygon
1699,"Fri, 21 Nov 2025 23:01:00 GMT",Gas station before Huelva,,1,-6.789330985,37.334037974,Spain,auto,Matched source country polygon
1700,"Fri, 21 Nov 2025 23:02:00 GMT",Rest area before Albufeira,,1,-8.110628795,37.137472101,Portugal,auto,Matched source country polygon
1701,"Fri, 21 Nov 2025 23:05:00 GMT",Lagos,,1,-8.688189426,37.086242823,Portugal,auto,Matched source country polygon
1702,"Fri, 21 Nov 2025 23:06:00 GMT","Lagos, apartment of Vim",house,1,-8.691362482,37.088633872,Portugal,auto,Matched source country polygon
1703,"Sun, 23 Nov 2025 23:00:00 GMT",Lagos,,1,-8.671796326,37.10842741,Portugal,auto,Matched source country polygon
1704,"Sun, 23 Nov 2025 23:01:00 GMT",Portimao,,1,-8.537678706,37.14454306,Portugal,auto,Matched source country polygon
1705,"Sun, 23 Nov 2025 23:03:00 GMT",Portimao Hotel La Perla,hostel,1,-8.537948716,37.144193135,Portugal,auto,Matched source country polygon
1706,"Tue, 25 Nov 2025 23:00:00 GMT",Portimao,,1,-8.539556253,37.149988422,Portugal,auto,Matched source country polygon
1707,"Tue, 25 Nov 2025 23:01:00 GMT",Rest area Silves Sur,,1,-8.428303615,37.151410093,Portugal,auto,Matched source country polygon
1708,"Tue, 25 Nov 2025 23:02:00 GMT",Albufeira,,1,-8.247200946,37.117043072,Portugal,auto,Matched source country polygon
1709,"Tue, 25 Nov 2025 23:04:00 GMT",Albufeira gas station,,1,-8.255009751,37.095986458,Portugal,auto,Matched source country polygon
1710,"Tue, 25 Nov 2025 23:05:00 GMT",Albufeira bus terminal,,1,-8.244953196,37.099174735,Portugal,auto,Matched source country polygon
1711,"Tue, 25 Nov 2025 23:06:00 GMT",Lisbon Siete Rios,,1,-9.166265395,38.74178021,Portugal,auto,Matched source country polygon
1712,"Tue, 25 Nov 2025 23:07:00 GMT",Lisbon Park Monsanto,camping,1,-9.176119831,38.737106408,Portugal,auto,Matched source country polygon
1713,"Wed, 26 Nov 2025 23:00:00 GMT",Lisbon Siete Rios,,1,-9.166023994,38.741732095,Portugal,auto,Matched source country polygon
1714,"Wed, 26 Nov 2025 23:01:00 GMT",Madrid Sur,,1,-3.677803903,40.394489832,Spain,auto,Matched source country polygon
1715,"Wed, 26 Nov 2025 23:04:00 GMT",Madrid apartment de Guillermo,house,1,-3.710007402,40.42400754,Spain,auto,Matched source country polygon
1716,"Thu, 27 Nov 2025 23:00:00 GMT",Madrid airport,,1,-3.593354568,40.491346853,Spain,auto,Matched source country polygon
1717,"Thu, 27 Nov 2025 23:02:00 GMT","Santiago de Chile, airport",,1,-70.793662805,-33.40091945,Chile,auto,Matched source country polygon
1718,"Thu, 27 Nov 2025 23:04:00 GMT",Santiago house of family of Javi,house,1,-70.629998368,-33.444418677,Chile,auto,Matched source country polygon
1719,"Sun, 30 Nov 2025 23:00:00 GMT",Curico,,1,-71.252044488,-35.030959401,Chile,auto,Matched source country polygon
1720,"Sun, 30 Nov 2025 23:01:00 GMT",Parral,,1,-71.813523762,-36.154252319,Chile,auto,Matched source country polygon
1721,"Sun, 30 Nov 2025 23:04:00 GMT","Villa Baviera, Eduardos apartment ",house,1,-71.591417187,-36.382698952,Chile,auto,Matched source country polygon
1722,"Mon, 01 Dec 2025 23:00:00 GMT",La balsa,,1,-71.618536112,-36.376043837,Chile,auto,Matched source country polygon
1723,"Mon, 01 Dec 2025 23:03:00 GMT",La balsa,camping,1,-71.623033283,-36.376403763,Chile,auto,Matched source country polygon
1724,"Wed, 03 Dec 2025 23:00:00 GMT",Somewhere,,1,-71.61851786,-36.412802007,Chile,auto,Matched source country polygon
1725,"Wed, 03 Dec 2025 23:01:00 GMT",La balsa,,1,-71.624500978,-36.376810853,Chile,auto,Matched source country polygon
1726,"Wed, 03 Dec 2025 23:04:00 GMT",Paso Ancho,,1,-71.68363835,-36.461744367,Chile,auto,Matched source country polygon
1727,"Wed, 03 Dec 2025 23:05:00 GMT",San Fabian,,1,-71.552278064,-36.557430095,Chile,auto,Matched source country polygon
1728,"Wed, 03 Dec 2025 23:06:00 GMT",San Fabian Balneario,camping,1,-71.56399011,-36.564444914,Chile,auto,Matched source country polygon
1729,"Thu, 04 Dec 2025 23:00:00 GMT",San Fabian,,1,-71.556422706,-36.554322556,Chile,auto,Matched source country polygon
1730,"Thu, 04 Dec 2025 23:01:00 GMT",San Carlos,,1,-71.949208981,-36.427072986,Chile,auto,Matched source country polygon
1731,"Thu, 04 Dec 2025 23:02:00 GMT",San Carlos,,1,-71.962426907,-36.439436711,Chile,auto,Matched source country polygon
1732,"Thu, 04 Dec 2025 23:03:00 GMT",Chillan Terminal,,1,-72.098078737,-36.61265584,Chile,auto,Matched source country polygon
1733,"Thu, 04 Dec 2025 23:06:00 GMT",Pinto,,1,-71.895486097,-36.700793236,Chile,auto,Matched source country polygon
1734,"Thu, 04 Dec 2025 23:07:00 GMT",Pinto,camping,1,-71.896900068,-36.691287763,Chile,auto,Matched source country polygon
1735,"Fri, 05 Dec 2025 23:00:00 GMT",Pinto,,1,-71.888553922,-36.705299495,Chile,auto,Matched source country polygon
1736,"Fri, 05 Dec 2025 23:02:00 GMT",Outside Pinto,,1,-71.795277516,-36.77557406,Chile,auto,Matched source country polygon
1737,"Fri, 05 Dec 2025 23:04:00 GMT",Las Talcas,,1,-71.544709113,-36.901690842,Chile,auto,Matched source country polygon
1738,"Fri, 05 Dec 2025 23:06:00 GMT","Las Talcas, Police station",,1,-71.479685212,-36.910948988,Chile,auto,Matched source country polygon
1739,"Fri, 05 Dec 2025 23:08:00 GMT",Las termas de Chillan,,1,-71.408635291,-36.904765823,Chile,auto,Matched source country polygon
1740,"Fri, 05 Dec 2025 23:09:00 GMT",Aguas calientes de Chillan,camping,1,-71.373521598,-36.905829624,Chile,auto,Matched source country polygon
1741,"Sat, 06 Dec 2025 23:00:00 GMT",Las termas de Chillan,,1,-71.409310313,-36.90514294,Chile,auto,Matched source country polygon
1742,"Sat, 06 Dec 2025 23:01:00 GMT",Recinto,,1,-71.65543247,-36.847604416,Chile,auto,Matched source country polygon
1743,"Sat, 06 Dec 2025 23:03:00 GMT",Chillan,,1,-72.093018781,-36.604381889,Chile,auto,Matched source country polygon
1744,"Sat, 06 Dec 2025 23:06:00 GMT",Penco,,1,-72.999984456,-36.751748003,Chile,auto,Matched source country polygon
1745,"Sat, 06 Dec 2025 23:07:00 GMT","San Pedro, house of Lucianos family",friends,1,-73.117108028,-36.827536728,Chile,auto,Matched source country polygon
1746,"Fri, 12 Dec 2025 23:00:00 GMT",Lirquen,,1,-72.977182056,-36.711075032,Chile,auto,Matched source country polygon
1747,"Fri, 12 Dec 2025 23:01:00 GMT",Playa Punta Parra,camping,1,-72.978453422,-36.66795318,Chile,auto,Matched source country polygon
1748,"Sat, 13 Dec 2025 23:00:00 GMT",Tome,,1,-72.956673883,-36.634025617,Chile,auto,Matched source country polygon
1749,"Sat, 13 Dec 2025 23:01:00 GMT","San Pedro, house of Lucianos family",friends,1,-73.117108028,-36.827536728,Chile,auto,Matched source country polygon
1750,"Mon, 15 Dec 2025 23:00:00 GMT","Concepcion, outskirts",,1,-72.98820948,-36.817348436,Chile,auto,Matched source country polygon
1751,"Mon, 15 Dec 2025 23:01:00 GMT",Yumbel,,1,-72.561738163,-37.001224332,Chile,auto,Matched source country polygon
1752,"Mon, 15 Dec 2025 23:02:00 GMT",Salto la Laja,,1,-72.385012736,-37.219162377,Chile,auto,Matched source country polygon
1753,"Mon, 15 Dec 2025 23:03:00 GMT",Los Angeles,,1,-72.339100468,-37.451244471,Chile,auto,Matched source country polygon
1754,"Mon, 15 Dec 2025 23:04:00 GMT",Los Angeles,,1,-72.327191464,-37.442857286,Chile,auto,Matched source country polygon
1755,"Mon, 15 Dec 2025 23:05:00 GMT",Los Angeles,,1,-72.326222289,-37.483977851,Chile,auto,Matched source country polygon
1756,"Mon, 15 Dec 2025 23:06:00 GMT",Mulchen,,1,-72.258044102,-37.705554659,Chile,auto,Matched source country polygon
1757,"Mon, 15 Dec 2025 23:07:00 GMT",La Esperanza,,1,-72.39730799,-37.852254809,Chile,auto,Matched source country polygon
1758,"Mon, 15 Dec 2025 23:08:00 GMT",Villarica,,1,-72.230009504,-39.277006858,Chile,auto,Matched source country polygon
1759,"Mon, 15 Dec 2025 23:09:00 GMT",Villarica,camping,1,-72.227298685,-39.272467264,Chile,auto,Matched source country polygon
1760,"Tue, 16 Dec 2025 23:00:00 GMT","Villarica, salida",,1,-72.21636421,-39.291521339,Chile,auto,Matched source country polygon
1761,"Tue, 16 Dec 2025 23:01:00 GMT",Pucon,,1,-71.976538966,-39.2810901,Chile,auto,Matched source country polygon
1762,"Tue, 16 Dec 2025 23:02:00 GMT",Caburgua,house,1,-71.826953953,-39.258619304,Chile,auto,Matched source country polygon
1763,"Wed, 17 Dec 2025 23:00:00 GMT",Playa Negra,,1,-71.807422992,-39.198294417,Chile,auto,Matched source country polygon
1764,"Wed, 17 Dec 2025 23:03:00 GMT",Caburgua,,1,-71.826473836,-39.261291076,Chile,auto,Matched source country polygon
1765,"Wed, 17 Dec 2025 23:04:00 GMT",Pucon airport,,1,-71.934337982,-39.290055043,Chile,auto,Matched source country polygon
1766,"Wed, 17 Dec 2025 23:05:00 GMT",Pucon,,1,-71.973029748,-39.271016488,Chile,auto,Matched source country polygon
1767,"Wed, 17 Dec 2025 23:06:00 GMT",Pucon. playa grande,camping,1,-71.972448602,-39.261038387,Chile,auto,Matched source country polygon
1768,"Thu, 18 Dec 2025 23:00:00 GMT",Pucon,,1,-71.977875605,-39.281204247,Chile,auto,Matched source country polygon
1769,"Thu, 18 Dec 2025 23:01:00 GMT",Villarica,,1,-72.227337958,-39.277509976,Chile,auto,Matched source country polygon
1770,"Thu, 18 Dec 2025 23:03:00 GMT","Villarica, hospital",,1,-72.212389114,-39.294477951,Chile,auto,Matched source country polygon
1771,"Thu, 18 Dec 2025 23:05:00 GMT",Temuco,,1,-72.599396058,-38.737069175,Chile,auto,Matched source country polygon
1772,"Thu, 18 Dec 2025 23:07:00 GMT","Hostal la casa, Temuco",hostel,1,-72.595674939,-38.734449353,Chile,auto,Matched source country polygon
1773,"Sat, 20 Dec 2025 23:00:00 GMT","Temuco, salida",,1,-72.578640222,-38.780951271,Chile,auto,Matched source country polygon
1774,"Sat, 20 Dec 2025 23:01:00 GMT",Poluco,,1,-72.144143833,-38.92035271,Chile,auto,Matched source country polygon
1775,"Sat, 20 Dec 2025 23:02:00 GMT",Cunco,,1,-72.026562906,-38.932299385,Chile,auto,Matched source country polygon
1776,"Sat, 20 Dec 2025 23:05:00 GMT",Melipeuco,,1,-71.694632534,-38.853516261,Chile,auto,Matched source country polygon
1777,"Sat, 20 Dec 2025 23:06:00 GMT",Melipeuco,,1,-71.654220571,-38.839277735,Chile,auto,Matched source country polygon
1778,"Sat, 20 Dec 2025 23:07:00 GMT",Cascada Truful Truful,,1,-71.650469048,-38.827666775,Chile,auto,Matched source country polygon
1779,"Sat, 20 Dec 2025 23:08:00 GMT",Laguna Verde,camping,1,-71.620526654,-38.696828596,Chile,auto,Matched source country polygon
1780,"Sun, 21 Dec 2025 23:00:00 GMT",Laguna Arcoiris,,1,-71.621238334,-38.672499495,Chile,auto,Matched source country polygon
1781,"Sun, 21 Dec 2025 23:01:00 GMT",Conguillio,,1,-71.651142279,-38.646583682,Chile,auto,Matched source country polygon
1782,"Sun, 21 Dec 2025 23:03:00 GMT",Conguillio,,1,-71.636178232,-38.644188543,Chile,auto,Matched source country polygon
1783,"Sun, 21 Dec 2025 23:04:00 GMT",Melipeuco,,1,-71.691606094,-38.853085268,Chile,auto,Matched source country polygon
1784,"Sun, 21 Dec 2025 23:07:00 GMT",Melipeuco,camping,1,-71.694502882,-38.862748742,Chile,auto,Matched source country polygon
1785,"Mon, 22 Dec 2025 23:00:00 GMT",Melipeuco,,1,-71.698218588,-38.854647231,Chile,auto,Matched source country polygon
1786,"Mon, 22 Dec 2025 23:01:00 GMT",Path to Canelo waterfall,,1,-71.76629663,-38.850258644,Chile,auto,Matched source country polygon
1787,"Mon, 22 Dec 2025 23:02:00 GMT",Waterfall Canelo,camping,1,-71.760773919,-38.833011769,Chile,auto,Matched source country polygon
1788,"Tue, 23 Dec 2025 23:00:00 GMT",Path to canelo waterfall,,1,-71.765920188,-38.850354287,Chile,auto,Matched source country polygon
1789,"Tue, 23 Dec 2025 23:01:00 GMT",Melipeuco,,1,-71.69547824,-38.853782723,Chile,auto,Matched source country polygon
1790,"Tue, 23 Dec 2025 23:03:00 GMT",Cunco,,1,-72.035113754,-38.930851307,Chile,auto,Matched source country polygon
1791,"Tue, 23 Dec 2025 23:04:00 GMT",Temuco,,1,-72.598202408,-38.736609568,Chile,auto,Matched source country polygon
1792,"Tue, 23 Dec 2025 23:06:00 GMT","Hostal la casa, Temuco",hostel,1,-72.595674939,-38.734449354,Chile,auto,Matched source country polygon
1793,"Wed, 24 Dec 2025 23:00:00 GMT",Cunco,,1,-72.027034966,-38.932435908,Chile,auto,Matched source country polygon
1794,"Wed, 24 Dec 2025 23:03:00 GMT",Cascada truful truful,,1,-71.650469048,-38.827666774,Chile,auto,Matched source country polygon
1795,"Wed, 24 Dec 2025 23:02:00 GMT",Before Melipeuco,,1,-71.765920188,-38.850354287,Chile,auto,Matched source country polygon
1796,"Wed, 24 Dec 2025 23:04:00 GMT",Outside Melipeuco,,1,-71.654451123,-38.839247863,Chile,auto,Matched source country polygon
1797,"Wed, 24 Dec 2025 23:06:00 GMT",Melipeuco,,1,-71.692345379,-38.853121553,Chile,auto,Matched source country polygon
1798,"Wed, 24 Dec 2025 23:08:00 GMT",Villarica,,1,-72.226802619,-39.271125994,Chile,auto,Matched source country polygon
1799,"Wed, 24 Dec 2025 23:09:00 GMT",Villarica Playa Blanca,camping,1,-72.227298685,-39.272467264,Chile,auto,Matched source country polygon
1800,"Thu, 25 Dec 2025 23:00:00 GMT",Pucon,,1,-71.972320671,-39.277778699,Chile,auto,Matched source country polygon
1801,"Thu, 25 Dec 2025 23:01:00 GMT",Pucon Playa Grande,camping,1,-71.972448602,-39.261038387,Chile,auto,Matched source country polygon
1802,"Fri, 26 Dec 2025 23:00:00 GMT",Pucon,,1,-71.972463517,-39.277823653,Chile,auto,Matched source country polygon
1803,"Fri, 26 Dec 2025 23:01:00 GMT","Caburgua, Playa Blanca",,1,-71.815060796,-39.186866087,Chile,auto,Matched source country polygon
1804,"Fri, 26 Dec 2025 23:03:00 GMT",Playa Blanca,camping,1,-71.811569454,-39.181998747,Chile,auto,Matched source country polygon
1805,"Tue, 30 Dec 2025 23:00:00 GMT",Crossing to Cani,,1,-71.827675393,-39.267284867,Chile,auto,Matched source country polygon
1806,"Tue, 30 Dec 2025 23:01:00 GMT",Entrance to Cani,,1,-71.768396796,-39.256019948,Chile,auto,Matched source country polygon
1807,"Tue, 30 Dec 2025 23:03:00 GMT",Pucon,,1,-71.976409303,-39.281030413,Chile,auto,Matched source country polygon
1808,"Tue, 30 Dec 2025 23:04:00 GMT",Camping las Rosas,campingPaid,1,-71.959295016,-39.271381817,Chile,auto,Matched source country polygon
1809,"Wed, 31 Dec 2025 23:00:00 GMT",Pucon,,1,-71.972920639,-39.277395649,Chile,auto,Matched source country polygon
1810,"Wed, 31 Dec 2025 23:02:00 GMT",Puerto Varas,,1,-72.993154158,-41.317739081,Chile,auto,Matched source country polygon
1811,"Wed, 31 Dec 2025 23:04:00 GMT",Puerto Varas Beach,camping,1,-72.976928581,-41.310362577,Chile,auto,Matched source country polygon
1812,"Thu, 01 Jan 2026 23:00:00 GMT",Puerto Varas,,1,-72.98087858,-41.318681192,Chile,auto,Matched source country polygon
1813,"Thu, 01 Jan 2026 23:03:00 GMT",Puerto Varas outskirts,,1,-72.949255336,-41.320373996,Chile,auto,Matched source country polygon
1814,"Thu, 01 Jan 2026 23:05:00 GMT",Camping Rio Petrohue,,1,-72.308463207,-41.379737678,Chile,manual,Chilean lake/coastal island points not covered by source polygons
1815,"Thu, 01 Jan 2026 23:06:00 GMT",Camping Rio Petrohue,campingPaid,1,-72.308901301,-41.380307907,Chile,manual,Chilean lake/coastal island points not covered by source polygons
1816,"Fri, 02 Jan 2026 23:00:00 GMT",Cochamo,,1,-72.307971478,-41.4924849,Chile,auto,Matched source country polygon
1817,"Fri, 02 Jan 2026 23:02:00 GMT",Way to La Junta,,1,-72.220235564,-41.455701438,Chile,auto,Matched source country polygon
1818,"Fri, 02 Jan 2026 23:04:00 GMT",Camping Los Manzanos,campingPaid,1,-72.142812707,-41.419126391,Chile,auto,Matched source country polygon
1819,"Mon, 05 Jan 2026 23:00:00 GMT",Way to La Junta,,1,-72.220168189,-41.455673931,Chile,auto,Matched source country polygon
1820,"Mon, 05 Jan 2026 23:03:00 GMT",Close to Cochamo,,1,-72.270334942,-41.49803612,Chile,auto,Matched source country polygon
1821,"Mon, 05 Jan 2026 23:06:00 GMT",Cochamo,,1,-72.307987794,-41.492497301,Chile,auto,Matched source country polygon
1822,"Mon, 05 Jan 2026 23:07:00 GMT",Camping Rio Petrohue,campingPaid,1,-72.308901301,-41.380307907,Chile,manual,Chilean lake/coastal island points not covered by source polygons
1823,"Tue, 06 Jan 2026 23:00:00 GMT",Cochamo,,1,-72.307882868,-41.492450328,Chile,auto,Matched source country polygon
1824,"Tue, 06 Jan 2026 23:02:00 GMT",Rio Puelo,,1,-72.296644774,-41.66388162,Chile,auto,Matched source country polygon
1825,"Tue, 06 Jan 2026 23:04:00 GMT",Camping Patagonia,campingPaid,1,-72.293638016,-41.663887297,Chile,auto,Matched source country polygon
1826,"Wed, 07 Jan 2026 23:00:00 GMT",Puelche,,1,-72.647503619,-41.739304488,Chile,auto,Matched source country polygon
1827,"Wed, 07 Jan 2026 23:01:00 GMT",La Arena,,1,-72.641917472,-41.692084432,Chile,manual,Chilean lake/coastal island points not covered by source polygons
1828,"Wed, 07 Jan 2026 23:03:00 GMT",Puerto Montt,,1,-72.949425893,-41.476429047,Chile,auto,Matched source country polygon
1829,"Wed, 07 Jan 2026 23:04:00 GMT",Osorno,,1,-73.126347752,-40.573217887,Chile,auto,Matched source country polygon
1830,"Wed, 07 Jan 2026 23:05:00 GMT","Puyehue, Entre Lagos",,1,-72.593698621,-40.686213031,Chile,auto,Matched source country polygon
1831,"Wed, 07 Jan 2026 23:06:00 GMT",Entre Lagos,camping,1,-72.602896809,-40.678159335,Chile,auto,Matched source country polygon
1832,"Thu, 08 Jan 2026 23:00:00 GMT",Puyehue,,1,-72.594040437,-40.686558936,Chile,auto,Matched source country polygon
1833,"Thu, 08 Jan 2026 23:01:00 GMT",Border Chile,,1,-72.127493494,-40.661629694,Chile,auto,Matched source country polygon
1834,"Thu, 08 Jan 2026 23:03:00 GMT",Bariloche,,1,-71.309610968,-41.134680802,Argentina,auto,Matched source country polygon
1835,"Thu, 08 Jan 2026 23:06:00 GMT",Camping Selva Negra,campingPaid,1,-71.343117127,-41.133470722,Argentina,auto,Matched source country polygon
1836,"Mon, 12 Jan 2026 23:00:00 GMT",Bariloche outskirts,,1,-71.384054115,-41.119577398,Argentina,auto,Matched source country polygon
1837,"Mon, 12 Jan 2026 23:01:00 GMT",Playa sin viento,,1,-71.505014617,-41.072354893,Argentina,auto,Matched source country polygon
1838,"Mon, 12 Jan 2026 23:02:00 GMT",Hike to Lopez,,1,-71.547919248,-41.083937611,Argentina,auto,Matched source country polygon
1839,"Mon, 12 Jan 2026 23:03:00 GMT",Refugio Lopez,campingPaid,1,-71.560108992,-41.102098805,Argentina,auto,Matched source country polygon
1840,"Tue, 13 Jan 2026 23:00:00 GMT",Hike to Lopez,,1,-71.547667116,-41.084061607,Argentina,auto,Matched source country polygon
1841,"Tue, 13 Jan 2026 23:01:00 GMT",Colonia Suiza,,1,-71.507326695,-41.096163766,Argentina,auto,Matched source country polygon
1842,"Tue, 13 Jan 2026 23:02:00 GMT",Viewpoint,,1,-71.477394973,-41.068816914,Argentina,auto,Matched source country polygon
1843,"Tue, 13 Jan 2026 23:04:00 GMT",Bariloche,,1,-71.30103079,-41.133406396,Argentina,auto,Matched source country polygon
1844,"Tue, 13 Jan 2026 23:05:00 GMT",Beach Bariloche,camping,1,-71.342913033,-41.130035965,Argentina,auto,Matched source country polygon
1845,"Wed, 14 Jan 2026 23:00:00 GMT",Bariloche,,1,-71.302620892,-41.134176421,Argentina,auto,Matched source country polygon
1846,"Wed, 14 Jan 2026 23:01:00 GMT",Bariloche outskirts,,1,-71.351419208,-41.175948149,Argentina,auto,Matched source country polygon
1847,"Wed, 14 Jan 2026 23:02:00 GMT",Ruta 40,,1,-71.372794625,-41.181619592,Argentina,auto,Matched source country polygon
1848,"Wed, 14 Jan 2026 23:03:00 GMT",El Bolson,,1,-71.535787046,-41.967881979,Argentina,auto,Matched source country polygon
1849,"Wed, 14 Jan 2026 23:04:00 GMT",El Hoyo,,1,-71.51692218,-42.068231865,Argentina,auto,Matched source country polygon
1850,"Wed, 14 Jan 2026 23:05:00 GMT",Epuyen,,1,-71.351841166,-42.230992729,Argentina,auto,Matched source country polygon
1851,"Wed, 14 Jan 2026 23:06:00 GMT",Cruze Ruta 12,,1,-71.123964244,-42.852160786,Argentina,auto,Matched source country polygon
1852,"Wed, 14 Jan 2026 23:07:00 GMT",Gualjaina,,1,-70.537547471,-42.723818604,Argentina,auto,Matched source country polygon
1853,"Wed, 14 Jan 2026 23:08:00 GMT",Gualjaina,camping,1,-70.54165125,-42.724921054,Argentina,auto,Matched source country polygon
1854,"Thu, 15 Jan 2026 23:00:00 GMT",Piedra Parada,,1,-70.100958628,-42.656904475,Argentina,auto,Matched source country polygon
1855,"Thu, 15 Jan 2026 23:01:00 GMT","Pieda Parada, camping libre",camping,1,-70.103989524,-42.655872816,Argentina,auto,Matched source country polygon
1856,"Sat, 24 Jan 2026 23:00:00 GMT",Middle of nowhere,,1,-71.103358199,-42.845944824,Argentina,auto,Matched source country polygon
1857,"Sat, 24 Jan 2026 23:01:00 GMT",Esquel,,1,-71.321246607,-42.918135467,Argentina,auto,Matched source country polygon
1858,"Sat, 24 Jan 2026 23:02:00 GMT",Abandoned Camping,camping,1,-71.334256213,-42.910884646,Argentina,auto,Matched source country polygon
1859,"Sun, 25 Jan 2026 23:00:00 GMT",Esquel,,1,-71.338363569,-42.917812671,Argentina,auto,Matched source country polygon
1860,"Sun, 25 Jan 2026 23:00:00 GMT",Trevelin,,1,-71.434215012,-43.134331581,Argentina,auto,Matched source country polygon
1861,"Sun, 25 Jan 2026 23:02:00 GMT",Border Argentinia and Chile,,1,-71.753104678,-43.174274553,Chile,auto,Matched source country polygon
1862,"Sun, 25 Jan 2026 23:04:00 GMT",Other border,,1,-71.757714501,-43.17656507,Chile,auto,Matched source country polygon
1863,"Sun, 25 Jan 2026 23:05:00 GMT",Futaleufu,,1,-71.867484972,-43.186283693,Chile,auto,Matched source country polygon
1864,"Sun, 25 Jan 2026 23:06:00 GMT",Laguna Lonconao,,1,-71.942915847,-43.254493757,Chile,auto,Matched source country polygon
1865,"Sun, 25 Jan 2026 23:07:00 GMT",Cruze to Palena,,1,-72.117248747,-43.488507787,Chile,auto,Matched source country polygon
1866,"Sun, 25 Jan 2026 23:08:00 GMT",Villa Santa Lucia,campingPaid,1,-72.366411686,-43.414337823,Chile,auto,Matched source country polygon
1867,"Mon, 26 Jan 2026 23:01:00 GMT",Coyhaique,,1,-72.077637074,-45.582573989,Chile,auto,Matched source country polygon
1868,"Mon, 26 Jan 2026 23:02:00 GMT",Coyhaique Salida,,1,-72.075818535,-45.585763305,Chile,auto,Matched source country polygon
1869,"Mon, 26 Jan 2026 23:04:00 GMT",Villa Cerro Castillo,campingPaid,1,-72.159037568,-46.121675467,Chile,auto,Matched source country polygon
1870,"Tue, 27 Jan 2026 23:00:00 GMT",Cerro Castillo National Park,camping,1,-72.232409396,-46.085513998,Chile,auto,Matched source country polygon
1871,"Wed, 28 Jan 2026 23:00:00 GMT",Villa Cerro Castillo,campingPaid,1,-72.159037568,-46.121675467,Chile,auto,Matched source country polygon
1872,"Thu, 29 Jan 2026 23:00:00 GMT",Wild camping spot,camping,1,-72.136024199,-46.12876444,Chile,auto,Matched source country polygon
1873,"Fri, 30 Jan 2026 23:00:00 GMT",Villa Cerro Castillo,,1,-72.160966062,-46.119700114,Chile,auto,Matched source country polygon
1874,"Fri, 30 Jan 2026 23:01:00 GMT",Puerto Ibanez,,1,-71.918029077,-46.296596508,Chile,auto,Matched source country polygon
1875,"Fri, 30 Jan 2026 23:03:00 GMT",Beach Puerto Ibanez,camping,1,-71.918080934,-46.298290002,Chile,auto,Matched source country polygon
1876,"Mon, 26 Jan 2026 23:00:00 GMT",Carretera Austral,,1,-72.593439452,-44.442519639,Chile,auto,Matched source country polygon
1877,"Sat, 31 Jan 2026 23:00:00 GMT",Puerto Ibanez,,1,-71.926130568,-46.295721619,Chile,auto,Matched source country polygon
1878,"Sat, 31 Jan 2026 23:01:00 GMT",Puerto Chile Chico,,1,-71.732653921,-46.535925429,Chile,auto,Matched source country polygon
1879,"Sat, 31 Jan 2026 23:02:00 GMT",Camping Chile Chico,campingPaid,1,-71.725328806,-46.537800932,Chile,auto,Matched source country polygon
1880,"Sun, 01 Feb 2026 23:00:00 GMT",Middle of nowhere,,1,-71.68587529,-46.614288846,Argentina,auto,Matched source country polygon
1881,"Sun, 01 Feb 2026 23:02:00 GMT",Camping Chile Chico,campingPaid,1,-71.725328806,-46.537800931,Chile,auto,Matched source country polygon
1882,"Mon, 02 Feb 2026 23:00:00 GMT",Puerto Chile Chico,,1,-71.732273939,-46.536197276,Chile,auto,Matched source country polygon
1883,"Mon, 02 Feb 2026 23:01:00 GMT",Puerto Ibanez,,1,-71.926594646,-46.295021117,Chile,auto,Matched source country polygon
1884,"Mon, 02 Feb 2026 23:02:00 GMT",Beach Puerto Ibanez,camping,1,-71.918080934,-46.298290002,Chile,auto,Matched source country polygon
1885,"Tue, 03 Feb 2026 23:00:00 GMT",Cruze to Balmaceda,,1,-71.871298136,-45.839573234,Chile,auto,Matched source country polygon
1886,"Tue, 03 Feb 2026 23:01:00 GMT",Balmaceda,,1,-71.693782394,-45.912278291,Chile,auto,Matched source country polygon
1887,"Tue, 03 Feb 2026 23:04:00 GMT",Cerro Castillo River,camping,1,-72.158702632,-46.112434569,Chile,auto,Matched source country polygon
1888,"Wed, 04 Feb 2026 23:00:00 GMT",Lago General Carrera,camping,1,-72.786343313,-46.942115717,Chile,auto,Matched source country polygon
1889,"Thu, 05 Feb 2026 23:00:00 GMT",Puerto Bertrand,camping,1,-72.829537939,-47.025064462,Chile,auto,Matched source country polygon
1890,"Fri, 06 Feb 2026 23:00:00 GMT",Laguna Esmeralda,camping,1,-72.595788982,-47.311533695,Chile,auto,Matched source country polygon
1891,"Sat, 07 Feb 2026 23:00:00 GMT",Caleta Tortel,,1,-73.537155474,-47.8022806,Chile,auto,Matched source country polygon
1892,"Sat, 07 Feb 2026 23:01:00 GMT",Parque Nacional Patagonia,campingPaid,1,-72.505370298,-47.127702129,Chile,auto,Matched source country polygon
1893,"Sun, 08 Feb 2026 23:00:00 GMT",Puerto Bertrand,camping,1,-72.829537938,-47.025064462,Chile,auto,Matched source country polygon
1894,"Mon, 09 Feb 2026 23:00:00 GMT",Camping El Blanco,campingPaid,1,-71.926473716,-45.807452201,Chile,auto,Matched source country polygon
1895,"Tue, 10 Feb 2026 23:00:00 GMT",Balmaceda,,1,-71.693782394,-45.912278291,Chile,auto,Matched source country polygon
1896,"Tue, 10 Feb 2026 23:01:00 GMT",Coyhaique,,1,-72.072893751,-45.575996508,Chile,auto,Matched source country polygon
1897,"Tue, 10 Feb 2026 23:02:00 GMT",Coyhaique salida,,1,-72.067815438,-45.557669646,Chile,auto,Matched source country polygon
1898,"Tue, 10 Feb 2026 23:04:00 GMT",Villa Amengual,,1,-72.211116937,-44.746951268,Chile,auto,Matched source country polygon
1899,"Tue, 10 Feb 2026 23:05:00 GMT",Villa Amengual,camping,1,-72.215226081,-44.741134796,Chile,auto,Matched source country polygon
1900,"Wed, 11 Feb 2026 23:00:00 GMT",Cruze to Puerto Cicnes,,1,-72.426855027,-44.655853928,Chile,auto,Matched source country polygon
1901,"Wed, 11 Feb 2026 23:01:00 GMT",Cascada el condor,,1,-72.441433728,-44.642689378,Chile,auto,Matched source country polygon
1902,"Wed, 11 Feb 2026 23:03:00 GMT",La Junta,,1,-72.40388106,-43.978050335,Chile,auto,Matched source country polygon
1903,"Wed, 11 Feb 2026 23:05:00 GMT",La Junta,,1,-72.396356568,-43.958694372,Chile,auto,Matched source country polygon
1904,"Wed, 11 Feb 2026 23:06:00 GMT",Villa Santa Lucia,,1,-72.367774936,-43.414193299,Chile,auto,Matched source country polygon
1905,"Wed, 11 Feb 2026 23:07:00 GMT",Villa Santa Lucia,,1,-72.361974191,-43.412750193,Chile,auto,Matched source country polygon
1906,"Wed, 11 Feb 2026 23:08:00 GMT",Lago Yuelche,,1,-72.229970161,-43.421040468,Chile,auto,Matched source country polygon
1907,"Wed, 11 Feb 2026 23:09:00 GMT",Lago Yuelche,camping,1,-72.231704657,-43.420498231,Chile,auto,Matched source country polygon
1908,"Thu, 12 Feb 2026 23:00:00 GMT",Chaiten,,1,-72.712629209,-42.917247689,Chile,auto,Matched source country polygon
1909,"Thu, 12 Feb 2026 23:01:00 GMT",Chaiten Puerto,,1,-72.718708881,-42.909232893,Chile,auto,Matched source country polygon
1910,"Thu, 12 Feb 2026 23:02:00 GMT",Caleta Gonzalo,,1,-72.604614806,-42.559703138,Chile,auto,Matched source country polygon
1911,"Thu, 12 Feb 2026 23:04:00 GMT",Picholco,,1,-72.595802814,-42.00614735,Chile,auto,Matched source country polygon
1912,"Fri, 13 Feb 2026 09:19:00 GMT",Contao,,1,-72.718873418,-41.803677705,Chile,auto,Matched source country polygon
1913,"Fri, 13 Feb 2026 09:20:00 GMT",Contao,camping,1,-72.726084984,-41.799363504,Chile,auto,Matched source country polygon
1914,"Sat, 14 Feb 2026 09:01:00 GMT",Puelche,,1,-72.647487397,-41.739502719,Chile,auto,Matched source country polygon
1915,"Sat, 14 Feb 2026 09:00:00 GMT",Contao,,1,-72.717280258,-41.803679815,Chile,auto,Matched source country polygon
1916,"Sat, 14 Feb 2026 09:02:00 GMT",La Arena,,1,-72.64184936,-41.692093204,Chile,manual,Chilean lake/coastal island points not covered by source polygons
1917,"Sat, 14 Feb 2026 09:03:00 GMT",Puerto Montt,,1,-72.934832414,-41.472083883,Chile,auto,Matched source country polygon
1918,"Sat, 14 Feb 2026 09:05:00 GMT",Renting a room,hostel,1,-72.932713468,-41.47319592,Chile,auto,Matched source country polygon
1919,"Sat, 14 Feb 2026 23:00:00 GMT",Gasolinera Puerto Montt,,1,-73.059108118,-41.507780791,Chile,auto,Matched source country polygon
1920,"Sat, 14 Feb 2026 23:01:00 GMT",Pargua,,1,-73.475139252,-41.799544884,Chile,auto,Matched source country polygon
1921,"Sat, 14 Feb 2026 23:03:00 GMT",Chacao,,1,-73.51229501,-41.831286325,Chile,manual,Chilean lake/coastal island points not covered by source polygons
1922,"Sat, 14 Feb 2026 23:04:00 GMT",Linao,,1,-73.534809461,-41.879866514,Chile,manual,Chilean lake/coastal island points not covered by source polygons
1923,"Sat, 14 Feb 2026 23:05:00 GMT",Playa Huelden,,1,-73.54255567,-41.923509306,Chile,auto,Matched source country polygon
1924,"Sat, 14 Feb 2026 23:06:00 GMT",Random beach,camping,1,-73.521485885,-41.927049217,Chile,manual,Chilean lake/coastal island points not covered by source polygons
1925,"Sun, 15 Feb 2026 23:00:00 GMT",Playa Huelden,,1,-73.54562398,-41.925389892,Chile,auto,Matched source country polygon
1926,"Sun, 15 Feb 2026 23:01:00 GMT",Mocopulli,campingPaid,1,-73.741287625,-42.370454469,Chile,auto,Matched source country polygon
1927,"Mon, 16 Feb 2026 23:00:00 GMT",Dalcahue,,1,-73.655456923,-42.38159847,Chile,manual,Chilean lake/coastal island points not covered by source polygons
1928,"Mon, 16 Feb 2026 23:01:00 GMT",Isla Quinchao,,1,-73.655608915,-42.388265098,Chile,manual,Chilean lake/coastal island points not covered by source polygons
1929,"Mon, 16 Feb 2026 23:03:00 GMT",Curaco de Velez,,1,-73.602320786,-42.439631247,Chile,auto,Matched source country polygon
1930,"Mon, 16 Feb 2026 23:04:00 GMT",Anchao,,1,-73.4830519,-42.47175064,Chile,auto,Matched source country polygon
1931,"Mon, 16 Feb 2026 23:05:00 GMT",Mirador ,camping,1,-73.436797883,-42.513292672,Chile,auto,Matched source country polygon
1932,"Tue, 17 Feb 2026 23:00:00 GMT",Quinchao,,1,-73.426783416,-42.535896355,Chile,auto,Matched source country polygon
1933,"Tue, 17 Feb 2026 23:04:00 GMT",South of Quinchao,,1,-73.422111192,-42.564777673,Chile,manual,Chilean lake/coastal island points not covered by source polygons
1934,"Tue, 17 Feb 2026 23:05:00 GMT",Playa Mallil,camping,1,-73.440185097,-42.565074996,Chile,manual,Chilean lake/coastal island points not covered by source polygons
1935,"Wed, 18 Feb 2026 23:00:00 GMT",South of Quinchao,,1,-73.420097137,-42.56316699,Chile,auto,Matched source country polygon
1936,"Wed, 18 Feb 2026 23:01:00 GMT",Anchao,,1,-73.491669198,-42.470798529,Chile,auto,Matched source country polygon
1937,"Wed, 18 Feb 2026 23:03:00 GMT",Castro,,1,-73.76357908,-42.479404875,Chile,auto,Matched source country polygon
1938,"Wed, 18 Feb 2026 23:05:00 GMT",Outside of Castro,,1,-73.773746439,-42.483872442,Chile,manual,Chilean lake/coastal island points not covered by source polygons
1939,"Wed, 18 Feb 2026 23:06:00 GMT",Chonchi,,1,-73.809174775,-42.642879454,Chile,auto,Matched source country polygon
1940,"Wed, 18 Feb 2026 23:07:00 GMT",Huillinco,,1,-73.897494549,-42.673887397,Chile,auto,Matched source country polygon
1941,"Wed, 18 Feb 2026 23:08:00 GMT",Playa Huillinco,camping,1,-73.898424381,-42.664085011,Chile,auto,Matched source country polygon
1942,"Thu, 19 Feb 2026 23:00:00 GMT",Huillinco,,1,-73.899143521,-42.675848882,Chile,auto,Matched source country polygon
1943,"Thu, 19 Feb 2026 23:01:00 GMT",Cucao,,1,-74.108471157,-42.625641232,Chile,auto,Matched source country polygon
1944,"Thu, 19 Feb 2026 23:03:00 GMT",Playa Cucao,,1,-74.123846467,-42.597278429,Chile,auto,Matched source country polygon
1945,"Thu, 19 Feb 2026 23:04:00 GMT",On the way to Cole Cole,,1,-74.116629535,-42.585592523,Chile,auto,Matched source country polygon
1946,"Thu, 19 Feb 2026 23:06:00 GMT",On the way to Cole Cole,,1,-74.135440763,-42.565209021,Chile,auto,Matched source country polygon
1947,"Thu, 19 Feb 2026 23:08:00 GMT",Playa Cole Cole,campingPaid,1,-74.183691919,-42.508600022,Chile,auto,Matched source country polygon
1948,"Fri, 20 Feb 2026 23:00:00 GMT",On the way to Cole Cole,,1,-74.1422786,-42.551803371,Chile,auto,Matched source country polygon
1949,"Fri, 20 Feb 2026 23:01:00 GMT",Cucao,,1,-74.109744133,-42.623668747,Chile,auto,Matched source country polygon
1950,"Fri, 20 Feb 2026 23:02:00 GMT",Cucao,,1,-74.106593435,-42.635011403,Chile,auto,Matched source country polygon
1951,"Fri, 20 Feb 2026 23:04:00 GMT",Casone Huillinco,,1,-73.944791853,-42.683729125,Chile,auto,Matched source country polygon
1952,"Fri, 20 Feb 2026 23:05:00 GMT",Huillinco,,1,-73.919214306,-42.683751473,Chile,auto,Matched source country polygon
1953,"Fri, 20 Feb 2026 23:06:00 GMT",Casona Huillinco,,1,-73.944835658,-42.683172116,Chile,auto,Matched source country polygon
1954,"Fri, 20 Feb 2026 23:09:00 GMT",Casona Huillinco Festival,campingPaid,1,-73.944474503,-42.682249879,Chile,auto,Matched source country polygon
1955,"Sat, 21 Feb 2026 23:00:00 GMT",Huillinco,,1,-73.897594189,-42.674443404,Chile,auto,Matched source country polygon
1956,"Sat, 21 Feb 2026 23:01:00 GMT",Chonchi,,1,-73.809324472,-42.643159521,Chile,auto,Matched source country polygon
1957,"Sat, 21 Feb 2026 23:04:00 GMT",Castro,,1,-73.763397929,-42.482926483,Chile,auto,Matched source country polygon
1958,"Sat, 21 Feb 2026 23:05:00 GMT",Castro Gasolinera,,1,-73.766163288,-42.467207082,Chile,manual,Chilean lake/coastal island points not covered by source polygons
1959,"Sat, 21 Feb 2026 23:07:00 GMT",Playa Ahui,,1,-73.862992817,-41.830675566,Chile,manual,Chilean lake/coastal island points not covered by source polygons
1960,"Sat, 21 Feb 2026 23:09:00 GMT",Playa Ahui,camping,1,-73.858931952,-41.831794086,Chile,manual,Chilean lake/coastal island points not covered by source polygons
1961,"Sun, 22 Feb 2026 23:00:00 GMT",Somewhere,,1,-73.871037658,-41.826526409,Chile,manual,Chilean lake/coastal island points not covered by source polygons
1962,"Sun, 22 Feb 2026 23:01:00 GMT",Somewhere,,1,-73.889276682,-41.815012893,Chile,auto,Matched source country polygon
1963,"Sun, 22 Feb 2026 23:04:00 GMT",Somewhere,,1,-73.919503389,-41.839255495,Chile,auto,Matched source country polygon
1964,"Sun, 22 Feb 2026 23:05:00 GMT",Chiloe Silvester,,1,-73.937722743,-41.839357407,Chile,manual,Chilean lake/coastal island points not covered by source polygons
1965,"Sun, 22 Feb 2026 23:06:00 GMT",Carretera,,1,-73.908075392,-41.823149858,Chile,auto,Matched source country polygon
1966,"Sun, 22 Feb 2026 23:08:00 GMT",Cruze,,1,-74.009995737,-41.841397641,Chile,auto,Matched source country polygon
1967,"Sun, 22 Feb 2026 23:09:00 GMT",Ancud,,1,-73.829132596,-41.866438537,Chile,auto,Matched source country polygon
1968,"Sun, 22 Feb 2026 23:10:00 GMT",Playa Ancud,,1,-73.763368414,-41.865859274,Chile,auto,Matched source country polygon
1969,"Sun, 22 Feb 2026 23:11:00 GMT",Playa Ancud,camping,1,-73.764405534,-41.864807266,Chile,auto,Matched source country polygon
1970,"Mon, 23 Feb 2026 23:00:00 GMT",Chacao,,1,-73.512181327,-41.831291096,Chile,manual,Chilean lake/coastal island points not covered by source polygons
1971,"Mon, 23 Feb 2026 23:01:00 GMT",Ferry,,1,-73.475325425,-41.799359951,Chile,auto,Matched source country polygon
1972,"Mon, 23 Feb 2026 23:03:00 GMT",Pargua,,1,-73.458749372,-41.790521364,Chile,auto,Matched source country polygon
1973,"Mon, 23 Feb 2026 23:04:00 GMT",Camping Ceiba,campingPaid,1,-72.973557258,-41.486952632,Chile,auto,Matched source country polygon
1974,"Tue, 24 Feb 2026 23:00:00 GMT",Home Benjamin,house,1,-73.005780424,-41.458796613,Chile,auto,Matched source country polygon
1975,"Mon, 02 Mar 2026 23:00:00 GMT",Home Gabito <3,house,1,-72.987236604,-41.480313671,Chile,auto,Matched source country polygon
1976,"Thu, 05 Mar 2026 23:00:00 GMT",Puerto Montt Salida,,1,-72.921278836,-41.474833453,Chile,auto,Matched source country polygon
1977,"Thu, 05 Mar 2026 23:01:00 GMT",Puerto Montt Salida,,1,-72.899064842,-41.488571926,Chile,auto,Matched source country polygon
1978,"Thu, 05 Mar 2026 23:02:00 GMT",Chamiza,,1,-72.847138384,-41.483224964,Chile,auto,Matched source country polygon
1979,"Thu, 05 Mar 2026 23:03:00 GMT",La Arena,,1,-72.641838538,-41.691746803,Chile,manual,Chilean lake/coastal island points not covered by source polygons
1980,"Thu, 05 Mar 2026 23:04:00 GMT",Puelche,,1,-72.647478327,-41.739437446,Chile,auto,Matched source country polygon
1981,"Thu, 05 Mar 2026 23:05:00 GMT",Hornopiren,,1,-72.471905646,-41.971187253,Chile,manual,Chilean lake/coastal island points not covered by source polygons
1982,"Thu, 05 Mar 2026 23:07:00 GMT",Leptepu,,1,-72.436508894,-42.48885357,Chile,auto,Matched source country polygon
1983,"Thu, 05 Mar 2026 23:08:00 GMT",Fjordo Largo,,1,-72.523365978,-42.545475845,Chile,auto,Matched source country polygon
1984,"Thu, 05 Mar 2026 23:09:00 GMT",Caleta Gonzalo,,1,-72.604447354,-42.559480837,Chile,auto,Matched source country polygon
1985,"Thu, 05 Mar 2026 23:10:00 GMT",Mirador Lago Rio Negro,camping,1,-72.596145934,-42.722220874,Chile,auto,Matched source country polygon
1986,"Fri, 06 Mar 2026 23:00:00 GMT",Chaiten,,1,-72.712117515,-42.914517486,Chile,auto,Matched source country polygon
1987,"Fri, 06 Mar 2026 23:02:00 GMT",Chaiten Salida,,1,-72.702584929,-42.920396586,Chile,auto,Matched source country polygon
1988,"Fri, 06 Mar 2026 23:02:00 GMT",El Amarillo,,1,-72.479768473,-43.009449087,Chile,auto,Matched source country polygon
1989,"Fri, 06 Mar 2026 23:03:00 GMT",La Junta,,1,-72.404105141,-43.978015203,Chile,auto,Matched source country polygon
1990,"Fri, 06 Mar 2026 23:04:00 GMT",La Junta,camping,1,-72.396260366,-43.961944437,Chile,auto,Matched source country polygon
1991,"Sat, 07 Mar 2026 23:00:00 GMT",La Junta,,1,-72.404171093,-43.978546408,Chile,auto,Matched source country polygon
1992,"Sat, 07 Mar 2026 23:01:00 GMT",Entrance Quelulat,,1,-72.55834448,-44.471659223,Chile,auto,Matched source country polygon
1993,"Sat, 07 Mar 2026 23:03:00 GMT",Delfin Spot,,1,-72.576470848,-44.494869707,Chile,auto,Matched source country polygon
1994,"Sat, 07 Mar 2026 23:04:00 GMT",Laguna las Torres,,1,-72.201970289,-44.79820033,Chile,auto,Matched source country polygon
1995,"Sat, 07 Mar 2026 23:04:13 GMT",Cruze por Aysen,,1,-72.491509399,-45.398134709,Chile,auto,Matched source country polygon
1996,"Sat, 07 Mar 2026 23:05:00 GMT",Coyhaique,,1,-72.078100496,-45.572313855,Chile,auto,Matched source country polygon
1997,"Sat, 07 Mar 2026 23:06:00 GMT",Mirador Rio Simpson,camping,1,-72.078976684,-45.571585041,Chile,auto,Matched source country polygon
1998,"Sun, 08 Mar 2026 23:00:00 GMT",Coyhaique,,1,-72.074754886,-45.582903596,Chile,auto,Matched source country polygon
1999,"Sun, 08 Mar 2026 23:01:00 GMT",El Blanco,camping,1,-71.923778662,-45.806634628,Chile,auto,Matched source country polygon
2000,"Mon, 09 Mar 2026 23:00:00 GMT",Puerto Ibanez Playa,,1,-71.918468741,-46.296515845,Chile,auto,Matched source country polygon
2001,"Tue, 10 Mar 2026 23:00:00 GMT",Puerto Ibanez Ferry,,1,-71.926505534,-46.294912024,Chile,auto,Matched source country polygon
2002,"Tue, 10 Mar 2026 23:01:00 GMT",Chile Chico,,1,-71.732446494,-46.536187908,Chile,auto,Matched source country polygon
2003,"Tue, 10 Mar 2026 23:02:00 GMT",Chile Chico Salida,,1,-71.715915148,-46.542415008,Chile,auto,Matched source country polygon
2004,"Tue, 10 Mar 2026 23:04:00 GMT",Border Chile Chico,,1,-71.671302882,-46.56416014,Argentina,auto,Matched source country polygon
2005,"Tue, 10 Mar 2026 23:05:00 GMT",La Ascencion,,1,-71.406858233,-46.60720797,Argentina,auto,Matched source country polygon
2006,"Tue, 10 Mar 2026 23:06:00 GMT",Estancia la Ascencion,camping,1,-71.401935485,-46.598277978,Argentina,auto,Matched source country polygon
2007,"Wed, 11 Mar 2026 23:00:00 GMT",Rio Chico,camping,1,-70.543437158,-48.409675879,Argentina,auto,Matched source country polygon
2008,"Thu, 12 Mar 2026 23:00:00 GMT","Gobernador, Gregores",,1,-70.255117551,-48.756265531,Argentina,auto,Matched source country polygon
2009,"Thu, 12 Mar 2026 23:02:00 GMT",Rio Coig,camping,1,-69.525702881,-51.152084658,Argentina,auto,Matched source country polygon
2010,"Fri, 13 Mar 2026 23:00:00 GMT",Police checkpoint,,1,-69.581307894,-51.633615169,Argentina,auto,Matched source country polygon
2011,"Fri, 13 Mar 2026 23:01:00 GMT",Rio Gallego,,1,-69.259500899,-51.622408176,Argentina,auto,Matched source country polygon
2012,"Fri, 13 Mar 2026 23:03:00 GMT",Ferry Magellan Street,,1,-69.545923016,-52.45660997,Unassigned,unassigned,Outside source polygons and no manual rule matched
2013,"Fri, 13 Mar 2026 23:05:00 GMT",Ferry Street Magellan,,1,-69.524672773,-52.494146768,Chile,auto,Matched source country polygon
2014,"Fri, 13 Mar 2026 23:06:00 GMT",Ushuaia,,1,-68.298120733,-54.798584017,Unassigned,unassigned,Outside source polygons and no manual rule matched
2015,"Fri, 13 Mar 2026 23:07:00 GMT",Home of Martin,couchsurfing,1,-68.322248103,-54.810503718,Argentina,auto,Matched source country polygon
2016,"Tue, 17 Mar 2026 23:00:00 GMT",Ushuaia exit,,1,-68.22540343,-54.78856384,Argentina,auto,Matched source country polygon
2017,"Tue, 17 Mar 2026 23:01:00 GMT",Rio Grande,,1,-67.780430539,-53.80960676,Argentina,auto,Matched source country polygon
2018,"Tue, 17 Mar 2026 23:02:00 GMT",Rio Grande Exit,,1,-67.777633567,-53.735706565,Argentina,auto,Matched source country polygon
2019,"Tue, 17 Mar 2026 23:03:00 GMT",Border San Sebastian,,1,-68.45725532,-53.299454784,Argentina,auto,Matched source country polygon
2020,"Tue, 17 Mar 2026 23:04:00 GMT",Ferry Magellan Street,,1,-69.524652874,-52.494510554,Chile,auto,Matched source country polygon
2021,"Tue, 17 Mar 2026 23:05:00 GMT",Ferry Magellan Street,,1,-69.54586021,-52.456496811,Unassigned,unassigned,Outside source polygons and no manual rule matched
2022,"Tue, 17 Mar 2026 23:06:00 GMT",Police checkpoint Rio Gallegos,,1,-69.580610869,-51.633575592,Argentina,auto,Matched source country polygon
2023,"Tue, 17 Mar 2026 23:07:00 GMT",Police checkpoint,camping,1,-69.583096384,-51.632720979,Argentina,auto,Matched source country polygon
2024,"Wed, 18 Mar 2026 23:00:00 GMT",El Calafate Airport,,1,-72.055269974,-50.285435834,Argentina,auto,Matched source country polygon
2025,"Wed, 18 Mar 2026 23:01:00 GMT",El Calafate,,1,-72.273995182,-50.33880436,Argentina,auto,Matched source country polygon
2026,"Wed, 18 Mar 2026 23:02:00 GMT",Hostal LeoLei,hostel,1,-72.281024357,-50.340931075,Argentina,auto,Matched source country polygon
2027,"Thu, 19 Mar 2026 23:00:00 GMT",El Calafate,,1,-72.294126057,-50.339717368,Argentina,auto,Matched source country polygon
2028,"Thu, 19 Mar 2026 23:01:00 GMT",El Calafate Exit,,1,-72.316445612,-50.333952554,Argentina,auto,Matched source country polygon
2029,"Thu, 19 Mar 2026 23:02:00 GMT",Glacier Perito Moreno,,1,-73.024223211,-50.463681251,Argentina,auto,Matched source country polygon
2030,"Thu, 19 Mar 2026 23:03:00 GMT",El Chalten,,1,-72.883968875,-49.333764771,Argentina,auto,Matched source country polygon
2031,"Thu, 19 Mar 2026 23:04:00 GMT",El Chalten Refugio Hostel,hostel,1,-72.889649794,-49.333680291,Argentina,auto,Matched source country polygon
2032,"Fri, 20 Mar 2026 23:00:00 GMT",El Chalten Exit,,1,-72.883151695,-49.335000496,Argentina,auto,Matched source country polygon
2033,"Fri, 20 Mar 2026 23:02:00 GMT",Gobernador Gregores,,1,-70.270928665,-48.751700627,Argentina,auto,Matched source country polygon
2034,"Fri, 20 Mar 2026 23:03:00 GMT",Gobernador Gregores Balneario,camping,1,-70.271214768,-48.751830313,Argentina,auto,Matched source country polygon
2035,"Sat, 21 Mar 2026 23:00:00 GMT",Gobernador Gregores Exit,,1,-70.266029166,-48.74575123,Argentina,auto,Matched source country polygon
2036,"Sat, 21 Mar 2026 23:02:00 GMT",Perito Moreno,camping,1,-70.930188959,-46.596849122,Argentina,auto,Matched source country polygon
2037,"Sun, 22 Mar 2026 23:00:00 GMT",Perito Moreno Exit,,1,-70.946575905,-46.583574229,Argentina,auto,Matched source country polygon
2038,"Sun, 22 Mar 2026 23:01:00 GMT",Los Antiguos,,1,-71.654435705,-46.559607028,Argentina,auto,Matched source country polygon
2039,"Sun, 22 Mar 2026 23:03:00 GMT",Chile Chico border,,1,-71.671217392,-46.564197875,Argentina,auto,Matched source country polygon
2040,"Sun, 22 Mar 2026 23:03:00 GMT",Chile Chico,,1,-71.716278505,-46.542021372,Chile,auto,Matched source country polygon
2041,"Sun, 22 Mar 2026 23:04:00 GMT",Chile Chico,,1,-71.732421828,-46.536205982,Chile,auto,Matched source country polygon
2042,"Sun, 22 Mar 2026 23:05:00 GMT",Puerto Ibanez,,1,-71.92651005,-46.295181821,Chile,auto,Matched source country polygon
2043,"Sun, 22 Mar 2026 23:06:00 GMT",El Blanco,camping,1,-71.923565109,-45.806716354,Chile,auto,Matched source country polygon
2044,"Mon, 23 Mar 2026 23:00:00 GMT",Coyhaique,,1,-72.075455019,-45.583226861,Chile,auto,Matched source country polygon
2045,"Mon, 23 Mar 2026 23:01:00 GMT",Coyhaique Exit,,1,-72.068474124,-45.554901466,Chile,auto,Matched source country polygon
2046,"Mon, 23 Mar 2026 23:03:00 GMT",Some km more,,1,-72.071231432,-45.539518873,Chile,auto,Matched source country polygon
2047,"Mon, 23 Mar 2026 23:05:00 GMT",Cruze,,1,-72.108796663,-45.508723189,Chile,auto,Matched source country polygon
2048,"Mon, 23 Mar 2026 23:06:00 GMT",Cruze por Aysen,,1,-72.49122263,-45.397664271,Chile,auto,Matched source country polygon
2049,"Mon, 23 Mar 2026 23:07:00 GMT",Cruze por Puerto Cisnes,,1,-72.426935368,-44.655854687,Chile,auto,Matched source country polygon
2050,"Mon, 23 Mar 2026 23:08:00 GMT",Puyuhuapi,,1,-72.56122822,-44.325072604,Chile,auto,Matched source country polygon
2051,"Mon, 23 Mar 2026 23:09:00 GMT",Hostal Juanita,hostel,1,-72.559545581,-44.323964157,Chile,auto,Matched source country polygon
2052,"Tue, 24 Mar 2026 23:00:00 GMT",Puyuhuapi Exit,,1,-72.556039039,-44.312390408,Chile,auto,Matched source country polygon
2053,"Tue, 24 Mar 2026 23:01:00 GMT",La Junta,,1,-72.397084189,-43.962631209,Chile,auto,Matched source country polygon
2054,"Tue, 24 Mar 2026 23:02:00 GMT",Chaiten,,1,-72.711238802,-42.918091158,Chile,auto,Matched source country polygon
2055,"Tue, 24 Mar 2026 23:04:00 GMT",Chaiten Beach,camping,1,-72.71968955,-42.921573685,Chile,auto,Matched source country polygon
2056,"Wed, 25 Mar 2026 23:00:00 GMT",Chaiten Exit,,1,-72.712456522,-42.913286402,Chile,auto,Matched source country polygon
2057,"Wed, 25 Mar 2026 23:01:00 GMT",Hot springs,,1,-72.575542273,-42.688156142,Chile,auto,Matched source country polygon
2058,"Wed, 25 Mar 2026 23:02:00 GMT",Caleta Gonzalo,,1,-72.604524405,-42.559603208,Chile,auto,Matched source country polygon
2059,"Wed, 25 Mar 2026 23:04:00 GMT",Fjordo Largo,,1,-72.523400088,-42.545466517,Chile,auto,Matched source country polygon
2060,"Wed, 25 Mar 2026 23:04:00 GMT",Leptepu,,1,-72.436310563,-42.488529097,Chile,auto,Matched source country polygon
2061,"Wed, 25 Mar 2026 23:06:00 GMT",Hornopiren,,1,-72.471973209,-41.971063016,Chile,manual,Chilean lake/coastal island points not covered by source polygons
2062,"Wed, 25 Mar 2026 23:07:00 GMT","Hornopiren, River",camping,1,-72.460701674,-41.96088692,Chile,auto,Matched source country polygon
2063,"Thu, 26 Mar 2026 23:00:00 GMT",Hornopiren,,1,-72.475748958,-41.96778491,Chile,manual,Chilean lake/coastal island points not covered by source polygons
2064,"Thu, 26 Mar 2026 23:01:00 GMT",Puelche,,1,-72.647485438,-41.739397157,Chile,auto,Matched source country polygon
2065,"Thu, 26 Mar 2026 23:02:00 GMT",Caleta Arena,,1,-72.641877829,-41.691936155,Chile,manual,Chilean lake/coastal island points not covered by source polygons
2066,"Thu, 26 Mar 2026 23:04:00 GMT",Puerto Montt,,1,-72.939588819,-41.472161459,Chile,auto,Matched source country polygon
2067,"Thu, 26 Mar 2026 23:05:00 GMT",Home Gabito,friends,1,-72.987236604,-41.480313671,Chile,auto,Matched source country polygon
2068,"Fri, 03 Apr 2026 22:00:00 GMT",Gabos family,friends,1,-73.076032823,-40.305609254,Chile,auto,Matched source country polygon
2069,"Sat, 04 Apr 2026 22:00:00 GMT",Fundo Caulle,,1,-72.183465191,-40.652293449,Chile,auto,Matched source country polygon
2070,"Sat, 04 Apr 2026 22:02:00 GMT",Refugio Puyehue,hostel,1,-72.142080493,-40.615015158,Chile,auto,Matched source country polygon
2071,"Sun, 05 Apr 2026 22:00:00 GMT",Volcan Puyehue,,1,-72.118561156,-40.593136193,Chile,auto,Matched source country polygon
2072,"Sun, 05 Apr 2026 22:01:00 GMT",Fundo Caulle,,1,-72.183105834,-40.652323244,Chile,auto,Matched source country polygon
2073,"Sun, 05 Apr 2026 22:03:00 GMT",Home Gabito,friends,1,-72.987236604,-41.480313671,Chile,auto,Matched source country polygon
2074,"Mon, 06 Apr 2026 22:00:00 GMT",Puerto Montt,,1,-72.989249792,-41.470016021,Chile,auto,Matched source country polygon
2075,"Mon, 06 Apr 2026 22:01:00 GMT",Gas station,,1,-73.059248297,-41.507742779,Chile,auto,Matched source country polygon
2076,"Mon, 06 Apr 2026 22:03:00 GMT",Pargua,,1,-73.459061949,-41.792825606,Chile,auto,Matched source country polygon
2077,"Mon, 06 Apr 2026 22:04:00 GMT",Ferry Pargua,,1,-73.475612965,-41.799265795,Chile,auto,Matched source country polygon
2078,"Mon, 06 Apr 2026 22:05:00 GMT",Chacao,,1,-73.512255532,-41.830957411,Chile,manual,Chilean lake/coastal island points not covered by source polygons
2079,"Mon, 06 Apr 2026 22:06:00 GMT",Mocopulli,,1,-73.741416206,-42.36907374,Chile,auto,Matched source country polygon
2080,"Mon, 06 Apr 2026 22:08:00 GMT",Castro,,1,-73.766067487,-42.467244017,Chile,manual,Chilean lake/coastal island points not covered by source polygons
2081,"Mon, 06 Apr 2026 22:09:00 GMT",Llaullao,,1,-73.768392068,-42.430837029,Chile,auto,Matched source country polygon
2082,"Mon, 06 Apr 2026 22:10:00 GMT",Dalcahue,,1,-73.655453181,-42.381683802,Chile,manual,Chilean lake/coastal island points not covered by source polygons
2083,"Mon, 06 Apr 2026 22:11:00 GMT",Isla Quinchao,,1,-73.65558908,-42.388245425,Chile,manual,Chilean lake/coastal island points not covered by source polygons
2084,"Mon, 06 Apr 2026 22:12:00 GMT",Chequian,,1,-73.394779975,-42.585088481,Chile,manual,Chilean lake/coastal island points not covered by source polygons
2085,"Mon, 06 Apr 2026 22:13:00 GMT",Chequian,camping,1,-73.401378209,-42.584956824,Chile,manual,Chilean lake/coastal island points not covered by source polygons
2086,"Tue, 07 Apr 2026 22:00:00 GMT",Chequian,,1,-73.404747064,-42.576585562,Chile,manual,Chilean lake/coastal island points not covered by source polygons
2087,"Tue, 07 Apr 2026 22:01:00 GMT",Achao,,1,-73.493767813,-42.471908648,Chile,auto,Matched source country polygon
2088,"Tue, 07 Apr 2026 22:02:00 GMT",Ferry,,1,-73.655601582,-42.388285052,Chile,manual,Chilean lake/coastal island points not covered by source polygons
2089,"Tue, 07 Apr 2026 22:03:00 GMT",Dalcahue,,1,-73.655512175,-42.381654751,Chile,manual,Chilean lake/coastal island points not covered by source polygons
2090,"Tue, 07 Apr 2026 22:04:00 GMT",Castro,,1,-73.762897102,-42.478303226,Chile,auto,Matched source country polygon
2091,"Tue, 07 Apr 2026 22:06:00 GMT",Hostel Castro,hostel,1,-73.760602918,-42.478801406,Chile,auto,Matched source country polygon
2092,"Thu, 09 Apr 2026 22:00:00 GMT",Castro,,1,-73.76606926,-42.467302049,Chile,manual,Chilean lake/coastal island points not covered by source polygons
2093,"Thu, 09 Apr 2026 22:02:00 GMT",Puerto Montt,,1,-72.969996556,-41.468857742,Chile,auto,Matched source country polygon
2094,"Thu, 09 Apr 2026 22:04:00 GMT",Home Gabito,friends,1,-72.987236604,-41.480313671,Chile,auto,Matched source country polygon
2095,"Sun, 12 Apr 2026 22:00:00 GMT",Terminal Puerto Montt,,1,-72.94960164,-41.477089018,Chile,auto,Matched source country polygon
2096,"Sun, 12 Apr 2026 22:01:00 GMT",Terminal Santiago,nightbusNighttrain,1,-70.700394259,-33.45694029,Chile,auto,Matched source country polygon
2097,"Mon, 13 Apr 2026 22:00:00 GMT",Home Javis Family,friends,1,-70.629998368,-33.444418676,Chile,auto,Matched source country polygon
2098,"Thu, 16 Apr 2026 22:00:00 GMT",Santiago Estacion Central,,1,-70.679020191,-33.450862787,Chile,auto,Matched source country polygon
2099,"Thu, 16 Apr 2026 22:01:00 GMT",La Serena,nightbusNighttrain,1,-71.250529191,-29.910117856,Chile,auto,Matched source country polygon
2100,"Fri, 17 Apr 2026 22:00:00 GMT",La Serena,,1,-71.242071289,-29.908804243,Chile,auto,Matched source country polygon
2101,"Fri, 17 Apr 2026 22:01:00 GMT",La Serena Aeropuerto,,1,-71.210628655,-29.915146622,Chile,auto,Matched source country polygon
2102,"Fri, 17 Apr 2026 22:02:00 GMT",La Serena Copec,,1,-71.195461657,-29.92064163,Chile,auto,Matched source country polygon
2103,"Fri, 17 Apr 2026 22:03:00 GMT",Vicuna,,1,-70.702509214,-30.035092047,Chile,auto,Matched source country polygon
2104,"Fri, 17 Apr 2026 22:05:00 GMT",Paiguano,,1,-70.51599734,-30.029815484,Chile,auto,Matched source country polygon
2105,"Fri, 17 Apr 2026 22:06:00 GMT",Pisco Elqui,,1,-70.493004539,-30.12206144,Chile,auto,Matched source country polygon
2106,"Fri, 17 Apr 2026 22:07:00 GMT",Pisco Elqui Camping Andino,campingPaid,1,-70.488169409,-30.122702918,Chile,auto,Matched source country polygon
2107,"Tue, 21 Apr 2026 22:00:00 GMT",Pisco Elqui,,1,-70.4939451,-30.119526423,Chile,auto,Matched source country polygon
2108,"Tue, 21 Apr 2026 22:01:00 GMT",Vicuna,,1,-70.7121589,-30.033532428,Chile,auto,Matched source country polygon
2109,"Tue, 21 Apr 2026 22:05:00 GMT",Diaguitas,,1,-70.637364682,-30.027655436,Chile,auto,Matched source country polygon
2110,"Tue, 21 Apr 2026 22:06:00 GMT",Diaguitas,camping,1,-70.636009273,-30.026163013,Chile,auto,Matched source country polygon
2111,"Wed, 22 Apr 2026 22:00:00 GMT",Vicuna,,1,-70.702861745,-30.036507185,Chile,auto,Matched source country polygon
2112,"Wed, 22 Apr 2026 22:01:00 GMT",La Serena,,1,-71.245840986,-29.902994705,Chile,auto,Matched source country polygon
2113,"Wed, 22 Apr 2026 22:02:00 GMT",La Serena Gas station,,1,-71.257073243,-29.907908519,Chile,auto,Matched source country polygon
2114,"Wed, 22 Apr 2026 22:04:00 GMT",Copec La Serena,,1,-71.260469606,-29.837373926,Chile,auto,Matched source country polygon
2115,"Wed, 22 Apr 2026 22:05:00 GMT",Copiapo,,1,-70.297202105,-27.403370273,Chile,auto,Matched source country polygon
2116,"Wed, 22 Apr 2026 22:06:00 GMT",Copec Copiapo,,1,-70.366578273,-27.341276942,Chile,auto,Matched source country polygon
2117,"Wed, 22 Apr 2026 22:07:00 GMT",Copec,camping,1,-70.365595949,-27.341456993,Chile,auto,Matched source country polygon
2118,"Thu, 23 Apr 2026 22:00:00 GMT",Caldera,,1,-70.821608178,-27.067625723,Chile,auto,Matched source country polygon
2119,"Thu, 23 Apr 2026 22:03:00 GMT",House Pipe,couchsurfing,1,-70.82717462,-27.068903593,Chile,auto,Matched source country polygon
2120,"Sat, 25 Apr 2026 22:00:00 GMT",Caldera Salida,,1,-70.7945546,-27.041275182,Chile,auto,Matched source country polygon
2121,"Sat, 25 Apr 2026 22:01:00 GMT",Outside of Antofagasta,,1,-70.317097089,-23.782197336,Chile,auto,Matched source country polygon
2122,"Sat, 25 Apr 2026 22:03:00 GMT",Calama,,1,-68.903090794,-22.441074366,Chile,auto,Matched source country polygon
2123,"Sat, 25 Apr 2026 22:05:00 GMT",Calama,hostel,1,-68.925586462,-22.463759569,Chile,auto,Matched source country polygon
2124,"Sun, 26 Apr 2026 22:00:00 GMT",Calama Salida,,1,-68.890383659,-22.441143835,Chile,auto,Matched source country polygon
2125,"Sun, 26 Apr 2026 22:01:00 GMT",Calama Salida 2,,1,-68.874111334,-22.438041685,Chile,auto,Matched source country polygon
2126,"Sun, 26 Apr 2026 22:02:00 GMT",ChiuChiu,,1,-68.649176442,-22.334727618,Chile,auto,Matched source country polygon
2127,"Sun, 26 Apr 2026 22:03:00 GMT",Uyuni,,1,-66.825168631,-20.46403083,Bolivia,auto,Matched source country polygon
2128,"Sun, 26 Apr 2026 22:04:00 GMT",Uyuni Plaza,hostel,1,-66.823534773,-20.462967182,Bolivia,auto,Matched source country polygon
2129,"Wed, 29 Apr 2026 22:00:00 GMT",La Paz,nightbusNighttrain,1,-68.140734135,-16.487969639,Bolivia,auto,Matched source country polygon
2130,"Thu, 30 Apr 2026 22:00:00 GMT",La Paz Hostel,hostel,1,-68.127929945,-16.49749899,Bolivia,auto,Matched source country polygon
2131,"Sun, 03 May 2026 22:00:00 GMT",Lake Titicaca,camping,1,-68.87934681,-16.209271248,Bolivia,auto,Matched source country polygon
2132,"Mon, 04 May 2026 22:00:00 GMT",Lake Titicaca 2,camping,1,-69.125695185,-16.200339768,Bolivia,auto,Matched source country polygon
2133,"Tue, 05 May 2026 22:00:00 GMT",Close to the border,,1,-69.095189513,-16.185274768,Bolivia,auto,Matched source country polygon
2134,"Tue, 05 May 2026 22:01:00 GMT",Closer to the border,,1,-69.080630483,-16.210319518,Bolivia,auto,Matched source country polygon
2135,"Tue, 05 May 2026 22:03:00 GMT",Border Peru,,1,-69.095168056,-16.224500975,Bolivia,auto,Matched source country polygon
2136,"Tue, 05 May 2026 22:04:00 GMT",Yunguyo,,1,-69.092256964,-16.244170806,Peru,auto,Matched source country polygon
2137,"Tue, 05 May 2026 22:06:00 GMT",Salida de Yunguyo,,1,-69.099012555,-16.248648906,Peru,auto,Matched source country polygon
2138,"Tue, 05 May 2026 22:07:00 GMT",Cachacacha,,1,-69.260764081,-16.320641589,Peru,auto,Matched source country polygon
2139,"Tue, 05 May 2026 22:08:00 GMT",Santa Lucia,,1,-70.603168562,-15.693037817,Peru,auto,Matched source country polygon
2140,"Tue, 05 May 2026 22:09:00 GMT",Santa Lucia Hotel,hostel,1,-70.602321878,-15.694524745,Peru,auto,Matched source country polygon
2141,"Wed, 06 May 2026 22:00:00 GMT",Arequipa,,1,-71.549645077,-16.417427207,Peru,auto,Matched source country polygon
2142,"Wed, 06 May 2026 22:01:00 GMT",Arequipa Hostal,hostel,1,-71.539829978,-16.397451431,Peru,auto,Matched source country polygon
2143,"Fri, 08 May 2026 22:00:00 GMT",Uchumayo,,1,-71.673100874,-16.425940816,Peru,auto,Matched source country polygon
2144,"Fri, 08 May 2026 22:01:00 GMT",El Pedregal,,1,-72.160284913,-16.365608473,Peru,auto,Matched source country polygon
2145,"Fri, 08 May 2026 22:02:00 GMT",Peaje Camana,,1,-72.625789488,-16.64667067,Peru,auto,Matched source country polygon
2146,"Fri, 08 May 2026 22:04:00 GMT",Chala,,1,-74.247256446,-15.862750882,Peru,auto,Matched source country polygon
2147,"Fri, 08 May 2026 22:06:00 GMT",Chala,camping,1,-74.247730303,-15.863279795,Peru,auto,Matched source country polygon
2148,"Sat, 09 May 2026 22:00:00 GMT",Pucusana,,1,-76.75368689,-12.45513234,Peru,auto,Matched source country polygon
2149,"Sat, 09 May 2026 22:01:00 GMT",Lima Plaza Grau,,1,-77.036284638,-12.060136863,Peru,auto,Matched source country polygon
2150,"Sat, 09 May 2026 22:03:00 GMT",Lima Hostal,hostel,1,-77.044493987,-12.079366332,Peru,auto,Matched source country polygon
2151,"Mon, 11 May 2026 22:00:00 GMT",Airport Lima,,1,-77.107397738,-12.023275416,Peru,auto,Matched source country polygon
2152,"Mon, 11 May 2026 22:02:00 GMT",Airport Mexico City,nightbusNighttrain,1,-99.078539001,19.423529152,Mexico,auto,Matched source country polygon
2153,"Tue, 12 May 2026 22:00:00 GMT",Airport Calgary,nightbusNighttrain,1,-114.009529785,51.13015278,Canada,auto,Matched source country polygon
2154,"Wed, 13 May 2026 22:00:00 GMT",Calgary Downtown,,1,-114.067765922,51.046545283,Canada,auto,Matched source country polygon
2155,"Wed, 13 May 2026 22:01:00 GMT",Gas station Calgary,,1,-114.474928849,51.087384597,Canada,auto,Matched source country polygon
2156,"Wed, 13 May 2026 22:03:00 GMT",Kicking Horse River,,1,-116.653801665,51.232244366,Canada,auto,Matched source country polygon
2157,"Wed, 13 May 2026 22:04:00 GMT",Kicking Horse River,camping,1,-116.654338106,51.234114178,Canada,auto,Matched source country polygon
2158,"Thu, 14 May 2026 22:00:00 GMT",Highway 1,,1,-116.658993959,51.242841176,Canada,auto,Matched source country polygon
2159,"Thu, 14 May 2026 22:01:00 GMT",Golden,,1,-116.974019427,51.318588134,Canada,auto,Matched source country polygon
2160,"Thu, 14 May 2026 22:02:00 GMT",Revelstoke,,1,-118.216218119,51.009417021,Canada,auto,Matched source country polygon
2161,"Thu, 14 May 2026 22:03:00 GMT",Revelstoke Exit,,1,-118.226589328,51.003273654,Canada,auto,Matched source country polygon
2162,"Thu, 14 May 2026 22:04:00 GMT",Sicamous,,1,-118.978265973,50.837275774,Canada,auto,Matched source country polygon
2163,"Thu, 14 May 2026 22:05:00 GMT",Kelowna,,1,-119.477028156,49.88298542,Canada,auto,Matched source country polygon
2164,"Thu, 14 May 2026 22:06:00 GMT",Jonathan's home,friends,1,-119.701779426,49.622803532,Canada,auto,Matched source country polygon
2166,"Fri, 22 May 2026 06:00:00 GMT",Naramata Crown Land,camping,1,-119.557152637,49.595194861,Canada,auto,Matched source country polygon
2167,"Sat, 23 May 2026 06:00:00 GMT",Jonathans Home,camping,1,-119.702562188,49.623209626,Canada,auto,Matched source country polygon
2168,"Wed, 27 May 2026 06:00:00 GMT",Osoyoos,house,1,-119.445584517,49.031720652,Canada,auto,Matched source country polygon
2169,"Thu, 28 May 2026 06:00:00 GMT",Jonathans Home,friends,1,-119.702150921,49.622975517,Canada,auto,Matched source country polygon
2170,"Fri, 29 May 2026 06:00:00 GMT",Kelowna Airport,,1,-119.382040935,49.952310371,Canada,auto,Matched source country polygon
2171,"Fri, 29 May 2026 06:01:00 GMT",Calgary Airport,,1,-114.010498505,51.133045858,Canada,auto,Matched source country polygon
2172,"Fri, 29 May 2026 06:02:00 GMT",House of Esther and Randy,friends,1,-114.14010994,51.065050871,Canada,auto,Matched source country polygon
2173,"Sat, 30 May 2026 06:00:00 GMT",Calgary Airporr,,1,-114.010816717,51.132046308,Canada,auto,Matched source country polygon
2174,"Sat, 30 May 2026 06:01:00 GMT",Barcelona Airport,nightbusNighttrain,1,2.077353018,41.30346776,Spain,auto,Matched source country polygon
2175,"Sat, 30 May 2026 22:00:00 GMT",St Christopher Hostel,hostel,1,2.167667491,41.386277342,Spain,auto,Matched source country polygon
2176,"Tue, 02 Jun 2026 22:00:00 GMT",Sant Andreu de la Barca,,1,1.975762162,41.445449423,Spain,auto,Matched source country polygon
2177,"Tue, 02 Jun 2026 22:01:00 GMT",Gorg de la Mola,camping,1,1.975601003,41.440369024,Spain,auto,Matched source country polygon
2178,"Wed, 03 Jun 2026 22:00:00 GMT",Samt Andreu de la Barca,,1,1.975430694,41.445566902,Spain,auto,Matched source country polygon
2179,"Wed, 03 Jun 2026 22:01:00 GMT",Castellbisal,,1,1.967438535,41.473426476,Spain,auto,Matched source country polygon
2180,"Wed, 03 Jun 2026 22:02:00 GMT",Rest Area Porta Barcelona,,1,1.978573138,41.464715602,Spain,auto,Matched source country polygon
2181,"Wed, 03 Jun 2026 22:03:00 GMT",Rest Area Jonquera,,1,2.874099324,42.406099194,Spain,auto,Matched source country polygon
2182,"Wed, 03 Jun 2026 22:04:00 GMT",Rest area Narbonne,,1,3.093108996,43.215347554,France,auto,Matched source country polygon
2184,"Wed, 03 Jun 2026 22:05:00 GMT",Aire d'autoroute Ambrussum,,1,4.133744564,43.713486249,France,auto,Matched source country polygon
2185,"Wed, 03 Jun 2026 22:06:00 GMT",Aire d'autoroute Mornas,,1,4.7224134,44.216723444,France,auto,Matched source country polygon
2186,"Wed, 03 Jun 2026 22:07:00 GMT",Aire d'autoroute Montelimar,,1,4.781649825,44.513528313,France,auto,Matched source country polygon
2187,"Wed, 03 Jun 2026 22:08:00 GMT",Aire d'autoroute Montelimar,camping,1,4.779474235,44.511889712,France,auto,Matched source country polygon
2188,"Thu, 04 Jun 2026 22:00:00 GMT",Aire d'autoroute  Valence,,1,4.866351626,44.866385362,France,auto,Matched source country polygon
2189,"Thu, 04 Jun 2026 22:01:00 GMT",Aire d'autoroute Romagnieu,,1,5.63164066,45.577443902,France,auto,Matched source country polygon
2190,"Thu, 04 Jun 2026 22:02:00 GMT",Aire d'autoroute near Rolle,,1,6.29828845,46.445520484,Switzerland,auto,Matched source country polygon
2191,"Thu, 04 Jun 2026 22:03:00 GMT",Düdingen,,1,7.177787391,46.861407632,Switzerland,auto,Matched source country polygon
2192,"Thu, 04 Jun 2026 22:04:00 GMT",Schiffenensee,camping,1,7.17675594,46.858907881,Switzerland,auto,Matched source country polygon
2193,"Fri, 05 Jun 2026 22:00:00 GMT",Düdingen,,1,7.18365235,46.855119013,Switzerland,auto,Matched source country polygon
2194,"Fri, 05 Jun 2026 22:01:00 GMT",Fribourg,,1,7.148504116,46.824997517,Switzerland,auto,Matched source country polygon
2195,"Fri, 05 Jun 2026 22:02:00 GMT",Raststätte Grauholz,,1,7.477286852,46.989542524,Switzerland,auto,Matched source country polygon
2196,"Fri, 05 Jun 2026 22:03:00 GMT",Raststätte Kölliken,,1,8.021815336,47.323407371,Switzerland,auto,Matched source country polygon
2197,"Fri, 05 Jun 2026 22:04:00 GMT",Urdorf,,1,8.418046581,47.393000797,Switzerland,auto,Matched source country polygon
2198,"Fri, 05 Jun 2026 22:05:00 GMT",Garden house parents,friends,1,8.465023374,47.393785747,Switzerland,auto,Matched source country polygon
2199,"Mon, 08 Jun 2026 22:00:00 GMT",Home Lola and Raul,friends,1,6.786276061,51.246733973,Germany,auto,Matched source country polygon
2200,"Wed, 10 Jun 2026 22:00:00 GMT",Zurich main station,nightbusNighttrain,1,8.540544892,47.378079379,Switzerland,auto,Matched source country polygon
2202,"Thu, 11 Jun 2026 22:01:30 GMT",Garden house,,1,8.465023488,47.393785543,Switzerland,auto,Matched source country polygon
2203,"Thu, 11 Jun 2026 22:02:00 GMT",Highway entry Urdorf,,1,8.424448371,47.396805027,Switzerland,auto,Matched source country polygon
2204,"Thu, 11 Jun 2026 22:03:00 GMT",Rest area Affoltern,,1,8.438035069,47.27115656,Switzerland,auto,Matched source country polygon
2205,"Thu, 11 Jun 2026 22:04:00 GMT",Luzern,,1,8.303914291,47.047915033,Switzerland,auto,Matched source country polygon
2206,"Thu, 11 Jun 2026 22:05:00 GMT",Dallenwil,,1,8.392055333,46.933817657,Switzerland,auto,Matched source country polygon
2207,"Thu, 11 Jun 2026 22:06:00 GMT",Musenalp,,1,8.443368673,46.929015178,Switzerland,auto,Matched source country polygon
2208,"Thu, 11 Jun 2026 22:07:00 GMT",Musenalp,camping,1,8.442435265,46.934418394,Switzerland,auto,Matched source country polygon
2209,"Fri, 12 Jun 2026 22:00:00 GMT",Niederrickenbach,,1,8.427255087,46.929715727,Switzerland,auto,Matched source country polygon
2210,"Fri, 12 Jun 2026 22:01:00 GMT",Dallenwil,,1,8.392055333,46.933817657,Switzerland,auto,Matched source country polygon
2211,"Fri, 12 Jun 2026 22:02:00 GMT",Luzern,,1,8.30372093,47.048406997,Switzerland,auto,Matched source country polygon
2212,"Fri, 12 Jun 2026 22:03:00 GMT",Rest area St. Katharinen,,1,8.37493963,47.118740698,Switzerland,auto,Matched source country polygon
2213,"Fri, 12 Jun 2026 22:04:00 GMT",Highway entry Urdorf,,1,8.424448371,47.396804119,Switzerland,auto,Matched source country polygon
2214,"Fri, 12 Jun 2026 22:05:00 GMT",Garden house,friends,1,8.465045616,47.393768067,Switzerland,auto,Matched source country polygon
2215,"Fri, 30 Aug 2024 22:00:00 GMT",Bogata bus terminal,,1,-74.117685638,4.657358882,Colombia,auto,Matched source country polygon
2216,"Wed, 13 Dec 2023 23:00:30 GMT",Adeje,,1,-16.742863655,28.127823829,Spain,auto,Matched source country polygon
2217,"Sun, 07 Jun 2026 22:00:00 GMT",Düsseldorf main station,nightbusNighttrain,1,6.787415743,51.224000447,Germany,auto,Matched source country polygon
2218,"Thu, 25 Jun 2026 22:00:00 GMT",Bahnhof Altstetten,,1,8.48799165,47.391139433,Switzerland,auto,Matched source country polygon
2219,"Thu, 25 Jun 2026 22:01:00 GMT",Bahnhof Hardbrücke,,1,8.517751599,47.385737387,Switzerland,auto,Matched source country polygon
2220,"Thu, 25 Jun 2026 22:02:00 GMT",Rosengarten,,1,8.524613295,47.392920038,Switzerland,auto,Matched source country polygon
2221,"Thu, 25 Jun 2026 22:03:00 GMT",Rest Area Kempthal,,1,8.700927356,47.449597662,Switzerland,auto,Matched source country polygon
2222,"Thu, 25 Jun 2026 22:04:00 GMT",Rest Area Thurau,,1,9.093451102,47.459943119,Switzerland,auto,Matched source country polygon
2223,"Thu, 25 Jun 2026 22:05:00 GMT",Rorschach,,1,9.485187396,47.479849703,Switzerland,auto,Matched source country polygon
2224,"Thu, 25 Jun 2026 22:06:00 GMT",Altenrhein,,1,9.576984347,47.47991032,Switzerland,auto,Matched source country polygon
2225,"Thu, 25 Jun 2026 22:07:00 GMT",Höchst,,1,9.639193953,47.455241593,Switzerland,auto,Matched source country polygon
2226,"Thu, 25 Jun 2026 22:08:00 GMT",Bregenz,,1,9.739321634,47.50197109,Austria,auto,Matched source country polygon
2227,"Thu, 25 Jun 2026 22:09:00 GMT",Lindau,,1,9.702548076,47.552922677,Germany,auto,Matched source country polygon
2228,"Thu, 25 Jun 2026 22:10:00 GMT",Lindau Border,,1,9.734182622,47.537869011,Austria,auto,Matched source country polygon
2229,"Thu, 25 Jun 2026 22:11:00 GMT",Bregenz Beach,camping,1,9.737200477,47.531398625,Austria,auto,Matched source country polygon
2230,"Fri, 26 Jun 2026 22:00:00 GMT",Lindau,,1,9.731357183,47.539765362,Austria,auto,Matched source country polygon
2231,"Fri, 26 Jun 2026 22:01:00 GMT",Got a short ride to where Jonis sister will pick us up,,1,9.7288541,47.548119555,Austria,auto,Matched source country polygon
2232,"Fri, 26 Jun 2026 22:02:00 GMT",Jonis parents home,,1,10.165019107,47.792810858,Germany,auto,Matched source country polygon
2233,"Fri, 26 Jun 2026 22:03:00 GMT",Kimratshofen,,1,10.159361505,47.796639437,Germany,auto,Matched source country polygon
2234,"Fri, 26 Jun 2026 22:04:00 GMT",Krugzell,,1,10.279422959,47.797056292,Germany,auto,Matched source country polygon
2235,"Fri, 26 Jun 2026 22:05:00 GMT",Iller River,camping,1,10.28506881,47.79850508,Germany,auto,Matched source country polygon
2236,"Sat, 27 Jun 2026 22:00:00 GMT",Kimratshofen,,1,10.15936017,47.796639936,Germany,auto,Matched source country polygon
2237,"Sat, 27 Jun 2026 22:01:00 GMT",Leutkirch,,1,10.021569614,47.823982188,Germany,auto,Matched source country polygon
2238,"Sat, 27 Jun 2026 22:02:00 GMT",Wangen im Allgäu,,1,9.808720395,47.707195172,Germany,auto,Matched source country polygon
2239,"Sat, 27 Jun 2026 22:03:00 GMT",Lindau,,1,9.702547789,47.552921793,Germany,auto,Matched source country polygon
2240,"Sat, 27 Jun 2026 22:04:00 GMT",St Margrethen,,1,9.63745119,47.45500211,Switzerland,auto,Matched source country polygon
2241,"Sat, 27 Jun 2026 22:05:00 GMT",Rheineck,,1,9.590404548,47.466997982,Switzerland,auto,Matched source country polygon
2242,"Sat, 27 Jun 2026 22:06:00 GMT",Altenrhein,,1,9.578768113,47.479502368,Switzerland,auto,Matched source country polygon
2243,"Sat, 27 Jun 2026 22:07:00 GMT",Rest area Thurau,,1,9.093594605,47.460652574,Switzerland,auto,Matched source country polygon
2244,"Sat, 27 Jun 2026 22:08:00 GMT",Lindenplatz,,1,8.486860446,47.38971305,Switzerland,auto,Matched source country polygon
2245,"Sat, 27 Jun 2026 22:09:00 GMT",Parents garden house,friends,1,8.465022147,47.393786451,Switzerland,auto,Matched source country polygon
2246,"Thu, 02 Jul 2026 22:00:00 GMT",Europabrücke,,1,8.487129722,47.394881214,Switzerland,auto,Matched source country polygon
2247,"Thu, 02 Jul 2026 22:01:00 GMT",Rest area Würenlos,,1,8.347546398,47.439104523,Switzerland,auto,Matched source country polygon
2248,"Thu, 02 Jul 2026 22:02:00 GMT",Oftringen,,1,7.893838316,47.310866923,Switzerland,auto,Matched source country polygon
2250,"Thu, 02 Jul 2026 22:03:00 GMT",Murgenthal,,1,7.828233801,47.264392685,Switzerland,auto,Matched source country polygon
2251,"Thu, 02 Jul 2026 22:04:00 GMT",Bützberg,,1,7.743865775,47.214298112,Switzerland,auto,Matched source country polygon
2252,"Thu, 02 Jul 2026 22:05:00 GMT",Bürach,,1,7.72481532,47.223297398,Switzerland,auto,Matched source country polygon
2253,"Thu, 02 Jul 2026 22:06:00 GMT",Aare river,,1,7.719986724,47.225596377,Switzerland,auto,Matched source country polygon
2254,"Thu, 02 Jul 2026 22:07:00 GMT",Bürach,,1,7.724815607,47.223298887,Switzerland,auto,Matched source country polygon
2255,"Thu, 02 Jul 2026 22:08:00 GMT",Bützberg,,1,7.743864655,47.214299403,Switzerland,auto,Matched source country polygon
2256,"Thu, 02 Jul 2026 22:09:00 GMT",Langenthal,,1,7.790934071,47.212170333,Switzerland,auto,Matched source country polygon
2257,"Thu, 02 Jul 2026 22:10:00 GMT",Reiden,,1,7.955038909,47.244783919,Switzerland,auto,Matched source country polygon
2258,"Thu, 02 Jul 2026 22:11:00 GMT",Dagmarsellen,,1,7.981189487,47.207866191,Switzerland,auto,Matched source country polygon
2259,"Thu, 02 Jul 2026 22:12:00 GMT",Dagmarsellen,,1,7.990257293,47.21218931,Switzerland,auto,Matched source country polygon
2260,"Thu, 02 Jul 2026 22:13:00 GMT",Sursee,,1,8.110695714,47.179624515,Switzerland,auto,Matched source country polygon
2261,"Thu, 02 Jul 2026 22:14:00 GMT",Luzern Pilatusplatz,,1,8.304284356,47.048011572,Switzerland,auto,Matched source country polygon
2262,"Thu, 02 Jul 2026 22:15:00 GMT",Luzern Casino,,1,8.318382185,47.055227786,Switzerland,auto,Matched source country polygon
2263,"Thu, 02 Jul 2026 22:16:00 GMT",Luzern Verkehrshaus,,1,8.335757713,47.053940831,Switzerland,auto,Matched source country polygon
2264,"Thu, 02 Jul 2026 22:17:00 GMT",Meggen,,1,8.359986057,47.041808724,Switzerland,auto,Matched source country polygon
2265,"Thu, 02 Jul 2026 22:18:00 GMT",Arth,,1,8.522158128,47.064272663,Switzerland,auto,Matched source country polygon
2266,"Thu, 02 Jul 2026 22:19:00 GMT",Walchwil,,1,8.497627922,47.117974287,Switzerland,auto,Matched source country polygon
2267,"Thu, 02 Jul 2026 22:20:00 GMT",Zigeunerplätzli,camping,1,8.497667873,47.117639903,Switzerland,auto,Matched source country polygon
2268,"Fri, 03 Jul 2026 22:00:00 GMT",Zug,,1,8.510715416,47.172327828,Switzerland,auto,Matched source country polygon
2269,"Fri, 03 Jul 2026 22:01:00 GMT",Cham Alpenblick,,1,8.473275424,47.18411535,Switzerland,auto,Matched source country polygon
2270,"Fri, 03 Jul 2026 22:02:00 GMT",Hünenberg,,1,8.450102891,47.173466659,Switzerland,auto,Matched source country polygon
2271,"Fri, 03 Jul 2026 22:03:00 GMT",Heiligkreuz,,1,8.447747561,47.190482203,Switzerland,auto,Matched source country polygon
2272,"Fri, 03 Jul 2026 22:04:00 GMT",Baar,,1,8.513406308,47.192755742,Switzerland,auto,Matched source country polygon
2273,"Fri, 03 Jul 2026 22:05:00 GMT",Sihlbrugg,,1,8.576694063,47.218574055,Switzerland,auto,Matched source country polygon
2274,"Fri, 03 Jul 2026 22:06:00 GMT",Oberleimbach,,1,8.520667236,47.31961525,Switzerland,auto,Matched source country polygon
2275,"Fri, 03 Jul 2026 22:07:00 GMT",Zürich Bürkliplatz,,1,8.540474119,47.366350374,Switzerland,auto,Matched source country polygon
2276,"Fri, 03 Jul 2026 22:08:00 GMT",Mülligen,,1,8.466728032,47.395947134,Switzerland,auto,Matched source country polygon
2277,"Fri, 03 Jul 2026 22:09:00 GMT",Garden house,friends,1,8.465046287,47.393768294,Switzerland,auto,Matched source country polygon
2278,"Thu, 30 Jul 2026 22:00:00 GMT",Mülligen,,1,8.466583818,47.396130806,Switzerland,auto,Matched source country polygon
2279,"Thu, 30 Jul 2026 22:01:00 GMT",Rosengarten,,1,8.524612784,47.392920337,Switzerland,auto,Matched source country polygon
2280,"Thu, 30 Jul 2026 22:02:00 GMT",Raststätte Thurau Süd,,1,9.093450978,47.459943012,Switzerland,auto,Matched source country polygon
2281,"Thu, 30 Jul 2026 22:03:00 GMT",Höchst,,1,9.642086069,47.430333151,Switzerland,auto,Matched source country polygon
2282,"Thu, 30 Jul 2026 22:04:00 GMT",Lustenau,,1,9.649750517,47.431782802,Switzerland,auto,Matched source country polygon
2283,"Thu, 30 Jul 2026 22:05:00 GMT",Immenstadt,,1,10.186197434,47.569279784,Germany,auto,Matched source country polygon
2284,"Thu, 30 Jul 2026 22:06:00 GMT",Grosser Alpsee,camping,1,10.185425889,47.569754369,Germany,auto,Matched source country polygon
2285,"Fri, 31 Jul 2026 22:00:00 GMT",Bühl,,1,10.190184682,47.568272957,Germany,auto,Matched source country polygon
2286,"Fri, 31 Jul 2026 22:01:00 GMT",Kempten outskirts,,1,10.329317158,47.681237986,Germany,auto,Matched source country polygon
2287,"Fri, 31 Jul 2026 22:02:00 GMT",Kempten,,1,10.315738393,47.71974331,Germany,auto,Matched source country polygon
2288,"Fri, 31 Jul 2026 22:03:00 GMT",Jonis new home,,1,10.312892652,47.72067911,Germany,auto,Matched source country polygon
2289,"Fri, 31 Jul 2026 22:04:00 GMT",Günzach,,1,10.4397191,47.819525707,Germany,auto,Matched source country polygon
2290,"Fri, 31 Jul 2026 22:05:00 GMT",Rudwarz,,1,10.444036111,47.828479526,Germany,auto,Matched source country polygon
2291,"Fri, 31 Jul 2026 22:06:00 GMT",Günzach,,1,10.439718068,47.819525108,Germany,auto,Matched source country polygon
2292,"Fri, 31 Jul 2026 22:07:00 GMT",Kaufbeuren,,1,10.628937956,47.875387859,Germany,auto,Matched source country polygon
2293,"Fri, 31 Jul 2026 22:08:00 GMT",Kaufbeuren highway entry,,1,10.641939119,47.899783234,Germany,auto,Matched source country polygon
2294,"Fri, 31 Jul 2026 22:09:00 GMT",Bichlbach,airbnb,1,10.791691537,47.420104684,Austria,auto,Matched source country polygon
2295,"Fri, 07 Aug 2026 22:00:00 GMT",Garden house,camping,1,8.465023488,47.393785543,Switzerland,auto,Matched source country polygon
2296,"Sat, 08 Aug 2026 22:00:00 GMT",Schlieren Mülligen,,1,8.466583863,47.396130742,Switzerland,auto,Matched source country polygon
2297,"Sat, 08 Aug 2026 22:01:00 GMT",Killwangen,,1,8.354007573,47.433491051,Switzerland,auto,Matched source country polygon
2298,"Sat, 08 Aug 2026 22:02:00 GMT",Raststätte Würenlos,,1,8.347546756,47.439104085,Switzerland,auto,Matched source country polygon
2299,"Sat, 08 Aug 2026 22:03:00 GMT",Raststätte Deitingen,,1,7.621421564,47.228535779,Switzerland,auto,Matched source country polygon
2300,"Sat, 08 Aug 2026 22:04:00 GMT",Gampelen,,1,7.04164182,47.020399839,Switzerland,auto,Matched source country polygon
2301,"Sat, 08 Aug 2026 22:05:00 GMT",Ins,,1,7.067634427,46.991424225,Switzerland,auto,Matched source country polygon
2302,"Sat, 08 Aug 2026 22:06:00 GMT",Le Landeron,,1,7.068772709,47.058104788,Switzerland,auto,Matched source country polygon
2303,"Sat, 08 Aug 2026 22:07:00 GMT",Neuchatel,,1,6.949087743,46.996930212,Switzerland,auto,Matched source country polygon
2304,"Sat, 08 Aug 2026 22:08:00 GMT",Yverdon,,1,6.643997283,46.763526967,Switzerland,auto,Matched source country polygon
2305,"Sat, 08 Aug 2026 22:09:00 GMT",Alleman,,1,6.399101615,46.478217898,Switzerland,auto,Matched source country polygon
2306,"Sat, 08 Aug 2026 22:10:00 GMT",Aire d'autoroute,,1,6.297917967,46.44644149,Switzerland,auto,Matched source country polygon
2307,"Sat, 08 Aug 2026 22:11:00 GMT",Annecy,,1,6.117217097,45.938885071,France,auto,Matched source country polygon
2308,"Sat, 08 Aug 2026 22:12:00 GMT",Aire d'autoroute Drumettaz,,1,5.925927266,45.671387802,France,auto,Matched source country polygon
2309,"Sat, 08 Aug 2026 22:13:00 GMT",Grenoble,,1,5.690183253,45.145400461,France,auto,Matched source country polygon
2310,"Sat, 08 Aug 2026 22:14:00 GMT","Grenoble, River Drac",camping,1,5.688795812,45.145566073,France,auto,Matched source country polygon
2311,"Sun, 09 Aug 2026 22:00:00 GMT",Grenoble,,1,5.68915921,45.135835988,France,auto,Matched source country polygon
2312,"Sun, 09 Aug 2026 22:01:00 GMT",Cafe,,1,5.677365969,44.724129111,France,auto,Matched source country polygon
2313,"Sun, 09 Aug 2026 22:02:00 GMT",Serres,,1,5.717118735,44.429177486,France,auto,Matched source country polygon
2314,"Sun, 09 Aug 2026 22:03:00 GMT","Sisteron, Peage",,1,5.916058453,44.223021542,France,auto,Matched source country polygon
2315,"Sun, 09 Aug 2026 22:04:00 GMT",Peage Aix en Provence,,1,5.502551483,43.66128496,France,auto,Matched source country polygon
2316,"Sun, 09 Aug 2026 22:05:00 GMT",Saint Paul,,1,5.734679257,43.702386065,France,auto,Matched source country polygon
2317,"Sun, 09 Aug 2026 22:06:00 GMT",Rians,,1,5.750975848,43.60612963,France,auto,Matched source country polygon
2318,"Sun, 09 Aug 2026 22:07:00 GMT",Saint Maximin la Sainte Baume,,1,5.854169972,43.457223406,France,auto,Matched source country polygon
2319,"Sun, 09 Aug 2026 22:08:00 GMT",Tourves,,1,5.938509814,43.405245201,France,auto,Matched source country polygon
2320,"Sun, 09 Aug 2026 22:09:00 GMT",Meunes,,1,5.988517023,43.303628737,France,auto,Matched source country polygon
2321,"Sun, 09 Aug 2026 22:10:00 GMT",Neoules,friends,1,6.010567128,43.305210527,France,auto,Matched source country polygon
2322,"Thu, 13 Aug 2026 22:01:00 GMT",Peage Aix-en-Provence,,1,5.539159316,43.483802823,France,auto,Matched source country polygon
2323,"Thu, 13 Aug 2026 22:00:00 GMT",La Ciotat,,1,5.610685529,43.174079357,France,auto,Matched source country polygon
2324,"Thu, 13 Aug 2026 22:02:00 GMT",Serres,,1,5.714977919,44.442701293,France,auto,Matched source country polygon
2325,"Thu, 13 Aug 2026 22:03:00 GMT","Serres, Riverside",camping,1,5.713483855,44.442053261,France,auto,Matched source country polygon
2326,"Fri, 14 Aug 2026 22:00:00 GMT",Serres gas station,,1,5.713198908,44.436440248,France,auto,Matched source country polygon
2327,"Fri, 14 Aug 2026 22:01:00 GMT",Peage Annecy,,1,6.127541106,45.991465333,France,auto,Matched source country polygon
2328,"Fri, 14 Aug 2026 22:02:00 GMT",Geneva airport,,1,6.109635314,46.230851732,Switzerland,auto,Matched source country polygon
2329,"Fri, 14 Aug 2026 22:03:00 GMT",Geneva center,,1,6.141893608,46.210580661,Switzerland,auto,Matched source country polygon
2330,"Fri, 14 Aug 2026 22:04:00 GMT",Geneva,camping,1,6.11952185,46.210639162,Switzerland,auto,Matched source country polygon
2331,"Sat, 15 Aug 2026 22:00:00 GMT","Geneva, gas station",,1,6.149276399,46.237714772,Switzerland,auto,Matched source country polygon
2332,"Sat, 15 Aug 2026 22:01:00 GMT",Aire d'autoroute near Rolle,,1,6.298172199,46.445269241,Switzerland,auto,Matched source country polygon
2333,"Sat, 15 Aug 2026 22:01:00 GMT",Aire d'autoroute near Rolle,,1,6.298172199,46.445269241,Switzerland,auto,Matched source country polygon
2334,"Sat, 15 Aug 2026 22:02:00 GMT",Raststätte Deitingen,,1,7.616624508,47.226118948,Switzerland,auto,Matched source country polygon
2335,"Sat, 15 Aug 2026 22:03:00 GMT",Rastplatz Büsisee,,1,8.510553286,47.429337177,Switzerland,auto,Matched source country polygon
2336,"Sat, 15 Aug 2026 22:04:00 GMT",Garden house,camping,1,8.465044945,47.393768294,Switzerland,auto,Matched source country polygon
2337,"Sat, 05 Sep 2026 22:00:00 GMT",Raststätte Würenlos,,1,8.347277194,47.439159417,Switzerland,auto,Matched source country polygon
2338,"Sat, 05 Sep 2026 22:01:00 GMT",Rest stop Gruyere,,1,7.087208234,46.682786312,Switzerland,auto,Matched source country polygon
2339,"Sat, 05 Sep 2026 22:02:00 GMT",Lac de Gruyere,camping,1,7.0894901,46.679062014,Switzerland,auto,Matched source country polygon
2340,"Sun, 06 Sep 2026 22:00:00 GMT",Rest stop Gruyere,,1,7.0852103,46.681756468,Switzerland,auto,Matched source country polygon
2341,"Sun, 06 Sep 2026 22:01:00 GMT",Rest area before Lausanne,,1,6.710289231,46.50552337,Switzerland,auto,Matched source country polygon
2342,"Sun, 06 Sep 2026 22:02:00 GMT",Alleman,,1,6.398847558,46.478235779,Switzerland,auto,Matched source country polygon
2343,"Sun, 06 Sep 2026 22:03:00 GMT",Aire d'autoroute Rolle,,1,6.297352484,46.44640276,Switzerland,auto,Matched source country polygon
2344,"Sun, 06 Sep 2026 22:04:00 GMT",Perly,,1,6.093070103,46.154072195,Switzerland,auto,Matched source country polygon
2345,"Sun, 06 Sep 2026 22:05:00 GMT",Border Switzerland-France,,1,6.095343758,46.147262288,Switzerland,auto,Matched source country polygon
2346,"Sun, 06 Sep 2026 22:06:00 GMT",La Tour-du-Pin,,1,5.428887554,45.561806603,France,auto,Matched source country polygon
2347,"Sun, 06 Sep 2026 22:07:00 GMT",Doissin,,1,5.425983389,45.511003129,France,auto,Matched source country polygon
2348,"Sun, 06 Sep 2026 22:08:00 GMT",Montrevel,,1,5.399481333,45.485078326,France,auto,Matched source country polygon
2349,"Sun, 06 Sep 2026 22:09:00 GMT",Rive highway entrance,,1,5.471720977,45.385586539,France,auto,Matched source country polygon
2350,"Sun, 06 Sep 2026 22:10:00 GMT",Peage Grenoble,,1,5.621153055,45.282957984,France,auto,Matched source country polygon
2352,"Sun, 06 Sep 2026 22:11:00 GMT",Valence highway entrance,,1,4.88008751,44.905078255,France,auto,Matched source country polygon
2353,"Sun, 06 Sep 2026 22:12:00 GMT",Rest area Montelimar,,1,4.780773457,44.515303975,France,auto,Matched source country polygon
2354,"Sun, 06 Sep 2026 22:13:00 GMT",Rest area Montelimar,camping,1,4.782618289,44.517945671,France,auto,Matched source country polygon
2355,"Mon, 07 Sep 2026 22:00:00 GMT",Rest area Mornas,,1,4.73452232,44.195000432,France,auto,Matched source country polygon
2356,"Mon, 07 Sep 2026 22:01:00 GMT",Small rest area,,1,4.764159991,44.048924774,France,auto,Matched source country polygon
2357,"Mon, 07 Sep 2026 22:02:00 GMT",Aire d'autoroute Fabregues,,1,3.794408047,43.546982488,France,auto,Matched source country polygon
2359,"Mon, 07 Sep 2026 22:03:00 GMT",Aire d'autoroute La Palme,,1,2.970106833,42.950699453,France,auto,Matched source country polygon
2360,"Mon, 07 Sep 2026 22:04:00 GMT",La Jonquera,,1,2.871733126,42.406024631,Spain,auto,Matched source country polygon
2361,"Mon, 07 Sep 2026 22:05:00 GMT",Rest area Girona Sud,,1,2.771344024,41.905738765,Spain,auto,Matched source country polygon
2362,"Mon, 07 Sep 2026 22:06:00 GMT",Rest area Girona Sud,camping,1,2.771759044,41.904487404,Spain,auto,Matched source country polygon
2363,"Tue, 08 Sep 2026 22:00:00 GMT",Barcelona,,1,2.166635463,41.390922671,Spain,auto,Matched source country polygon
2364,"Tue, 08 Sep 2026 22:01:00 GMT",Molins de Rei,,1,2.023546383,41.407833473,Spain,auto,Matched source country polygon
2365,"Tue, 08 Sep 2026 22:02:00 GMT",Molins de Rei - Motocross area,camping,1,2.024876028,41.421078321,Spain,auto,Matched source country polygon
2366,"Wed, 09 Sep 2026 22:00:00 GMT",Molins de Rei,,1,2.023544312,41.407832547,Spain,auto,Matched source country polygon
2367,"Wed, 09 Sep 2026 22:01:00 GMT",Castellbisal,,1,1.967438534,41.47342648,Spain,auto,Matched source country polygon
2368,"Wed, 09 Sep 2026 22:02:00 GMT",Rest area Porta de Barcelona,,1,1.977453291,41.468124925,Spain,auto,Matched source country polygon
2369,"Wed, 09 Sep 2026 22:03:00 GMT",Rest area Penedes,,1,1.591509534,41.289726805,Spain,auto,Matched source country polygon
2370,"Wed, 09 Sep 2026 22:04:00 GMT",Rest Area Penedes,camping,1,1.592119644,41.290819087,Spain,auto,Matched source country polygon
2371,"Thu, 10 Sep 2026 22:00:00 GMT",Torrejon de Ardoz,,1,-3.479535697,40.455834577,Spain,auto,Matched source country polygon
2372,"Thu, 10 Sep 2026 22:01:00 GMT",Lago,,1,-3.734975485,40.416456347,Spain,auto,Matched source country polygon
2373,"Thu, 10 Sep 2026 22:02:00 GMT",Park Casa del Campo,camping,1,-3.739296297,40.424727622,Spain,auto,Matched source country polygon
2374,"Fri, 11 Sep 2026 22:00:00 GMT",Moncloa,,1,-3.719575731,40.434692742,Spain,auto,Matched source country polygon
2375,"Fri, 11 Sep 2026 22:01:00 GMT",Zamora,,1,-5.73916273,41.513881282,Spain,auto,Matched source country polygon
2376,"Fri, 11 Sep 2026 22:02:00 GMT",Zamora salida,,1,-5.755227063,41.521001058,Spain,auto,Matched source country polygon
2377,"Fri, 11 Sep 2026 22:03:00 GMT",La Ecomienda,,1,-5.809386399,41.702562505,Spain,auto,Matched source country polygon
2378,"Fri, 11 Sep 2026 22:04:00 GMT",Rio Negro,,1,-6.263801238,42.011057511,Spain,auto,Matched source country polygon
2379,"Fri, 11 Sep 2026 22:05:00 GMT",Rio Negro,camping,1,-6.223443629,42.005335513,Spain,auto,Matched source country polygon
2380,"Sat, 12 Sep 2026 22:00:00 GMT",Entrepeñas,camping,1,-6.476069184,42.029327569,Spain,auto,Matched source country polygon
2381,"Sun, 13 Sep 2026 22:00:00 GMT",Puebla de Sanabria,,1,-6.648548971,42.061117519,Spain,auto,Matched source country polygon
2382,"Sun, 13 Sep 2026 22:01:00 GMT",Requejo de Sanabria,camping,1,-6.744114553,42.027481846,Spain,auto,Matched source country polygon
2383,"Mon, 14 Sep 2026 22:00:00 GMT",Sanabria,,1,-6.648208785,42.061229652,Spain,auto,Matched source country polygon
2384,"Mon, 14 Sep 2026 22:01:00 GMT",Padernelo,,1,-6.836359413,42.033600469,Spain,auto,Matched source country polygon
2385,"Mon, 14 Sep 2026 22:02:00 GMT",Lubian,camping,1,-6.921814708,42.031305638,Spain,auto,Matched source country polygon
2386,"Tue, 15 Sep 2026 22:00:00 GMT",A Gudina,hostel,1,-7.14089887,42.060525065,Spain,auto,Matched source country polygon
2387,"Wed, 16 Sep 2026 22:00:00 GMT",As Ferreiras,,1,-7.286176466,41.98284452,Spain,auto,Matched source country polygon
2388,"Wed, 16 Sep 2026 22:01:00 GMT",Verin entrads,,1,-7.398824322,41.937751938,Spain,auto,Matched source country polygon
2389,"Wed, 16 Sep 2026 22:02:00 GMT",Verin,hostel,1,-7.44295454,41.940696086,Spain,auto,Matched source country polygon
2390,"Thu, 17 Sep 2026 22:00:00 GMT",Vila del Rei,hostel,1,-7.596081301,42.014762217,Spain,auto,Matched source country polygon
2391,"Fri, 18 Sep 2026 22:00:00 GMT",Xinzo de Limia,camping,1,-7.744233625,42.094286136,Spain,auto,Matched source country polygon
2392,"Sat, 19 Sep 2026 22:00:00 GMT",Highway entrance,,1,-7.714731784,42.078454605,Spain,auto,Matched source country polygon
2393,"Sat, 19 Sep 2026 22:01:00 GMT",Pinar las rosas,,1,-3.882651526,40.52197289,Spain,auto,Matched source country polygon
2394,"Sat, 19 Sep 2026 22:02:00 GMT",Lago,,1,-3.734975383,40.416456147,Spain,auto,Matched source country polygon
2396,"Sat, 19 Sep 2026 22:03:00 GMT",Park Casa del Campo,camping,1,-3.738585696,40.424732487,Spain,auto,Matched source country polygon
2397,"Mon, 21 Sep 2026 22:00:00 GMT",Lago,,1,-3.734975383,40.416456147,Spain,auto,Matched source country polygon
2398,"Mon, 21 Sep 2026 22:01:00 GMT",San Fernando,,1,-3.533558808,40.442846423,Spain,auto,Matched source country polygon
2399,"Mon, 21 Sep 2026 22:02:00 GMT",Highway entrance,,1,-3.532660507,40.445852859,Spain,auto,Matched source country polygon
2400,"Mon, 21 Sep 2026 22:03:00 GMT",Gas station,,1,-3.522327946,40.449057491,Spain,auto,Matched source country polygon
2401,"Mon, 21 Sep 2026 22:04:00 GMT",Rest area outside of Madrid,,1,-3.269918455,40.54804855,Spain,auto,Matched source country polygon
2402,"Mon, 21 Sep 2026 22:05:00 GMT",Garray,,1,-2.451244473,41.811060489,Spain,auto,Matched source country polygon
2403,"Mon, 21 Sep 2026 22:06:00 GMT",Garray Presa,camping,1,-2.452064236,41.814425617,Spain,auto,Matched source country polygon
2404,"Tue, 22 Sep 2026 22:00:00 GMT",Garray,,1,-2.44307866,41.818166098,Spain,auto,Matched source country polygon
2405,"Tue, 22 Sep 2026 22:01:00 GMT",Villar del Rio,,1,-2.349704481,42.07511334,Spain,auto,Matched source country polygon
2406,"Tue, 22 Sep 2026 22:02:00 GMT",Yanguas,,1,-2.337471679,42.101553171,Spain,auto,Matched source country polygon
2407,"Tue, 22 Sep 2026 22:03:00 GMT",Termas de Arnedillo,,1,-2.241013131,42.208709914,Spain,auto,Matched source country polygon
2408,"Tue, 22 Sep 2026 22:04:00 GMT",Arnadillo,camping,1,-2.237500588,42.210594094,Spain,auto,Matched source country polygon
2409,"Wed, 23 Sep 2026 22:00:00 GMT",Arnedillo,,1,-2.234161884,42.213716205,Spain,auto,Matched source country polygon
2410,"Wed, 23 Sep 2026 22:01:00 GMT",Logrono,,1,-2.437494505,42.468579902,Spain,auto,Matched source country polygon
2411,"Wed, 23 Sep 2026 22:02:00 GMT",Bilal,,1,-2.419993676,42.46476993,Spain,auto,Matched source country polygon
2412,"Wed, 23 Sep 2026 22:03:00 GMT",Park Iregua,camping,1,-2.413524595,42.465153182,Spain,auto,Matched source country polygon
2413,"Thu, 24 Sep 2026 22:00:00 GMT",Guilhermes home,house,1,-2.430793597,42.46584237,Spain,auto,Matched source country polygon
2414,"Fri, 25 Sep 2026 22:00:00 GMT",Logrono,,1,-2.4280646,42.45494588,Spain,auto,Matched source country polygon
2415,"Fri, 25 Sep 2026 22:01:00 GMT",Pamplona entrada,,1,-1.678209161,42.795925323,Spain,auto,Matched source country polygon
2416,"Fri, 25 Sep 2026 22:02:00 GMT",Outside of Pamplona,hostel,1,-1.690944815,42.792285972,Spain,auto,Matched source country polygon
2417,"Sat, 26 Sep 2026 22:00:00 GMT",Noain,,1,-1.631899402,42.754432494,Spain,auto,Matched source country polygon
2418,"Fri, 25 Sep 2026 22:01:30 GMT",Pamplona,,1,-1.634294369,42.813599503,Spain,auto,Matched source country polygon
2419,"Sat, 26 Sep 2026 22:01:00 GMT",Rest area,,1,-1.623994685,42.756600079,Spain,auto,Matched source country polygon
2420,"Sat, 26 Sep 2026 22:02:00 GMT",Tiermas,,1,-1.107522999,42.613793901,Spain,auto,Matched source country polygon
2421,"Sat, 26 Sep 2026 22:03:00 GMT",Hot springs,camping,1,-1.10654077,42.612338872,Spain,auto,Matched source country polygon
2422,"Sun, 27 Sep 2026 22:00:00 GMT",Highway entrance in the middle of nowhere,,1,-1.000264908,42.613539054,Spain,auto,Matched source country polygon
2423,"Sun, 27 Sep 2026 22:01:00 GMT",Jaca,,1,-0.562563165,42.565303851,Spain,auto,Matched source country polygon
2424,"Sun, 27 Sep 2026 22:02:00 GMT",Java salida,,1,-0.544469564,42.580771366,Spain,auto,Matched source country polygon
2425,"Sun, 27 Sep 2026 22:03:00 GMT",Villanua,,1,-0.538121183,42.677515662,Spain,auto,Matched source country polygon
2426,"Sun, 27 Sep 2026 22:04:00 GMT",Aire d'autoroute Pyrenees,,1,-0.079047069,43.230937309,France,auto,Matched source country polygon
2427,"Sun, 27 Sep 2026 22:05:00 GMT",Aire d'autoroute Pyrenees,camping,1,-0.081213204,43.229879575,France,auto,Matched source country polygon
2428,"Mon, 28 Sep 2026 22:00:00 GMT",Peage Toulouse,,1,1.426763535,43.656012011,France,auto,Matched source country polygon
2429,"Mon, 28 Sep 2026 22:01:00 GMT","Montauban, Decathlon",,1,1.333389073,43.984884569,France,auto,Matched source country polygon
2430,"Mon, 28 Sep 2026 22:02:00 GMT",Montauban,,1,1.336808687,43.977743406,France,auto,Matched source country polygon
2431,"Mon, 28 Sep 2026 22:03:00 GMT",Montauban,,1,1.394599797,44.04544725,France,auto,Matched source country polygon
2432,"Mon, 28 Sep 2026 22:04:00 GMT",Peage Montauban,,1,1.411353079,44.052329536,France,auto,Matched source country polygon
2433,"Mon, 28 Sep 2026 22:05:00 GMT",Cahors Sud,,1,1.492887018,44.342993038,France,auto,Matched source country polygon
2434,"Mon, 28 Sep 2026 22:06:00 GMT",Cahors Nord,,1,1.427665904,44.470454628,France,auto,Matched source country polygon
2435,"Mon, 28 Sep 2026 22:07:00 GMT",Intersection,,1,1.332563801,44.520312808,France,auto,Matched source country polygon
2436,"Mon, 28 Sep 2026 22:08:00 GMT",Castelfranc,,1,1.222776554,44.500872906,France,auto,Matched source country polygon
2437,"Mon, 28 Sep 2026 22:09:00 GMT",Albas beach,,1,1.236947398,44.474157152,France,auto,Matched source country polygon
2438,"Mon, 28 Sep 2026 22:10:00 GMT",Albas beach,camping,1,1.234725703,44.475982933,France,auto,Matched source country polygon
